{
  "Nafion interface": {
    "best": 8.256916094777461,
    "index": 15,
    "integer": false,
    "label": "Nafion interface",
    "mean": 8.271946691154161,
    "median": 8.275448201060762,
    "p68": [
      8.074650595853715,
      8.468738269602234
    ],
    "p68_range": [
      8.074650595853715,
      8.468738269602234
    ],
    "p95": [
      7.894347609841205,
      8.642807455086228
    ],
    "p95_range": [
      7.894347609841205,
      8.642807455086228
    ],
    "std": 0.1938296507280621
  },
  "Nafion rho": {
    "best": 3.787203827207649,
    "index": 16,
    "integer": false,
    "label": "Nafion rho",
    "mean": 3.7873542939220117,
    "median": 3.7873380186799546,
    "p68": [
      3.778887216950592,
      3.795990598397254
    ],
    "p68_range": [
      3.778887216950592,
      3.795990598397254
    ],
    "p95": [
      3.7714119664933734,
      3.803505402705129
    ],
    "p95_range": [
      3.7714119664933734,
      3.803505402705129
    ],
    "std": 0.008350516192555387
  },
  "Nafion thickness": {
    "best": 271.48098142542074,
    "index": 17,
    "integer": false,
    "label": "Nafion thickness",
    "mean": 271.49406817144734,
    "median": 271.4910769473206,
    "p68": [
      271.3198009547915,
      271.6713025475113
    ],
    "p68_range": [
      271.3198009547915,
      271.6713025475113
    ],
    "p95": [
      271.15057827783335,
      271.84175424934693
    ],
    "p95_range": [
      271.15057827783335,
      271.84175424934693
    ],
    "std": 0.1756376758881557
  },
  "Permalloy interface": {
    "best": 6.653940423654413,
    "index": 9,
    "integer": false,
    "label": "Permalloy interface",
    "mean": 6.614007194665823,
    "median": 6.6204410125518605,
    "p68": [
      6.332252273592183,
      6.896088745577224
    ],
    "p68_range": [
      6.332252273592183,
      6.896088745577224
    ],
    "p95": [
      6.03816730849749,
      7.140755241852417
    ],
    "p95_range": [
      6.03816730849749,
      7.140755241852417
    ],
    "std": 0.28159320965808143
  },
  "Permalloy rho": {
    "best": 9.034116248480737,
    "index": 11,
    "integer": false,
    "label": "Permalloy rho",
    "mean": 9.03564395059313,
    "median": 9.03523754375979,
    "p68": [
      9.022251732173485,
      9.049427520767138
    ],
    "p68_range": [
      9.022251732173485,
      9.049427520767138
    ],
    "p95": [
      9.010244920380906,
      9.06216459965469
    ],
    "p95_range": [
      9.010244920380906,
      9.06216459965469
    ],
    "std": 0.013425085354477808
  },
  "Permalloy rhoM": {
    "best": 1.888273680815246,
    "index": 10,
    "integer": false,
    "label": "Permalloy rhoM",
    "mean": 1.8888159026590734,
    "median": 1.888827571660139,
    "p68": [
      1.8787155876153128,
      1.899283401873971
    ],
    "p68_range": [
      1.8787155876153128,
      1.899283401873971
    ],
    "p95": [
      1.8683344029002371,
      1.909138586708141
    ],
    "p95_range": [
      1.8683344029002371,
      1.909138586708141
    ],
    "std": 0.010389493493162125
  },
  "Permalloy thickness": {
    "best": 109.30149883415758,
    "index": 12,
    "integer": false,
    "label": "Permalloy thickness",
    "mean": 109.28849188490742,
    "median": 109.28726345413945,
    "p68": [
      109.14184111670389,
      109.4337921917156
    ],
    "p68_range": [
      109.14184111670389,
      109.4337921917156
    ],
    "p95": [
      109.01051051066828,
      109.56554035202458
    ],
    "p95_range": [
      109.01051051066828,
      109.56554035202458
    ],
    "std": 0.1436283309439274
  },
  "Platinum rho": {
    "best": 6.512584911125748,
    "index": 13,
    "integer": false,
    "label": "Platinum rho",
    "mean": 6.514013332317605,
    "median": 6.514082880410314,
    "p68": [
      6.497252344939327,
      6.5307776093998156
    ],
    "p68_range": [
      6.497252344939327,
      6.5307776093998156
    ],
    "p95": [
      6.4817779708417325,
      6.5461355511000505
    ],
    "p95_range": [
      6.4817779708417325,
      6.5461355511000505
    ],
    "std": 0.016481233609696753
  },
  "Platinum thickness": {
    "best": 53.10724804787448,
    "index": 14,
    "integer": false,
    "label": "Platinum thickness",
    "mean": 53.106863869466224,
    "median": 53.10464590283178,
    "p68": [
      52.951102056566576,
      53.26376551069305
    ],
    "p68_range": [
      52.951102056566576,
      53.26376551069305
    ],
    "p95": [
      52.80705316995861,
      53.41396062818176
    ],
    "p95_range": [
      52.80705316995861,
      53.41396062818176
    ],
    "std": 0.15647552663602782
  },
  "Platinum:Water(W/T)": {
    "best": 0.5273036176060555,
    "index": 18,
    "integer": false,
    "label": "Platinum:Water(W/T)",
    "mean": 0.5175781775026992,
    "median": 0.5215058542876329,
    "p68": [
      0.49342311999488836,
      0.5409368409427537
    ],
    "p68_range": [
      0.49342311999488836,
      0.5409368409427537
    ],
    "p95": [
      0.46751405808143326,
      0.5484277054058488
    ],
    "p95_range": [
      0.46751405808143326,
      0.5484277054058488
    ],
    "std": 0.022312065848055375
  },
  "SiOx interface": {
    "best": 6.5992629034746475,
    "index": 6,
    "integer": false,
    "label": "SiOx interface",
    "mean": 6.638724123126596,
    "median": 6.634027168467968,
    "p68": [
      6.477339854668298,
      6.807640729096213
    ],
    "p68_range": [
      6.477339854668298,
      6.807640729096213
    ],
    "p95": [
      6.3447601335728345,
      6.955108396672792
    ],
    "p95_range": [
      6.3447601335728345,
      6.955108396672792
    ],
    "std": 0.1585890745009078
  },
  "SiOx rho": {
    "best": 0.7687650330251976,
    "index": 7,
    "integer": false,
    "label": "SiOx rho",
    "mean": 0.7690089706362716,
    "median": 0.7661284042477904,
    "p68": [
      0.7288446805272635,
      0.8078134328513701
    ],
    "p68_range": [
      0.7288446805272635,
      0.8078134328513701
    ],
    "p95": [
      0.7057962912730162,
      0.8495110379180948
    ],
    "p95_range": [
      0.7057962912730162,
      0.8495110379180948
    ],
    "std": 0.03813534754868124
  },
  "SiOx thickness": {
    "best": 44.99994931462231,
    "index": 8,
    "integer": false,
    "label": "SiOx thickness",
    "mean": 44.805491851053866,
    "median": 44.85791430493791,
    "p68": [
      44.646004655336675,
      44.962817281353686
    ],
    "p68_range": [
      44.646004655336675,
      44.962817281353686
    ],
    "p95": [
      44.313867653234276,
      44.99488281751068
    ],
    "p95_range": [
      44.313867653234276,
      44.99488281751068
    ],
    "std": 0.1816036728690998
  },
  "Silicon interface": {
    "best": 49.99999993129954,
    "index": 5,
    "integer": false,
    "label": "Silicon interface",
    "mean": 49.666836272341854,
    "median": 49.76751564828622,
    "p68": [
      49.39327201407335,
      49.938637767169595
    ],
    "p68_range": [
      49.39327201407335,
      49.938637767169595
    ],
    "p95": [
      48.728945278180696,
      49.99190673648077
    ],
    "p95_range": [
      48.728945278180696,
      49.99190673648077
    ],
    "std": 0.3279457067451467
  },
  "Water:Nafion(W/T)": {
    "best": 0.0011858523251474103,
    "index": 19,
    "integer": false,
    "label": "Water:Nafion(W/T)",
    "mean": 0.026482926780423813,
    "median": 0.02252665251511408,
    "p68": [
      0.007087842588423443,
      0.0468785808102677
    ],
    "p68_range": [
      0.007087842588423443,
      0.0468785808102677
    ],