{
  "Interfacial thickness": {
    "best": 83.82802292175721,
    "index": 18,
    "integer": false,
    "label": "Interfacial thickness",
    "mean": 83.93856653900566,
    "median": 83.86786216936234,
    "p68": [
      83.5601725766879,
      84.31624429742877
    ],
    "p68_range": [
      83.5601725766879,
      84.31624429742877
    ],
    "p95": [
      83.20264721445659,
      85.09401837139421
    ],
    "p95_range": [
      83.20264721445659,
      85.09401837139421
    ],
    "std": 0.4576225263407592
  },
  "Interfacial z[0]": {
    "best": 0.035385787604807116,
    "index": 19,
    "integer": false,
    "label": "Interfacial z[0]",
    "mean": 0.03539541289232218,
    "median": 0.03530493300316432,
    "p68": [
      0.03382286276248483,
      0.037031046592901046
    ],
    "p68_range": [
      0.03382286276248483,
      0.037031046592901046
    ],
    "p95": [
      0.03146013385313646,
      0.04046894345363518
    ],
    "p95_range": [
      0.03146013385313646,
      0.04046894345363518
    ],
    "std": 0.002008471005864899
  },
  "Interfacial z[1]": {
    "best": 0.04114633705496354,
    "index": 20,
    "integer": false,
    "label": "Interfacial z[1]",
    "mean": 0.04024133618042331,
    "median": 0.041027731107249936,
    "p68": [
      0.037334351092110675,
      0.042536797777560316
    ],
    "p68_range": [
      0.037334351092110675,
      0.042536797777560316
    ],
    "p95": [
      0.03207548415596397,
      0.045427640780599333
    ],
    "p95_range": [
      0.03207548415596397,
      0.045427640780599333
    ],
    "std": 0.003203181028292899
  },
  "Interfacial z[2]": {
    "best": 0.8545399188769088,
    "index": 21,
    "integer": false,
    "label": "Interfacial z[2]",
    "mean": 0.8560210776517083,
    "median": 0.854990227940917,
    "p68": [
      0.8423761203326693,
      0.8702429655513834
    ],
    "p68_range": [
      0.8423761203326693,
      0.8702429655513834
    ],
    "p95": [
      0.8185635677351397,
      0.8964848428191147
    ],
    "p95_range": [
      0.8185635677351397,
      0.8964848428191147
    ],
    "std": 0.017793239187771075
  },
  "Interfacial z[3]": {
    "best": 0.9614927102334713,
    "index": 22,
    "integer": false,
    "label": "Interfacial z[3]",
    "mean": 0.9590462755069908,
    "median": 0.9614557538657323,
    "p68": [
      0.9443450118077713,
      0.9761909538931619
    ],
    "p68_range": [
      0.9443450118077713,
      0.9761909538931619
    ],
    "p95": [
      0.9047463273510856,
      0.9953784948083365
    ],
    "p95_range": [
      0.9047463273510856,
      0.9953784948083365
    ],
    "std": 0.021185121411729693
  },
  "Interfacial z[4]": {
    "best": 0.8906610589429106,
    "index": 23,
    "integer": false,
    "label": "Interfacial z[4]",
    "mean": 0.8922229073873589,
    "median": 0.8906701679634881,
    "p68": [
      0.8837425896427598,
      0.9019806305873206
    ],
    "p68_range": [
      0.8837425896427598,
      0.9019806305873206
    ],
    "p95": [
      0.8659838152327001,
      0.9246708049509731
    ],
    "p95_range": [
      0.8659838152327001,
      0.9246708049509731
    ],
    "std": 0.012803333658518089
  },
  "Interfacial z[5]": {
    "best": 0.999869168003278,
    "index": 24,
    "integer": false,
    "label": "Interfacial z[5]",
    "mean": 0.9981142310486785,
    "median": 0.999048903459498,
    "p68": [
      0.9963642252094996,
      0.9998182051075916
    ],
    "p68_range": [
      0.9963642252094996,
      0.9998182051075916
    ],
    "p95": [
      0.9908125625729423,
      0.9999756262454275
    ],
    "p95_range": [
      0.9908125625729423,
      0.9999756262454275
    ],
    "std": 0.0024036257532429723
  },
  "Nafion interface": {
    "best": 7.245028059634162,
    "index": 25,
    "integer": false,
    "label": "Nafion interface",
    "mean": 7.252599374978283,
    "median": 7.246267699235157,
    "p68": [
      7.162002532952128,
      7.341065254416755
    ],
    "p68_range": [
      7.162002532952128,
      7.341065254416755
    ],
    "p95": [
      7.050846797433083,
      7.4750234045837685
    ],
    "p95_range": [
      7.050846797433083,
      7.4750234045837685
    ],
    "std": 0.10098606358998713
  },
  "Nafion rho": {
    "best": 4.4591421258741875,
    "index": 17,
    "integer": false,
    "label": "Nafion rho",
    "mean": 4.460294763703924,
    "median": 4.460566376162253,
    "p68": [
      4.452026616379019,
      4.467861750786589
    ],
    "p68_range": [
      4.452026616379019,
      4.467861750786589
    ],
    "p95": [
      4.444402783912337,
      4.474504474557598
    ],
    "p95_range": [
      4.444402783912337,
      4.474504474557598
    ],
    "std": 0.007815352009200359
  },
  "Nafion thickness": {
    "best": 241.5924470403011,
    "index": 26,
    "integer": false,
    "label": "Nafion thickness",
    "mean": 241.47670894209438,
    "median": 241.56503357932,
    "p68": [
      241.11263481084356,
      241.83264807841527
    ],
    "p68_range": [
      241.11263481084356,
      241.83264807841527
    ],
    "p95": [
      240.37873448114843,
      242.1843543912047
    ],
    "p95_range": [
      240.37873448114843,
      242.1843543912047
    ],
    "std": 0.45344081765750643
  },
  "Permalloy interface": {
    "best": 6.676893508658698,
    "index": 10,
    "integer": false,
    "label": "Permalloy interface",
    "mean": 6.695076346271197,
    "median": 6.681162775456878,
    "p68": [
      6.577884974827474,
      6.825185307502616
    ],
    "p68_range": [
      6.577884974827474,
      6.825185307502616
    ],
    "p95": [
      6.4470772777779075,
      7.015111565444627
    ],
    "p95_range": [
      6.4470772777779075,
      7.015111565444627
    ],
    "std": 0.13904957368543439
  },
  "Permalloy rho": {
    "best": 8.923751811575887,
    "index": 12,
    "integer": false,
    "label": "Permalloy rho",
    "mean": 8.92561063700984,
    "median": 8.925333287822786,
    "p68": [
      8.916637865524168,
      8.934625710821669
    ],
    "p68_range": [
      8.916637865524168,
      8.934625710821669
    ],
    "p95": [
      8.90607704411336,
      8.945200035735201
    ],
    "p95_range": [
      8.90607704411336,
      8.945200035735201
    ],
    "std": 0.009456403278322367
  },
  "Permalloy rhoM": {
    "best": 1.8809938331973972,
    "index": 11,
    "integer": false,
    "label": "Permalloy rhoM",
    "mean": 1.8830784521375061,
    "median": 1.8822611575656993,
    "p68": [
      1.8761949396235105,
      1.8898782004752106
    ],
    "p68_range": [
      1.8761949396235105,
      1.8898782004752106
    ],
    "p95": [
      1.8708929543454542,
      1.8979491098168455
    ],
    "p95_range": [
      1.8708929543454542,
      1.8979491098168455
    ],
    "std": 0.007022881329461186
  },
  "Permalloy thickness": {
    "best": 109.04796982810657,
    "index": 13,
    "integer": false,
    "label": "Permalloy thickness",
    "mean": 109.07947377521758,
    "median": 109.08120130004951,
    "p68": [
      108.97034392038778,
      109.18526271340653
    ],
    "p68_range": [
      108.97034392038778,
      109.18526271340653
    ],
    "p95": [
      108.8691337250592,
      109.26485173776605
    ],
    "p95_range": [
      108.8691337250592,
      109.26485173776605
    ],
    "std": 0.10688410538715988
  },
  "Platinum interface": {
    "best": 5.716394301662048,
    "index": 14,
    "integer": false,
    "label": "Platinum interface",
    "mean": 5.705278227774567,
    "median": 5.717508685124323,
    "p68": [
      5.56069304464284,
      5.854255724442137
    ],