{
  "Interfacial thickness": {
    "best": 83.67294606315804,
    "index": 17,
    "integer": false,
    "label": "Interfacial thickness",
    "mean": 82.19741445327313,
    "median": 82.12565340998918,
    "p68": [
      76.3887529241974,
      86.49198064980568
    ],
    "p68_range": [
      76.3887529241974,
      86.49198064980568
    ],
    "p95": [
      75.97043092953427,
      90.72040874872509
    ],
    "p95_range": [
      75.97043092953427,
      90.72040874872509
    ],
    "std": 4.367882671018627
  },
  "Interfacial z[0]": {
    "best": 0.032141318252958705,
    "index": 18,
    "integer": false,
    "label": "Interfacial z[0]",
    "mean": 0.051418487426945554,
    "median": 0.05194124075091351,
    "p68": [
      0.043688138795972116,
      0.05876787380909475
    ],
    "p68_range": [
      0.043688138795972116,
      0.05876787380909475
    ],
    "p95": [
      0.03566723555962856,
      0.06484440766454064
    ],
    "p95_range": [
      0.03566723555962856,
      0.06484440766454064
    ],
    "std": 0.008238971422944458
  },
  "Interfacial z[1]": {
    "best": 0.04211854145259636,
    "index": 19,
    "integer": false,
    "label": "Interfacial z[1]",
    "mean": 0.05249583304428912,
    "median": 0.05353546434098857,
    "p68": [
      0.04482218070651447,
      0.059025938179107666
    ],
    "p68_range": [
      0.04482218070651447,
      0.059025938179107666
    ],
    "p95": [
      0.03580918702851294,
      0.06591171676330891
    ],
    "p95_range": [
      0.03580918702851294,
      0.06591171676330891
    ],
    "std": 0.007772698560718234
  },
  "Interfacial z[2]": {
    "best": 0.8543731495263828,
    "index": 20,
    "integer": false,
    "label": "Interfacial z[2]",
    "mean": 0.800537388694213,
    "median": 0.8042593519856766,
    "p68": [
      0.7728932230502201,
      0.8293329521101889
    ],
    "p68_range": [
      0.7728932230502201,
      0.8293329521101889
    ],
    "p95": [
      0.7228689103173797,
      0.8638168934530456
    ],
    "p95_range": [
      0.7228689103173797,
      0.8638168934530456
    ],
    "std": 0.034818172831173194
  },
  "Interfacial z[3]": {
    "best": 0.9744888719393736,
    "index": 21,
    "integer": false,
    "label": "Interfacial z[3]",
    "mean": 0.8535888273991084,
    "median": 0.8588096339564852,
    "p68": [
      0.8271407812726236,
      0.8725012319028178
    ],
    "p68_range": [
      0.8271407812726236,
      0.8725012319028178
    ],
    "p95": [
      0.7914457404300909,
      0.9015732354562727
    ],
    "p95_range": [
      0.7914457404300909,
      0.9015732354562727
    ],
    "std": 0.025766455199049507
  },
  "Interfacial z[4]": {
    "best": 0.9633153225991204,
    "index": 22,
    "integer": false,
    "label": "Interfacial z[4]",
    "mean": 0.9899368801575511,
    "median": 0.9929906240747733,
    "p68": [
      0.9809395132025341,
      0.9976084674281522
    ],
    "p68_range": [
      0.9809395132025341,
      0.9976084674281522
    ],
    "p95": [
      0.9657356034533638,
      0.9996314560353126
    ],
    "p95_range": [
      0.9657356034533638,
      0.9996314560353126
    ],
    "std": 0.009046976497836407
  },
  "Interfacial z[5]": {
    "best": 0.9990314886316495,
    "index": 23,
    "integer": false,
    "label": "Interfacial z[5]",
    "mean": 0.9936001528549266,
    "median": 0.9951218895320032,
    "p68": [
      0.9890967174425868,
      0.9985286546120696
    ],
    "p68_range": [
      0.9890967174425868,
      0.9985286546120696
    ],
    "p95": [
      0.9754981614538849,
      0.9997842060642846
    ],
    "p95_range": [
      0.9754981614538849,
      0.9997842060642846
    ],
    "std": 0.005986696178115272
  },
  "Nafion interface": {
    "best": 7.081177111333236,
    "index": 24,
    "integer": false,
    "label": "Nafion interface",
    "mean": 7.176023135383353,
    "median": 7.205399143245345,
    "p68": [
      6.831525469287168,
      7.450313314787035
    ],
    "p68_range": [
      6.831525469287168,
      7.450313314787035
    ],
    "p95": [
      6.547459428995507,
      7.814429516018987
    ],
    "p95_range": [
      6.547459428995507,
      7.814429516018987
    ],
    "std": 0.30913756365356465
  },
  "Nafion rho": {
    "best": 4.437168994117406,
    "index": 16,
    "integer": false,
    "label": "Nafion rho",
    "mean": 4.442348742962032,
    "median": 4.438905153170685,
    "p68": [
      4.426200859340252,
      4.459851864921783
    ],
    "p68_range": [
      4.426200859340252,
      4.459851864921783
    ],
    "p95": [
      4.413036242209149,
      4.48166090888026
    ],
    "p95_range": [
      4.413036242209149,
      4.48166090888026
    ],
    "std": 0.017124941762080674
  },
  "Nafion thickness": {
    "best": 241.4287715135583,
    "index": 25,
    "integer": false,
    "label": "Nafion thickness",
    "mean": 244.0761062629825,
    "median": 244.21619090762908,
    "p68": [
      239.72661122860072,
      249.8867569444132
    ],
    "p68_range": [
      239.72661122860072,
      249.8867569444132
    ],
    "p95": [
      235.57324982231785,
      250.35084697371732
    ],
    "p95_range": [
      235.57324982231785,
      250.35084697371732
    ],
    "std": 4.35736359733233
  },
  "Permalloy interface": {
    "best": 6.493497499464316,
    "index": 9,
    "integer": false,
    "label": "Permalloy interface",
    "mean": 6.919726298087225,
    "median": 6.877704488826849,
    "p68": [
      6.723256722394758,
      7.1565347936381265
    ],
    "p68_range": [
      6.723256722394758,
      7.1565347936381265
    ],
    "p95": [
      6.412113530959242,
      7.452022971506818
    ],
    "p95_range": [
      6.412113530959242,
      7.452022971506818
    ],
    "std": 0.2465221971177834
  },
  "Permalloy rho": {
    "best": 8.904745944894207,
    "index": 11,
    "integer": false,
    "label": "Permalloy rho",
    "mean": 8.924176341036182,
    "median": 8.924020338012047,
    "p68": [
      8.908528755850774,
      8.938514247363733
    ],
    "p68_range": [
      8.908528755850774,
      8.938514247363733
    ],
    "p95": [
      8.890912637753097,
      8.95568736303682
    ],
    "p95_range": [
      8.890912637753097,
      8.95568736303682
    ],
    "std": 0.01644891758168462
  },
  "Permalloy rhoM": {
    "best": 1.8624966823611275,
    "index": 10,
    "integer": false,
    "label": "Permalloy rhoM",
    "mean": 1.877552647970275,
    "median": 1.876046000496458,
    "p68": [
      1.8636125626592357,
      1.892555144831455
    ],
    "p68_range": [
      1.8636125626592357,
      1.892555144831455
    ],
    "p95": [
      1.8476845880681225,
      1.9164036969282612
    ],
    "p95_range": [
      1.8476845880681225,
      1.9164036969282612
    ],
    "std": 0.015818558996952926
  },
  "Permalloy thickness": {
    "best": 109.10349386406408,
    "index": 12,
    "integer": false,
    "label": "Permalloy thickness",
    "mean": 109.20209555382878,
    "median": 109.21701070167167,
    "p68": [
      109.02421592797766,
      109.37408103277251
    ],
    "p68_range": [
      109.02421592797766,
      109.37408103277251
    ],
    "p95": [
      108.75164321379967,
      109.52623841848539
    ],
    "p95_range": [
      108.75164321379967,
      109.52623841848539
    ],
    "std": 0.18933888517533545
  },
  "Platinum interface": {
    "best": 3.6926974285288154,
    "index": 13,
    "integer": false,
    "label": "Platinum interface",
    "mean": 2.280784376993777,
    "median": 2.309106626055376,
    "p68": [
      1.8496031086034181,
      2.7033388291747644
    ],