{
  "Background MM": {
    "best": 4.3867643560538783e-07,
    "index": 1,
    "integer": false,
    "label": "Background MM",
    "mean": 4.3762107509810463e-07,
    "median": 4.37567908328595e-07,
    "p68": [
      3.918750191526449e-07,
      4.827662386480768e-07
    ],
    "p68_range": [
      3.918750191526449e-07,
      4.827662386480768e-07
    ],
    "p95": [
      3.5626045627100136e-07,
      5.178232352831109e-07
    ],
    "p95_range": [
      3.5626045627100136e-07,
      5.178232352831109e-07
    ],
    "std": 4.3002812047977525e-08
  },
  "Background PP": {
    "best": 1.4963928069093017e-07,
    "index": 3,
    "integer": false,
    "label": "Background PP",
    "mean": 1.52000104821666e-07,
    "median": 1.5208977264295336e-07,
    "p68": [
      9.791000344709616e-08,
      2.0445363502111572e-07
    ],
    "p68_range": [
      9.791000344709616e-08,
      2.0445363502111572e-07
    ],
    "p95": [
      5.033282731836043e-08,
      2.4333247352327527e-07
    ],
    "p95_range": [
      5.033282731836043e-08,
      2.4333247352327527e-07
    ],
    "std": 5.1389300812188216e-08
  },
  "Bulk Nafion interface": {
    "best": 12.57762921175952,
    "index": 26,
    "integer": false,
    "label": "Bulk Nafion interface",
    "mean": 12.594178135080107,
    "median": 12.592458315262148,
    "p68": [
      12.437611041778505,
      12.755102939562004
    ],
    "p68_range": [
      12.437611041778505,
      12.755102939562004
    ],
    "p95": [
      12.26197554717589,
      12.942415894280645
    ],
    "p95_range": [
      12.26197554717589,
      12.942415894280645
    ],
    "std": 0.1657444999497042
  },
  "Bulk Nafion rho": {
    "best": 3.2913094330280135,
    "index": 27,
    "integer": false,
    "label": "Bulk Nafion rho",
    "mean": 3.2908925937427056,
    "median": 3.2904428386241436,
    "p68": [
      3.278453710767154,
      3.304557427564956
    ],
    "p68_range": [
      3.278453710767154,
      3.304557427564956
    ],
    "p95": [
      3.2633513363653806,
      3.3171012483504594
    ],
    "p95_range": [
      3.2633513363653806,
      3.3171012483504594
    ],
    "std": 0.013689752080125826
  },
  "Bulk Nafion thickness": {
    "best": 200.57978719478027,
    "index": 28,
    "integer": false,
    "label": "Bulk Nafion thickness",
    "mean": 200.5982872831668,
    "median": 200.57918069538343,
    "p68": [
      199.9844530241254,
      201.19081254757586
    ],
    "p68_range": [
      199.9844530241254,
      201.19081254757586
    ],
    "p95": [
      199.33899129241928,
      201.91802562989474
    ],
    "p95_range": [
      199.33899129241928,
      201.91802562989474
    ],
    "std": 0.6493541415361899
  },
  "Grad thickness": {
    "best": 36.73530077194332,
    "index": 25,
    "integer": false,
    "label": "Grad thickness",
    "mean": 36.71349566514497,
    "median": 36.74519565532555,
    "p68": [
      36.366364550289546,
      37.032045704024604
    ],
    "p68_range": [
      36.366364550289546,
      37.032045704024604
    ],
    "p95": [
      35.723108909216904,
      37.54972780117068
    ],
    "p95_range": [
      35.723108909216904,
      37.54972780117068
    ],
    "std": 0.4419977879865304
  },
  "Grad:Nafion": {
    "best": 0.35661671915873494,
    "index": 33,
    "integer": false,
    "label": "Grad:Nafion",
    "mean": 0.3571393720369301,
    "median": 0.3571109559704593,
    "p68": [
      0.34493000762935605,
      0.36992926943162147
    ],
    "p68_range": [
      0.34493000762935605,
      0.36992926943162147
    ],
    "p95": [
      0.31496695349238785,
      0.40150197363204926
    ],
    "p95_range": [
      0.31496695349238785,
      0.40150197363204926
    ],
    "std": 0.018315380128284854
  },
  "Gradient rho": {
    "best": 3.0558845268581183,
    "index": 24,
    "integer": false,
    "label": "Gradient rho",
    "mean": 3.0576792184933295,
    "median": 3.058096641291462,
    "p68": [
      3.0392661064369437,
      3.0756576258897628
    ],
    "p68_range": [
      3.0392661064369437,
      3.0756576258897628
    ],
    "p95": [
      3.0251516586126073,
      3.092101181584752
    ],
    "p95_range": [
      3.0251516586126073,
      3.092101181584752
    ],
    "std": 0.01751833491129836
  },
  "NRL1 rho": {
    "best": 1.8898109139921813,
    "index": 18,
    "integer": false,
    "label": "NRL1 rho",
    "mean": 1.8867926461404487,
    "median": 1.8867233737791687,
    "p68": [
      1.850166429161396,
      1.9243837231517218
    ],
    "p68_range": [
      1.850166429161396,
      1.9243837231517218
    ],
    "p95": [
      1.7995402410162384,
      1.967800466689442
    ],
    "p95_range": [
      1.7995402410162384,
      1.967800466689442
    ],
    "std": 0.04079823067041637
  },
  "NRL1 thickness": {
    "best": 6.379881869762643,
    "index": 19,
    "integer": false,
    "label": "NRL1 thickness",
    "mean": 6.359821119245501,
    "median": 6.364951992466848,
    "p68": [
      6.1677455548112565,
      6.534413422386433
    ],
    "p68_range": [
      6.1677455548112565,
      6.534413422386433
    ],
    "p95": [
      5.83731588095551,
      6.819064354704356
    ],
    "p95_range": [
      5.83731588095551,
      6.819064354704356
    ],
    "std": 0.21860669540734967
  },
  "NRL1:WRL2": {
    "best": 0.5499994643729204,
    "index": 30,
    "integer": false,
    "label": "NRL1:WRL2",
    "mean": 0.5492054004118962,
    "median": 0.54965188195618,
    "p68": [
      0.5484535943042046,
      0.5499196293987988
    ],
    "p68_range": [
      0.5484535943042046,
      0.5499196293987988
    ],
    "p95": [
      0.5461015763368905,
      0.5499856692042843
    ],
    "p95_range": [
      0.5461015763368905,
      0.5499856692042843
    ],
    "std": 0.0011632922450020074
  },
  "NRL2 rho": {
    "best": 3.004540946495948,
    "index": 22,
    "integer": false,
    "label": "NRL2 rho",
    "mean": 3.0043244493336374,
    "median": 3.005018038886687,
    "p68": [
      2.985354281002031,
      3.02349690222441
    ],
    "p68_range": [
      2.985354281002031,
      3.02349690222441
    ],
    "p95": [
      2.9659562985664185,
      3.041215553157541
    ],
    "p95_range": [
      2.9659562985664185,
      3.041215553157541
    ],
    "std": 0.019341439649760723
  },
  "NRL2 thickness": {
    "best": 26.0052689790115,
    "index": 23,
    "integer": false,
    "label": "NRL2 thickness",
    "mean": 26.01544004816646,
    "median": 26.026592084418606,
    "p68": [
      25.617847054928774,
      26.447309344814578
    ],
    "p68_range": [
      25.617847054928774,
      26.447309344814578
    ],
    "p95": [
      24.930419038644708,
      27.02937164354649
    ],
    "p95_range": [
      24.930419038644708,
      27.02937164354649
    ],
    "std": 0.5835984677561181
  },
  "NRL2:Grad": {
    "best": 0.5499950327654822,
    "index": 32,
    "integer": false,
    "label": "NRL2:Grad",
    "mean": 0.5489694558067657,
    "median": 0.5494509721393033,
    "p68": [
      0.5481569529056451,
      0.5498998429224081
    ],
    "p68_range": [
      0.5481569529056451,
      0.5498998429224081
    ],
    "p95": [
      0.5452069223387452,
      0.5499818792987724
    ],
    "p95_range": [
      0.5452069223387452,
      0.5499818792987724
    ],
    "std": 0.0014247219525280502
  },
  "Permalloy interface": {
    "best": 9.499334827342523,
    "index": 9,
    "integer": false,
    "label": "Permalloy interface",
    "mean": 9.509896852270685,
    "median": 9.512222151810862,
    "p68": [
      9.368435810330828,
      9.646744958096741
    ],