{
  "Nafion interface": {
    "best": 8.518132088596738,
    "index": 17,
    "integer": false,
    "label": "Nafion interface",
    "mean": 8.37676157169357,
    "median": 8.37725206671212,
    "p68": [
      8.13236988402698,
      8.621012464172281
    ],
    "p68_range": [
      8.13236988402698,
      8.621012464172281
    ],
    "p95": [
      7.8143168480718534,
      8.927402009380963
    ],
    "p95_range": [
      7.8143168480718534,
      8.927402009380963
    ],
    "std": 0.2684900592453694
  },
  "Nafion rho": {
    "best": 4.113637929888834,
    "index": 18,
    "integer": false,
    "label": "Nafion rho",
    "mean": 4.129029202004185,
    "median": 4.127360526969646,
    "p68": [
      4.110186354999867,
      4.1486689959149095
    ],
    "p68_range": [
      4.110186354999867,
      4.1486689959149095
    ],
    "p95": [
      4.0940140345613365,
      4.173250452600038
    ],
    "p95_range": [
      4.0940140345613365,
      4.173250452600038
    ],
    "std": 0.020120304956562998
  },
  "Nafion thickness": {
    "best": 219.3808700041528,
    "index": 19,
    "integer": false,
    "label": "Nafion thickness",
    "mean": 224.72149537013826,
    "median": 221.9723749011012,
    "p68": [
      219.88920973787458,
      232.52630306546888
    ],
    "p68_range": [
      219.88920973787458,
      232.52630306546888
    ],
    "p95": [
      218.7396821890151,
      240.11659495634987
    ],
    "p95_range": [
      218.7396821890151,
      240.11659495634987
    ],
    "std": 6.561266777526832
  },
  "Permalloy interface": {
    "best": 9.104577758574615,
    "index": 7,
    "integer": false,
    "label": "Permalloy interface",
    "mean": 9.276223708273193,
    "median": 9.255060593929878,
    "p68": [
      8.955282024053401,
      9.586628181891662
    ],
    "p68_range": [
      8.955282024053401,
      9.586628181891662
    ],
    "p95": [
      8.677084371006535,
      10.037804159626742
    ],
    "p95_range": [
      8.677084371006535,
      10.037804159626742
    ],
    "std": 0.3338679552382681
  },
  "Permalloy rho": {
    "best": 9.428850106305267,
    "index": 9,
    "integer": false,
    "label": "Permalloy rho",
    "mean": 9.434231992990126,
    "median": 9.434507869845294,
    "p68": [
      9.417487921036157,
      9.451799090604792
    ],
    "p68_range": [
      9.417487921036157,
      9.451799090604792
    ],
    "p95": [
      9.39792300531815,
      9.467063093354033
    ],
    "p95_range": [
      9.39792300531815,
      9.467063093354033
    ],
    "std": 0.017715150481612575
  },
  "Permalloy rhoM": {
    "best": 1.971373299857078,
    "index": 8,
    "integer": false,
    "label": "Permalloy rhoM",
    "mean": 1.9744870078059522,
    "median": 1.974474772154317,
    "p68": [
      1.959520045674085,
      1.9885927489629498
    ],
    "p68_range": [
      1.959520045674085,
      1.9885927489629498
    ],
    "p95": [
      1.944925225469595,
      2.004184856779131
    ],
    "p95_range": [
      1.944925225469595,
      2.004184856779131
    ],
    "std": 0.01521953712469635
  },
  "Permalloy thickness": {
    "best": 107.53673899261011,
    "index": 10,
    "integer": false,
    "label": "Permalloy thickness",
    "mean": 107.6019053991053,
    "median": 107.60075378438539,
    "p68": [
      107.32616303396044,
      107.86253637625936
    ],
    "p68_range": [
      107.32616303396044,
      107.86253637625936
    ],
    "p95": [
      107.09514426483213,
      108.14061560763132
    ],
    "p95_range": [
      107.09514426483213,
      108.14061560763132
    ],
    "std": 0.27204854687126534
  },
  "Platinum interface": {
    "best": 0.26389777342890036,
    "index": 11,
    "integer": false,
    "label": "Platinum interface",
    "mean": 0.4767250897098947,
    "median": 0.37430698297700243,
    "p68": [
      0.12176075634705412,
      0.8300087738818305
    ],
    "p68_range": [
      0.12176075634705412,
      0.8300087738818305
    ],
    "p95": [
      0.024286077714453853,
      1.5926858747924573
    ],
    "p95_range": [
      0.024286077714453853,
      1.5926858747924573
    ],
    "std": 0.40697672343436764
  },
  "Platinum rho": {
    "best": 6.349189414404554,
    "index": 12,
    "integer": false,
    "label": "Platinum rho",
    "mean": 6.311544679777217,
    "median": 6.324722054498626,
    "p68": [
      6.260575529443369,
      6.353553172921267
    ],
    "p68_range": [
      6.260575529443369,
      6.353553172921267
    ],
    "p95": [
      6.183813250218055,
      6.378865404273057
    ],
    "p95_range": [
      6.183813250218055,
      6.378865404273057
    ],
    "std": 0.050506716640059485
  },
  "Platinum thickness": {
    "best": 50.276260677289585,
    "index": 13,
    "integer": false,
    "label": "Platinum thickness",
    "mean": 50.38257532796989,
    "median": 50.380005014988676,
    "p68": [
      50.13279259550813,
      50.65216019666094
    ],
    "p68_range": [
      50.13279259550813,
      50.65216019666094
    ],
    "p95": [
      49.83747623947103,
      50.88639569260397
    ],
    "p95_range": [
      49.83747623947103,
      50.88639569260397
    ],
    "std": 0.2633100033088534
  },
  "SiOx interface": {
    "best": 2.959924377783172,
    "index": 4,
    "integer": false,
    "label": "SiOx interface",
    "mean": 3.075667572780799,
    "median": 3.0724494990825555,
    "p68": [
      2.962287436989914,
      3.1848386226648024
    ],
    "p68_range": [
      2.962287436989914,
      3.1848386226648024
    ],
    "p95": [
      2.849838422677433,
      3.3444255778353815
    ],
    "p95_range": [
      2.849838422677433,
      3.3444255778353815
    ],
    "std": 0.12098501859598991
  },
  "SiOx rho": {
    "best": 3.000312606925677,
    "index": 5,
    "integer": false,
    "label": "SiOx rho",
    "mean": 3.0021653885899404,
    "median": 3.0014011542869676,
    "p68": [
      3.0003654007459586,
      3.0039955190399072
    ],
    "p68_range": [
      3.0003654007459586,
      3.0039955190399072
    ],
    "p95": [
      3.000057481952146,
      3.0088132287073193
    ],
    "p95_range": [
      3.000057481952146,
      3.0088132287073193
    ],
    "std": 0.002289925742345048
  },
  "SiOx thickness": {
    "best": 30.03947763369571,
    "index": 6,
    "integer": false,
    "label": "SiOx thickness",
    "mean": 30.36293365455111,
    "median": 30.203587353044774,
    "p68": [
      30.04773153555405,
      30.597844021987793
    ],
    "p68_range": [
      30.04773153555405,
      30.597844021987793
    ],
    "p95": [
      30.00737279047185,
      31.70264074371919
    ],
    "p95_range": [
      30.00737279047185,
      31.70264074371919
    ],
    "std": 0.5816950916444105
  },
  "Silicon interface": {
    "best": 44.83922303621817,
    "index": 2,
    "integer": false,
    "label": "Silicon interface",
    "mean": 40.84019434160156,
    "median": 42.171708852463496,
    "p68": [
      36.373626987143794,
      44.68453227362427
    ],
    "p68_range": [
      36.373626987143794,
      44.68453227362427
    ],
    "p95": [
      30.993675795822842,
      45.370112801772315
    ],
    "p95_range": [
      30.993675795822842,
      45.370112801772315
    ],
    "std": 4.0697659382219875
  },
  "Silicon rho": {
    "best": 2.1483467257706894,
    "index": 3,
    "integer": false,
    "label": "Silicon rho",
    "mean": 2.134471649195534,
    "median": 2.1396945168116637,
    "p68": [
      2.1218328475615964,
      2.1471310043636036
    ],
    "p68_range": [
      2.1218328475615964,
      2.1471310043636036
    ],