{
  "Nafion interface": {
    "best": 8.167235560852658,
    "index": 19,
    "integer": false,
    "label": "Nafion interface",
    "mean": 8.24472544526737,
    "median": 8.226975429377616,
    "p68": [
      8.095691468721295,
      8.398134246813063
    ],
    "p68_range": [
      8.095691468721295,
      8.398134246813063
    ],
    "p95": [
      7.961403824776204,
      8.5958960235034
    ],
    "p95_range": [
      7.961403824776204,
      8.5958960235034
    ],
    "std": 0.1566251774187476
  },
  "Nafion rho": {
    "best": 4.180588952337376,
    "index": 20,
    "integer": false,
    "label": "Nafion rho",
    "mean": 4.181906106702552,
    "median": 4.181264153185428,
    "p68": [
      4.169022032026505,
      4.194599235695807
    ],
    "p68_range": [
      4.169022032026505,
      4.194599235695807
    ],
    "p95": [
      4.1578625719251825,
      4.208080273934394
    ],
    "p95_range": [
      4.1578625719251825,
      4.208080273934394
    ],
    "std": 0.012841138208253094
  },
  "Nafion thickness": {
    "best": 220.30784934232744,
    "index": 21,
    "integer": false,
    "label": "Nafion thickness",
    "mean": 219.76529672748438,
    "median": 219.88891238208063,
    "p68": [
      218.94756387877112,
      220.46400139149944
    ],
    "p68_range": [
      218.94756387877112,
      220.46400139149944
    ],
    "p95": [
      218.2806324754228,
      220.93128088754494
    ],
    "p95_range": [
      218.2806324754228,
      220.93128088754494
    ],
    "std": 0.7192032372258379
  },
  "Permalloy interface": {
    "best": 9.36184258058918,
    "index": 9,
    "integer": false,
    "label": "Permalloy interface",
    "mean": 9.19976726458028,
    "median": 9.212692611305481,
    "p68": [
      9.008641962233089,
      9.38758290077128
    ],
    "p68_range": [
      9.008641962233089,
      9.38758290077128
    ],
    "p95": [
      8.774788988235445,
      9.554752407263358
    ],
    "p95_range": [
      8.774788988235445,
      9.554752407263358
    ],
    "std": 0.20064595517731343
  },
  "Permalloy rho": {
    "best": 9.523853181940673,
    "index": 11,
    "integer": false,
    "label": "Permalloy rho",
    "mean": 9.51917858840804,
    "median": 9.51990174684657,
    "p68": [
      9.50560885990135,
      9.532382039894971
    ],
    "p68_range": [
      9.50560885990135,
      9.532382039894971
    ],
    "p95": [
      9.492265952502846,
      9.542774910552348
    ],
    "p95_range": [
      9.492265952502846,
      9.542774910552348
    ],
    "std": 0.012902589661157229
  },
  "Permalloy rhoM": {
    "best": 1.9234080587187428,
    "index": 10,
    "integer": false,
    "label": "Permalloy rhoM",
    "mean": 1.92051765454334,
    "median": 1.9214168529972082,
    "p68": [
      1.9105928682671875,
      1.9302439836286254
    ],
    "p68_range": [
      1.9105928682671875,
      1.9302439836286254
    ],
    "p95": [
      1.89823549818388,
      1.9371366525662241
    ],
    "p95_range": [
      1.89823549818388,
      1.9371366525662241
    ],
    "std": 0.01003873448837093
  },
  "Permalloy thickness": {
    "best": 107.26803531546776,
    "index": 12,
    "integer": false,
    "label": "Permalloy thickness",
    "mean": 107.33022423159275,
    "median": 107.3150063269482,
    "p68": [
      107.15804820937122,
      107.52766892689083
    ],
    "p68_range": [
      107.15804820937122,
      107.52766892689083
    ],
    "p95": [
      107.00886289221283,
      107.69030040887682
    ],
    "p95_range": [
      107.00886289221283,
      107.69030040887682
    ],
    "std": 0.1796082939448297
  },
  "Platinum interface": {
    "best": 0.08660051327130225,
    "index": 13,
    "integer": false,
    "label": "Platinum interface",
    "mean": 0.25029277564514957,
    "median": 0.17723835218529016,
    "p68": [
      0.06044385063203672,
      0.4472697527119126
    ],
    "p68_range": [
      0.06044385063203672,
      0.4472697527119126
    ],
    "p95": [
      0.007464857973591137,
      0.8553230186828852
    ],
    "p95_range": [
      0.007464857973591137,
      0.8553230186828852
    ],
    "std": 0.22522948486370595
  },
  "Platinum rho": {
    "best": 6.406942312746614,
    "index": 14,
    "integer": false,
    "label": "Platinum rho",
    "mean": 6.406798652342864,
    "median": 6.4071756837289024,
    "p68": [
      6.390046070618717,
      6.4237218708011055
    ],
    "p68_range": [
      6.390046070618717,
      6.4237218708011055
    ],
    "p95": [
      6.369897618823577,
      6.441213818621981
    ],
    "p95_range": [
      6.369897618823577,
      6.441213818621981
    ],
    "std": 0.017542690725037727
  },
  "Platinum thickness": {
    "best": 50.773402311282,
    "index": 15,
    "integer": false,
    "label": "Platinum thickness",
    "mean": 50.70254935515193,
    "median": 50.71942038292685,
    "p68": [
      50.50450454930564,
      50.87031781628243
    ],
    "p68_range": [
      50.50450454930564,
      50.87031781628243
    ],
    "p95": [
      50.33390174368843,
      51.01886085495178
    ],
    "p95_range": [
      50.33390174368843,
      51.01886085495178
    ],
    "std": 0.18048674088900055
  },
  "SiOx interface": {
    "best": 3.2458900520200853,
    "index": 6,
    "integer": false,
    "label": "SiOx interface",
    "mean": 3.2307955658831875,
    "median": 3.2378744066284764,
    "p68": [
      3.1602454263707185,
      3.2994702208810134
    ],
    "p68_range": [
      3.1602454263707185,
      3.2994702208810134
    ],
    "p95": [
      3.0815013503582653,
      3.367126883425633
    ],
    "p95_range": [
      3.0815013503582653,
      3.367126883425633
    ],
    "std": 0.0733517119257009
  },
  "SiOx rho": {
    "best": 3.0000259427817566,
    "index": 7,
    "integer": false,
    "label": "SiOx rho",
    "mean": 3.000736829626492,
    "median": 3.0004755227346807,
    "p68": [
      3.0001113189655353,
      3.0013770509671915
    ],
    "p68_range": [
      3.0001113189655353,
      3.0013770509671915
    ],
    "p95": [
      3.0000119015135605,
      3.0024913216752465
    ],
    "p95_range": [
      3.0000119015135605,
      3.0024913216752465
    ],
    "std": 0.0007428627689491263
  },
  "SiOx thickness": {
    "best": 30.004120703627343,
    "index": 8,
    "integer": false,
    "label": "SiOx thickness",
    "mean": 30.049642125795838,
    "median": 30.02875075042595,
    "p68": [
      30.006720916889112,
      30.09368899163612
    ],
    "p68_range": [
      30.006720916889112,
      30.09368899163612
    ],
    "p95": [
      30.000505172638558,
      30.21166771545344
    ],
    "p95_range": [
      30.000505172638558,
      30.21166771545344
    ],
    "std": 0.05773120030045487
  },
  "Silicon interface": {
    "best": 45.4834599944937,
    "index": 5,
    "integer": false,
    "label": "Silicon interface",
    "mean": 45.42477210776439,
    "median": 45.45517868659135,
    "p68": [
      45.37161119331422,
      45.48365054016913
    ],
    "p68_range": [
      45.37161119331422,
      45.48365054016913
    ],
    "p95": [
      45.175836084445685,
      45.4892199047713
    ],
    "p95_range": [
      45.175836084445685,
      45.4892199047713
    ],
    "std": 0.08905091525070916
  },
  "Water interface": {
    "best": 19.544144574556118,
    "index": 16,
    "integer": false,
    "label": "Water interface",
    "mean": 19.589524373534257,
    "median": 19.457239923058886,
    "p68": [
      18.338573702501208,
      20.82181457492194
    ],
    "p68_range": [
      18.338573702501208,
      20.82181457492194
    ],