{
  "Nafion interface": {
    "best": 8.155596578109096,
    "index": 19,
    "integer": false,
    "label": "Nafion interface",
    "mean": 8.175681555381454,
    "median": 8.175566855586975,
    "p68": [
      8.002811047093372,
      8.356831340365737
    ],
    "p68_range": [
      8.002811047093372,
      8.356831340365737
    ],
    "p95": [
      7.8347219159992,
      8.519935837781793
    ],
    "p95_range": [
      7.8347219159992,
      8.519935837781793
    ],
    "std": 0.17409177994955935
  },
  "Nafion rho": {
    "best": 4.160250624276491,
    "index": 20,
    "integer": false,
    "label": "Nafion rho",
    "mean": 4.157875039630384,
    "median": 4.157447791351068,
    "p68": [
      4.144260755319768,
      4.171904583134739
    ],
    "p68_range": [
      4.144260755319768,
      4.171904583134739
    ],
    "p95": [
      4.132766638565192,
      4.185827582445372
    ],
    "p95_range": [
      4.132766638565192,
      4.185827582445372
    ],
    "std": 0.013705029949634314
  },
  "Nafion thickness": {
    "best": 218.59643700596763,
    "index": 21,
    "integer": false,
    "label": "Nafion thickness",
    "mean": 220.10250148180899,
    "median": 219.98456960126128,
    "p68": [
      218.27679819086532,
      221.80082157645518
    ],
    "p68_range": [
      218.27679819086532,
      221.80082157645518
    ],
    "p95": [
      217.20513200806894,
      223.48661457424166
    ],
    "p95_range": [
      217.20513200806894,
      223.48661457424166
    ],
    "std": 1.6899790276970277
  },
  "Permalloy interface": {
    "best": 8.473035904356111,
    "index": 9,
    "integer": false,
    "label": "Permalloy interface",
    "mean": 8.497322286989748,
    "median": 8.491056389583617,
    "p68": [
      8.290318938759643,
      8.706246758662703
    ],
    "p68_range": [
      8.290318938759643,
      8.706246758662703
    ],
    "p95": [
      8.088550118498025,
      8.904949534024363
    ],
    "p95_range": [
      8.088550118498025,
      8.904949534024363
    ],
    "std": 0.20740793254032536
  },
  "Permalloy rho": {
    "best": 9.420850357751577,
    "index": 11,
    "integer": false,
    "label": "Permalloy rho",
    "mean": 9.414410109195885,
    "median": 9.414002238209996,
    "p68": [
      9.402019740471477,
      9.427027976887725
    ],
    "p68_range": [
      9.402019740471477,
      9.427027976887725
    ],
    "p95": [
      9.392978361127705,
      9.437979819087532
    ],
    "p95_range": [
      9.392978361127705,
      9.437979819087532
    ],
    "std": 0.01184471904822865
  },
  "Permalloy rhoM": {
    "best": 1.9130896378532294,
    "index": 10,
    "integer": false,
    "label": "Permalloy rhoM",
    "mean": 1.9143515263509967,
    "median": 1.9148930668354525,
    "p68": [
      1.904455938962142,
      1.9248619290198972
    ],
    "p68_range": [
      1.904455938962142,
      1.9248619290198972
    ],
    "p95": [
      1.8936013752620862,
      1.9344497106978118
    ],
    "p95_range": [
      1.8936013752620862,
      1.9344497106978118
    ],
    "std": 0.010279268025116035
  },
  "Permalloy thickness": {
    "best": 108.0512524532301,
    "index": 12,
    "integer": false,
    "label": "Permalloy thickness",
    "mean": 107.99703046310815,
    "median": 108.00707721066983,
    "p68": [
      107.83809418129924,
      108.16244017564128
    ],
    "p68_range": [
      107.83809418129924,
      108.16244017564128
    ],
    "p95": [
      107.7210920162877,
      108.2858872440249
    ],
    "p95_range": [
      107.7210920162877,
      108.2858872440249
    ],
    "std": 0.15273715371851548
  },
  "Platinum interface": {
    "best": 0.06866531239015805,
    "index": 13,
    "integer": false,
    "label": "Platinum interface",
    "mean": 0.451918554940545,
    "median": 0.34982313010445515,
    "p68": [
      0.10638413709566581,
      0.8422442944492765
    ],
    "p68_range": [
      0.10638413709566581,
      0.8422442944492765
    ],
    "p95": [
      0.02219665732407894,
      1.2914788780708983
    ],
    "p95_range": [
      0.02219665732407894,
      1.2914788780708983
    ],
    "std": 0.3542886927234831
  },
  "Platinum rho": {
    "best": 6.453677834361481,
    "index": 14,
    "integer": false,
    "label": "Platinum rho",
    "mean": 6.4500511212904845,
    "median": 6.451795432685991,
    "p68": [
      6.430591270688898,
      6.468639978424882
    ],
    "p68_range": [
      6.430591270688898,
      6.468639978424882
    ],
    "p95": [
      6.411532734503171,
      6.487153762696231
    ],
    "p95_range": [
      6.411532734503171,
      6.487153762696231
    ],
    "std": 0.019150593531977858
  },
  "Platinum thickness": {
    "best": 49.867027832999575,
    "index": 15,
    "integer": false,
    "label": "Platinum thickness",
    "mean": 49.946930204568254,
    "median": 49.95787538057589,
    "p68": [
      49.77909089488015,
      50.11004353685235
    ],
    "p68_range": [
      49.77909089488015,
      50.11004353685235
    ],
    "p95": [
      49.62038819696906,
      50.294886292476825
    ],
    "p95_range": [
      49.62038819696906,
      50.294886292476825
    ],
    "std": 0.17012173173754794
  },
  "SiOx interface": {
    "best": 3.140835560501494,
    "index": 6,
    "integer": false,
    "label": "SiOx interface",
    "mean": 3.1587265715484016,
    "median": 3.1589716293305026,
    "p68": [
      3.0869070996304546,
      3.230833198554622
    ],
    "p68_range": [
      3.0869070996304546,
      3.230833198554622
    ],
    "p95": [
      3.011960465517869,
      3.306026901879512
    ],
    "p95_range": [
      3.011960465517869,
      3.306026901879512
    ],
    "std": 0.07372145169689462
  },
  "SiOx rho": {
    "best": 3.0001868397384537,
    "index": 7,
    "integer": false,
    "label": "SiOx rho",
    "mean": 3.0013305124549805,
    "median": 3.0010059042041277,
    "p68": [
      3.0002553425112364,
      3.00234673494743
    ],
    "p68_range": [
      3.0002553425112364,
      3.00234673494743
    ],
    "p95": [
      3.0000338514827063,
      3.0044837426462743
    ],
    "p95_range": [
      3.0000338514827063,
      3.0044837426462743
    ],
    "std": 0.0011962846733921534
  },
  "SiOx thickness": {
    "best": 10.000503631807906,
    "index": 8,
    "integer": false,
    "label": "SiOx thickness",
    "mean": 10.061953076278511,
    "median": 10.046933179728214,
    "p68": [
      10.012589573140154,
      10.108493138319837
    ],
    "p68_range": [
      10.012589573140154,
      10.108493138319837
    ],
    "p95": [
      10.001822975940545,
      10.216818627430516
    ],
    "p95_range": [
      10.001822975940545,
      10.216818627430516
    ],
    "std": 0.05617664031751528
  },
  "Silicon interface": {
    "best": 25.490086024380513,
    "index": 5,
    "integer": false,
    "label": "Silicon interface",
    "mean": 25.522491421630594,
    "median": 25.51537288927687,
    "p68": [
      25.494928678806048,
      25.551248414205883
    ],
    "p68_range": [
      25.494928678806048,
      25.551248414205883
    ],
    "p95": [
      25.49051697841885,
      25.60724323245326
    ],
    "p95_range": [
      25.49051697841885,
      25.60724323245326
    ],
    "std": 0.03129794339754026
  },
  "Water interface": {
    "best": 26.884085322022848,
    "index": 16,
    "integer": false,
    "label": "Water interface",
    "mean": 28.115058023353438,
    "median": 27.946280170674346,
    "p68": [
      25.539567531913203,
      30.727471301226455
    ],
    "p68_range": [
      25.539567531913203,
      30.727471301226455
    ],