{
  "Nafion interface": {
    "best": 6.938368703722046,
    "index": 16,
    "integer": false,
    "label": "Nafion interface",
    "mean": 7.035462839507119,
    "median": 7.034502295752427,
    "p68": [
      6.882931653499212,
      7.186542139024543
    ],
    "p68_range": [
      6.882931653499212,
      7.186542139024543
    ],
    "p95": [
      6.741274468081749,
      7.334381825469353
    ],
    "p95_range": [
      6.741274468081749,
      7.334381825469353
    ],
    "std": 0.15144193774555914
  },
  "Nafion rho": {
    "best": 4.324312716055732,
    "index": 17,
    "integer": false,
    "label": "Nafion rho",
    "mean": 4.318746036956406,
    "median": 4.318741886943022,
    "p68": [
      4.313768464031996,
      4.323805444307513
    ],
    "p68_range": [
      4.313768464031996,
      4.323805444307513
    ],
    "p95": [
      4.308949780290127,
      4.328984827925974
    ],
    "p95_range": [
      4.308949780290127,
      4.328984827925974
    ],
    "std": 0.005024617847276304
  },
  "Nafion thickness": {
    "best": 322.4507322158496,
    "index": 18,
    "integer": false,
    "label": "Nafion thickness",
    "mean": 322.4632146985031,
    "median": 322.459628942126,
    "p68": [
      322.33780696110125,
      322.5921826310484
    ],
    "p68_range": [
      322.33780696110125,
      322.5921826310484
    ],
    "p95": [
      322.23085932840667,
      322.6992531587629
    ],
    "p95_range": [
      322.23085932840667,
      322.6992531587629
    ],
    "std": 0.12248596957038065
  },
  "Permalloy interface": {
    "best": 6.995698848656993,
    "index": 10,
    "integer": false,
    "label": "Permalloy interface",
    "mean": 7.078610656171881,
    "median": 7.080741436455564,
    "p68": [
      6.880943413761193,
      7.275133949437049
    ],
    "p68_range": [
      6.880943413761193,
      7.275133949437049
    ],
    "p95": [
      6.693261335399639,
      7.462392181780208
    ],
    "p95_range": [
      6.693261335399639,
      7.462392181780208
    ],
    "std": 0.19668884119779328
  },
  "Permalloy rho": {
    "best": 9.075479788077075,
    "index": 12,
    "integer": false,
    "label": "Permalloy rho",
    "mean": 9.082448925341202,
    "median": 9.082771831853645,
    "p68": [
      9.068408872754958,
      9.095960847186484
    ],
    "p68_range": [
      9.068408872754958,
      9.095960847186484
    ],
    "p95": [
      9.055827672521469,
      9.10900444295017
    ],
    "p95_range": [
      9.055827672521469,
      9.10900444295017
    ],
    "std": 0.013552527055950083
  },
  "Permalloy rhoM": {
    "best": 1.8670660881935037,
    "index": 11,
    "integer": false,
    "label": "Permalloy rhoM",
    "mean": 1.8658022150350937,
    "median": 1.8658207771902036,
    "p68": [
      1.858180340156815,
      1.8734192367775455
    ],
    "p68_range": [
      1.858180340156815,
      1.8734192367775455
    ],
    "p95": [
      1.8509042905152069,
      1.8811373967051919
    ],
    "p95_range": [
      1.8509042905152069,
      1.8811373967051919
    ],
    "std": 0.007643145574144286
  },
  "Permalloy thickness": {
    "best": 109.41723209019995,
    "index": 13,
    "integer": false,
    "label": "Permalloy thickness",
    "mean": 109.47261760277273,
    "median": 109.47447473261495,
    "p68": [
      109.35936903912004,
      109.58394112090241
    ],
    "p68_range": [
      109.35936903912004,
      109.58394112090241
    ],
    "p95": [
      109.23869361831156,
      109.69395282083754
    ],
    "p95_range": [
      109.23869361831156,
      109.69395282083754
    ],
    "std": 0.11306996570742732
  },
  "Platinum rho": {
    "best": 6.6919882985915375,
    "index": 14,
    "integer": false,
    "label": "Platinum rho",
    "mean": 6.685555099543788,
    "median": 6.685742867682198,
    "p68": [
      6.670985560658281,
      6.699750052690935
    ],
    "p68_range": [
      6.670985560658281,
      6.699750052690935
    ],
    "p95": [
      6.6586184021067725,
      6.712479136683797
    ],
    "p95_range": [
      6.6586184021067725,
      6.712479136683797
    ],
    "std": 0.013997659993883133
  },
  "Platinum thickness": {
    "best": 41.00955378340703,
    "index": 15,
    "integer": false,
    "label": "Platinum thickness",
    "mean": 40.9755384330524,
    "median": 40.9777821146565,
    "p68": [
      40.830272736227094,
      41.12023922103169
    ],
    "p68_range": [
      40.830272736227094,
      41.12023922103169
    ],
    "p95": [
      40.68847576061842,
      41.26494368285873
    ],
    "p95_range": [
      40.68847576061842,
      41.26494368285873
    ],
    "std": 0.14611694923972074
  },
  "Platinum:Water(W/T)": {
    "best": 0.5474368956679577,
    "index": 19,
    "integer": false,
    "label": "Platinum:Water(W/T)",
    "mean": 0.5035669880680517,
    "median": 0.5175601655650359,
    "p68": [
      0.4645217824273283,
      0.5413041915506407
    ],
    "p68_range": [
      0.4645217824273283,
      0.5413041915506407
    ],
    "p95": [
      0.38346612771691246,
      0.5488683535190083
    ],
    "p95_range": [
      0.38346612771691246,
      0.5488683535190083
    ],
    "std": 0.04469111241345128
  },
  "SiOx interface": {
    "best": 6.117207003452838,
    "index": 7,
    "integer": false,
    "label": "SiOx interface",
    "mean": 6.0697549337162435,
    "median": 6.068973334122036,
    "p68": [
      5.991040232944065,
      6.149834723222483
    ],
    "p68_range": [
      5.991040232944065,
      6.149834723222483
    ],
    "p95": [
      5.921991083313868,
      6.218868315810901
    ],
    "p95_range": [
      5.921991083313868,
      6.218868315810901
    ],
    "std": 0.07756216836331904
  },
  "SiOx rho": {
    "best": 1.0219351043565563,
    "index": 8,
    "integer": false,
    "label": "SiOx rho",
    "mean": 1.034962223467533,
    "median": 1.0354631906787337,
    "p68": [
      1.0077881073311374,
      1.0624197097547627
    ],
    "p68_range": [
      1.0077881073311374,
      1.0624197097547627
    ],
    "p95": [
      0.9766874382390783,
      1.0878422249935726
    ],
    "p95_range": [
      0.9766874382390783,
      1.0878422249935726
    ],
    "std": 0.027731507420891068
  },
  "SiOx thickness": {
    "best": 59.92273644740738,
    "index": 9,
    "integer": false,
    "label": "SiOx thickness",
    "mean": 59.77484301244683,
    "median": 59.845087255895436,
    "p68": [
      59.590022569563445,
      59.95888022078943
    ],
    "p68_range": [
      59.590022569563445,
      59.95888022078943
    ],
    "p95": [
      59.14042779209784,
      59.993408071078896
    ],
    "p95_range": [
      59.14042779209784,
      59.993408071078896
    ],
    "std": 0.22713939181243822
  },
  "Silicon interface": {
    "best": 49.97189890975219,
    "index": 5,
    "integer": false,
    "label": "Silicon interface",
    "mean": 49.72686613787028,
    "median": 49.80333503982748,
    "p68": [
      49.501139893874345,
      49.94823990786925
    ],
    "p68_range": [
      49.501139893874345,
      49.94823990786925
    ],
    "p95": [
      49.047236062182606,
      49.99264784639979
    ],
    "p95_range": [
      49.047236062182606,
      49.99264784639979
    ],
    "std": 0.25847318490776816
  },
  "Silicon rho": {
    "best": 3.159623362055528,
    "index": 6,
    "integer": false,
    "label": "Silicon rho",
    "mean": 3.165643565117267,
    "median": 3.16829090419657,
    "p68": [
      3.1342470861979432,
      3.1941887010570347
    ],
    "p68_range": [
      3.1342470861979432,
      3.1941887010570347
    ],