{
  "Interace interface": {
    "best": 5.157005546323306,
    "index": 11,
    "integer": false,
    "label": "Interace interface",
    "mean": 5.149449450151637,
    "median": 5.147608826603691,
    "p68": [
      5.117162230730012,
      5.180258628377831
    ],
    "p68_range": [
      5.117162230730012,
      5.180258628377831
    ],
    "p95": [
      5.072709217805141,
      5.242700171459398
    ],
    "p95_range": [
      5.072709217805141,
      5.242700171459398
    ],
    "std": 0.040502384791932064
  },
  "Interace irho": {
    "best": 4.712505862662254,
    "index": 12,
    "integer": false,
    "label": "Interace irho",
    "mean": 4.3980649374297895,
    "median": 4.531203871517968,
    "p68": [
      4.0514865558500315,
      4.6995119753748815
    ],
    "p68_range": [
      4.0514865558500315,
      4.6995119753748815
    ],
    "p95": [
      3.363971776926075,
      4.742147532127633
    ],
    "p95_range": [
      3.363971776926075,
      4.742147532127633
    ],
    "std": 0.3738658575890479
  },
  "Interace rho": {
    "best": 99.05799655012052,
    "index": 13,
    "integer": false,
    "label": "Interace rho",
    "mean": 99.32007720219408,
    "median": 99.19464320782073,
    "p68": [
      99.04102582114042,
      99.64219033738414
    ],
    "p68_range": [
      99.04102582114042,
      99.64219033738414
    ],
    "p95": [
      99.00579570948395,
      100.26798311166428
    ],
    "p95_range": [
      99.00579570948395,
      100.26798311166428
    ],
    "std": 0.34622735071817634
  },
  "Interace thickness": {
    "best": 1.3141656633028755,
    "index": 14,
    "integer": false,
    "label": "Interace thickness",
    "mean": 1.1580651327767741,
    "median": 1.1964667059008833,
    "p68": [
      0.9378104246950373,
      1.3672640522827755
    ],
    "p68_range": [
      0.9378104246950373,
      1.3672640522827755
    ],
    "p95": [
      0.6113318712785043,
      1.5443145249094605
    ],
    "p95_range": [
      0.6113318712785043,
      1.5443145249094605
    ],
    "std": 0.23311629598918782
  },
  "Permalloy interface": {
    "best": 9.784682610300655,
    "index": 7,
    "integer": false,
    "label": "Permalloy interface",
    "mean": 9.726138156014775,
    "median": 9.766358692453553,
    "p68": [
      9.589137848286313,
      9.851444982766342
    ],
    "p68_range": [
      9.589137848286313,
      9.851444982766342
    ],
    "p95": [
      9.29486414783432,
      9.928902555478595
    ],
    "p95_range": [
      9.29486414783432,
      9.928902555478595
    ],
    "std": 0.15708849409252643
  },
  "Permalloy irho": {
    "best": -0.04570065281135156,
    "index": 8,
    "integer": false,
    "label": "Permalloy irho",
    "mean": -0.41790166706825566,
    "median": -0.4295626334068652,
    "p68": [
      -0.7806168582064363,
      -0.07548891969409974
    ],
    "p68_range": [
      -0.7806168582064363,
      -0.07548891969409974
    ],
    "p95": [
      -0.9600851634619578,
      0.2944115395079988
    ],
    "p95_range": [
      -0.9600851634619578,
      0.2944115395079988
    ],
    "std": 0.3311854228663705
  },
  "Permalloy rho": {
    "best": 65.51780766477388,
    "index": 9,
    "integer": false,
    "label": "Permalloy rho",
    "mean": 65.64211180515609,
    "median": 65.57390367783862,
    "p68": [
      65.51200330465528,
      65.7530355789653
    ],
    "p68_range": [
      65.51200330465528,
      65.7530355789653
    ],
    "p95": [
      65.49319986392547,
      66.25768722381378
    ],
    "p95_range": [
      65.49319986392547,
      66.25768722381378
    ],
    "std": 0.1979936289728977
  },
  "Permalloy thickness": {
    "best": 106.93096812494208,
    "index": 10,
    "integer": false,
    "label": "Permalloy thickness",
    "mean": 107.03830415811147,
    "median": 107.01318426912451,
    "p68": [
      106.86895753500498,
      107.2155569478137
    ],
    "p68_range": [
      106.86895753500498,
      107.2155569478137
    ],
    "p95": [
      106.72421141678444,
      107.46923336765904
    ],
    "p95_range": [
      106.72421141678444,
      107.46923336765904
    ],
    "std": 0.18718361285489515
  },
  "Platinum interface": {
    "best": 3.6628409510428446,
    "index": 15,
    "integer": false,
    "label": "Platinum interface",
    "mean": 3.6609460883934344,
    "median": 3.6611140332295884,
    "p68": [
      3.6573701758977095,
      3.664305830908326
    ],
    "p68_range": [
      3.6573701758977095,
      3.664305830908326
    ],
    "p95": [
      3.6503536995556938,
      3.670653326867225
    ],
    "p95_range": [
      3.6503536995556938,
      3.670653326867225
    ],
    "std": 0.004471798142646047
  },
  "Platinum irho": {
    "best": 8.448836295112862,
    "index": 16,
    "integer": false,
    "label": "Platinum irho",
    "mean": 8.417463265200265,
    "median": 8.43657669903439,
    "p68": [
      8.390512038668813,
      8.447687615047073
    ],
    "p68_range": [
      8.390512038668813,
      8.447687615047073
    ],
    "p95": [
      8.259896108574857,
      8.450417677349002
    ],
    "p95_range": [
      8.259896108574857,
      8.450417677349002
    ],
    "std": 0.05158466675557822
  },
  "Platinum rho": {
    "best": 134.8993290775315,
    "index": 17,
    "integer": false,
    "label": "Platinum rho",
    "mean": 134.7975549592887,
    "median": 134.85060796268007,
    "p68": [
      134.71353850700658,
      134.88858210919497
    ],
    "p68_range": [
      134.71353850700658,
      134.88858210919497
    ],
    "p95": [
      134.3635386399609,
      134.89810627705987
    ],
    "p95_range": [
      134.3635386399609,
      134.89810627705987
    ],
    "std": 0.14534344086691708
  },
  "Platinum thickness": {
    "best": 49.28629292214989,
    "index": 18,
    "integer": false,
    "label": "Platinum thickness",
    "mean": 49.326038249387324,
    "median": 49.31675109106471,
    "p68": [
      49.27330965124561,
      49.380018753830434
    ],
    "p68_range": [
      49.27330965124561,
      49.380018753830434
    ],
    "p95": [
      49.22931997327832,
      49.470041854242666
    ],
    "p95_range": [
      49.22931997327832,
      49.470041854242666
    ],
    "std": 0.06027669903422054
  },
  "SiOx interface": {
    "best": 3.183570801327369,
    "index": 3,
    "integer": false,
    "label": "SiOx interface",
    "mean": 3.1907818670768253,
    "median": 3.189451204793257,
    "p68": [
      3.1749259001204115,
      3.2066774848296418
    ],
    "p68_range": [
      3.1749259001204115,
      3.2066774848296418
    ],
    "p95": [
      3.1520126363508902,
      3.236606701460039
    ],
    "p95_range": [
      3.1520126363508902,
      3.236606701460039
    ],
    "std": 0.0205897404206519
  },
  "SiOx irho": {
    "best": 6.16963762555678,
    "index": 4,
    "integer": false,
    "label": "SiOx irho",
    "mean": 6.260128135401778,
    "median": 6.192897367771674,
    "p68": [
      5.984347501278319,
      6.527890598635981
    ],
    "p68_range": [
      5.984347501278319,
      6.527890598635981
    ],
    "p95": [
      5.891834213301609,
      6.990096140529711
    ],
    "p95_range": [
      5.891834213301609,
      6.990096140529711
    ],
    "std": 0.29212799647632426
  },
  "SiOx rho": {
    "best": 32.944751043083436,
    "index": 5,
    "integer": false,
    "label": "SiOx rho",
    "mean": 33.08147941878812,
    "median": 32.999965243360336,
    "p68": [
      32.9524284954997,
      33.19315781595059
    ],
    "p68_range": [
      32.9524284954997,
      33.19315781595059
    ],