{
  "Interfacial thickness": {
    "best": 87.11623501560571,
    "index": 17,
    "integer": false,
    "label": "Interfacial thickness",
    "mean": 82.67861114881808,
    "median": 83.68342173775648,
    "p68": [
      78.0081483713347,
      86.13029032325606
    ],
    "p68_range": [
      78.0081483713347,
      86.13029032325606
    ],
    "p95": [
      77.13228016744495,
      87.03580779795016
    ],
    "p95_range": [
      77.13228016744495,
      87.03580779795016
    ],
    "std": 3.3210545964777647
  },
  "Interfacial z[0]": {
    "best": 0.017655890683424682,
    "index": 18,
    "integer": false,
    "label": "Interfacial z[0]",
    "mean": 0.015450175466361193,
    "median": 0.016561628156877266,
    "p68": [
      0.008272763138937057,
      0.020813461756255678
    ],
    "p68_range": [
      0.008272763138937057,
      0.020813461756255678
    ],
    "p95": [
      0.0024187578379605873,
      0.0271608505881281
    ],
    "p95_range": [
      0.0024187578379605873,
      0.0271608505881281
    ],
    "std": 0.00650114272865335
  },
  "Interfacial z[1]": {
    "best": 0.6812381818165926,
    "index": 19,
    "integer": false,
    "label": "Interfacial z[1]",
    "mean": 0.6700411760827114,
    "median": 0.6684303124592836,
    "p68": [
      0.6508953489035589,
      0.6931511782817716
    ],
    "p68_range": [
      0.6508953489035589,
      0.6931511782817716
    ],
    "p95": [
      0.6202706381270136,
      0.7327682210246077
    ],
    "p95_range": [
      0.6202706381270136,
      0.7327682210246077
    ],
    "std": 0.02956438151754449
  },
  "Interfacial z[2]": {
    "best": 0.6112917683908122,
    "index": 20,
    "integer": false,
    "label": "Interfacial z[2]",
    "mean": 0.5766407257882342,
    "median": 0.5727899914963964,
    "p68": [
      0.5600614253465949,
      0.5990026534868064
    ],
    "p68_range": [
      0.5600614253465949,
      0.5990026534868064
    ],
    "p95": [
      0.5251024747435558,
      0.6365846068150314
    ],
    "p95_range": [
      0.5251024747435558,
      0.6365846068150314
    ],
    "std": 0.026717670983987116
  },
  "Interfacial z[3]": {
    "best": 0.6983115587693256,
    "index": 21,
    "integer": false,
    "label": "Interfacial z[3]",
    "mean": 0.694806741704582,
    "median": 0.6932954187773538,
    "p68": [
      0.6832025342677831,
      0.7083515569471364
    ],
    "p68_range": [
      0.6832025342677831,
      0.7083515569471364
    ],
    "p95": [
      0.6491296036133406,
      0.7386816841130898
    ],
    "p95_range": [
      0.6491296036133406,
      0.7386816841130898
    ],
    "std": 0.01941509485495685
  },
  "Interfacial z[4]": {
    "best": 0.7690946003619754,
    "index": 22,
    "integer": false,
    "label": "Interfacial z[4]",
    "mean": 0.7612426338928341,
    "median": 0.7437569703941466,
    "p68": [
      0.7223269386565553,
      0.812976719805908
    ],
    "p68_range": [
      0.7223269386565553,
      0.812976719805908
    ],
    "p95": [
      0.6864123049114454,
      0.8953197387677686
    ],
    "p95_range": [
      0.6864123049114454,
      0.8953197387677686
    ],
    "std": 0.05279023977064343
  },
  "Nafion interface": {
    "best": 9.348830260734617,
    "index": 23,
    "integer": false,
    "label": "Nafion interface",
    "mean": 9.034023769101198,
    "median": 9.090869874079534,
    "p68": [
      8.714786916175017,
      9.270639048854786
    ],
    "p68_range": [
      8.714786916175017,
      9.270639048854786
    ],
    "p95": [
      8.396671808445452,
      9.600609029857672
    ],
    "p95_range": [
      8.396671808445452,
      9.600609029857672
    ],
    "std": 0.2937647693959715
  },
  "Nafion rho": {
    "best": 3.993718337583772,
    "index": 16,
    "integer": false,
    "label": "Nafion rho",
    "mean": 3.968696747314317,
    "median": 3.9676037406220304,
    "p68": [
      3.9533085845740112,
      3.986297182419018
    ],
    "p68_range": [
      3.9533085845740112,
      3.986297182419018
    ],
    "p95": [
      3.9334295350239312,
      4.005684812730562
    ],
    "p95_range": [
      3.9334295350239312,
      4.005684812730562
    ],
    "std": 0.01763614126067225
  },
  "Nafion thickness": {
    "best": 200.09729504453276,
    "index": 24,
    "integer": false,
    "label": "Nafion thickness",
    "mean": 204.2012703499642,
    "median": 203.03712743180648,
    "p68": [
      200.7433851004661,
      209.0657403338947
    ],
    "p68_range": [
      200.7433851004661,
      209.0657403338947
    ],
    "p95": [
      200.09598844366667,
      210.0034377809729
    ],
    "p95_range": [
      200.09598844366667,
      210.0034377809729
    ],
    "std": 3.397415602806445
  },
  "Permalloy interface": {
    "best": 8.259050190890761,
    "index": 9,
    "integer": false,
    "label": "Permalloy interface",
    "mean": 7.718389925639117,
    "median": 7.7584579639968965,
    "p68": [
      7.477103095346941,
      7.917931308199526
    ],
    "p68_range": [
      7.477103095346941,
      7.917931308199526
    ],
    "p95": [
      7.0814267309696834,
      8.248414696452617
    ],
    "p95_range": [
      7.0814267309696834,
      8.248414696452617
    ],
    "std": 0.272336057083576
  },
  "Permalloy rho": {
    "best": 9.177667316614,
    "index": 11,
    "integer": false,
    "label": "Permalloy rho",
    "mean": 9.173921897062563,
    "median": 9.17415466512917,
    "p68": [
      9.155519416770415,
      9.194487914698414
    ],
    "p68_range": [
      9.155519416770415,
      9.194487914698414
    ],
    "p95": [
      9.133700964134421,
      9.216628348444925
    ],
    "p95_range": [
      9.133700964134421,
      9.216628348444925
    ],
    "std": 0.020218839470725457
  },
  "Permalloy rhoM": {
    "best": 1.8974224071264585,
    "index": 10,
    "integer": false,
    "label": "Permalloy rhoM",
    "mean": 1.8734892818620716,
    "median": 1.8719078284696389,
    "p68": [
      1.8615045877822727,
      1.8873866445818703
    ],
    "p68_range": [
      1.8615045877822727,
      1.8873866445818703
    ],
    "p95": [
      1.845790798710431,
      1.905132911526013
    ],
    "p95_range": [
      1.845790798710431,
      1.905132911526013
    ],
    "std": 0.014371821182903937
  },
  "Permalloy thickness": {
    "best": 108.96705691931798,
    "index": 12,
    "integer": false,
    "label": "Permalloy thickness",
    "mean": 109.18595538518248,
    "median": 109.15600196506936,
    "p68": [
      108.959942522061,
      109.45665630250207
    ],
    "p68_range": [
      108.959942522061,
      109.45665630250207
    ],
    "p95": [
      108.7398319772921,
      109.67850647616152
    ],
    "p95_range": [
      108.7398319772921,
      109.67850647616152
    ],
    "std": 0.2438135404118984
  },
  "Platinum interface": {
    "best": 0.15727803198495915,
    "index": 13,
    "integer": false,
    "label": "Platinum interface",
    "mean": 0.17881741630940692,
    "median": 0.10388123901385579,
    "p68": [
      0.04093421696935816,
      0.33427369661642936
    ],
    "p68_range": [
      0.04093421696935816,
      0.33427369661642936
    ],
    "p95": [
      0.009365650695786671,
      0.8026506367958995
    ],
    "p95_range": [
      0.009365650695786671,
      0.8026506367958995
    ],
    "std": 0.19604204759211008
  },
  "Platinum rho": {
    "best": 6.526357805552274,
    "index": 14,
    "integer": false,
    "label": "Platinum rho",
    "mean": 6.50909878975223,
    "median": 6.510269532675315,
    "p68": [
      6.484300722819873,
      6.531517870114425
    ],