{
  "Interface interface": {
    "best": 14.011035102217372,
    "index": 3,
    "integer": false,
    "label": "Interface interface",
    "mean": 13.829740859372723,
    "median": 13.903661664227744,
    "p68": [
      13.27273561584276,
      14.432579864095391
    ],
    "p68_range": [
      13.27273561584276,
      14.432579864095391
    ],
    "p95": [
      12.237880706875288,
      14.8752518027553
    ],
    "p95_range": [
      12.237880706875288,
      14.8752518027553
    ],
    "std": 0.6440952105951772
  },
  "Interface irho": {
    "best": 3.4822282960623188,
    "index": 4,
    "integer": false,
    "label": "Interface irho",
    "mean": 3.4072752870614997,
    "median": 3.4329463173577266,
    "p68": [
      3.330977242206905,
      3.4823022300989046
    ],
    "p68_range": [
      3.330977242206905,
      3.4823022300989046
    ],
    "p95": [
      3.173422162602882,
      3.4975819927838785
    ],
    "p95_range": [
      3.173422162602882,
      3.4975819927838785
    ],
    "std": 0.08839111234578687
  },
  "Interface rho": {
    "best": 22.057870705066332,
    "index": 5,
    "integer": false,
    "label": "Interface rho",
    "mean": 22.489739102171704,
    "median": 22.29830402981707,
    "p68": [
      22.065422265162585,
      22.846050918241176
    ],
    "p68_range": [
      22.065422265162585,
      22.846050918241176
    ],
    "p95": [
      22.00877806969432,
      24.324449646551567
    ],
    "p95_range": [
      22.00877806969432,
      24.324449646551567
    ],
    "std": 0.591990630100535
  },
  "Interface thickness": {
    "best": 29.578256474721638,
    "index": 6,
    "integer": false,
    "label": "Interface thickness",
    "mean": 28.82812803292854,
    "median": 28.953469355007325,
    "p68": [
      27.677793268530536,
      30.074135250123945
    ],
    "p68_range": [
      27.677793268530536,
      30.074135250123945
    ],
    "p95": [
      25.300629852470713,
      31.100859167003513
    ],
    "p95_range": [
      25.300629852470713,
      31.100859167003513
    ],
    "std": 1.3927432163698865
  },
  "Permalloy interface": {
    "best": 6.678668539909972,
    "index": 11,
    "integer": false,
    "label": "Permalloy interface",
    "mean": 6.689415331166292,
    "median": 6.689187896512508,
    "p68": [
      6.677329068268588,
      6.7013657244201825
    ],
    "p68_range": [
      6.677329068268588,
      6.7013657244201825
    ],
    "p95": [
      6.667202828645126,
      6.713312010022523
    ],
    "p95_range": [
      6.667202828645126,
      6.713312010022523
    ],
    "std": 0.011892089255998863
  },
  "Permalloy irho": {
    "best": 0.5524230856771251,
    "index": 12,
    "integer": false,
    "label": "Permalloy irho",
    "mean": 0.5995617286435918,
    "median": 0.6023595638955155,
    "p68": [
      0.4373832659304302,
      0.7592664673564892
    ],
    "p68_range": [
      0.4373832659304302,
      0.7592664673564892
    ],
    "p95": [
      0.2899966729627241,
      0.8957696260658136
    ],
    "p95_range": [
      0.2899966729627241,
      0.8957696260658136
    ],
    "std": 0.15592938411162122
  },
  "Permalloy rho": {
    "best": 67.3244869864463,
    "index": 13,
    "integer": false,
    "label": "Permalloy rho",
    "mean": 67.28956095040597,
    "median": 67.29727749739855,
    "p68": [
      67.16395059491511,
      67.42246138875072
    ],
    "p68_range": [
      67.16395059491511,
      67.42246138875072
    ],
    "p95": [
      67.02995008122461,
      67.47893218777871
    ],
    "p95_range": [
      67.02995008122461,
      67.47893218777871
    ],
    "std": 0.1209423255903072
  },
  "Permalloy thickness": {
    "best": 107.89507211193546,
    "index": 14,
    "integer": false,
    "label": "Permalloy thickness",
    "mean": 107.90405555167155,
    "median": 107.90476136753146,
    "p68": [
      107.86992209735556,
      107.93727598784332
    ],
    "p68_range": [
      107.86992209735556,
      107.93727598784332
    ],
    "p95": [
      107.83612096546024,
      107.96873412270266
    ],
    "p95_range": [
      107.83612096546024,
      107.96873412270266
    ],
    "std": 0.03337515380617077
  },
  "Platinum interface": {
    "best": 3.659080906488707,
    "index": 15,
    "integer": false,
    "label": "Platinum interface",
    "mean": 3.6602111185919126,
    "median": 3.660228253021207,
    "p68": [
      3.6583189513762404,
      3.662041980391272
    ],
    "p68_range": [
      3.6583189513762404,
      3.662041980391272
    ],
    "p95": [
      3.6567607354387937,
      3.6636497479749615
    ],
    "p95_range": [
      3.6567607354387937,
      3.6636497479749615
    ],
    "std": 0.0018120955559808008
  },
  "Platinum irho": {
    "best": 8.44992846267477,
    "index": 16,
    "integer": false,
    "label": "Platinum irho",
    "mean": 8.448552321747425,
    "median": 8.449375638972773,
    "p68": [
      8.446499087545574,
      8.450560187537432
    ],
    "p68_range": [
      8.446499087545574,
      8.450560187537432
    ],
    "p95": [
      8.441899216485849,
      8.450927664720322
    ],
    "p95_range": [
      8.441899216485849,
      8.450927664720322
    ],
    "std": 0.002546305870207595
  },
  "Platinum rho": {
    "best": 134.6754985832884,
    "index": 17,
    "integer": false,
    "label": "Platinum rho",
    "mean": 134.69384688570455,
    "median": 134.7007412268003,
    "p68": [
      134.58723482414746,
      134.8022615649778
    ],
    "p68_range": [
      134.58723482414746,
      134.8022615649778
    ],
    "p95": [
      134.48466788337532,
      134.87880841007873
    ],
    "p95_range": [
      134.48466788337532,
      134.87880841007873
    ],
    "std": 0.10369985555445009
  },
  "Platinum thickness": {
    "best": 49.571758855810536,
    "index": 18,
    "integer": false,
    "label": "Platinum thickness",
    "mean": 49.57068798777167,
    "median": 49.57021213869127,
    "p68": [
      49.55149915109035,
      49.5904583443559
    ],
    "p68_range": [
      49.55149915109035,
      49.5904583443559
    ],
    "p95": [
      49.53318010817742,
      49.60841810212373
    ],
    "p95_range": [
      49.53318010817742,
      49.60841810212373
    ],
    "std": 0.01924399314977331
  },
  "SiOx interface": {
    "best": 3.2820057095207535,
    "index": 7,
    "integer": false,
    "label": "SiOx interface",
    "mean": 3.2770165029090514,
    "median": 3.277285142378517,
    "p68": [
      3.2649527990752905,
      3.289359830018934
    ],
    "p68_range": [
      3.2649527990752905,
      3.289359830018934
    ],
    "p95": [
      3.2531855873091065,
      3.2994686374280584
    ],
    "p95_range": [
      3.2531855873091065,
      3.2994686374280584
    ],
    "std": 0.01202159717354419
  },
  "SiOx irho": {
    "best": 7.827383343334677,
    "index": 8,
    "integer": false,
    "label": "SiOx irho",
    "mean": 7.769699519239142,
    "median": 7.802413157193213,
    "p68": [
      7.689519985486481,
      7.8520460274617125
    ],
    "p68_range": [
      7.689519985486481,
      7.8520460274617125
    ],
    "p95": [
      7.468715860952287,
      7.867528998229574
    ],
    "p95_range": [
      7.468715860952287,
      7.867528998229574
    ],
    "std": 0.10348893653279734
  },
  "SiOx rho": {
    "best": 33.39705457668683,
    "index": 9,
    "integer": false,
    "label": "SiOx rho",
    "mean": 33.40189788454447,
    "median": 33.40075683617286,
    "p68": [
      33.14309710053948,
      33.64066358705115
    ],
    "p68_range": [
      33.14309710053948,
      33.64066358705115
    ],