{
  "Interfacial thickness": {
    "best": 74.21140104699951,
    "index": 17,
    "integer": false,
    "label": "Interfacial thickness",
    "mean": 71.45806410363458,
    "median": 71.31343401652492,
    "p68": [
      70.99279852789988,
      71.91059990629148
    ],
    "p68_range": [
      70.99279852789988,
      71.91059990629148
    ],
    "p95": [
      70.53746741609069,
      73.06907461265587
    ],
    "p95_range": [
      70.53746741609069,
      73.06907461265587
    ],
    "std": 0.6297105615483922
  },
  "Interfacial z[0]": {
    "best": 0.1236197685388854,
    "index": 18,
    "integer": false,
    "label": "Interfacial z[0]",
    "mean": 0.14715225562329493,
    "median": 0.14757072526020196,
    "p68": [
      0.14231829197716706,
      0.15307925331423244
    ],
    "p68_range": [
      0.14231829197716706,
      0.15307925331423244
    ],
    "p95": [
      0.12747423759054302,
      0.15950595168298679
    ],
    "p95_range": [
      0.12747423759054302,
      0.15950595168298679
    ],
    "std": 0.007253676642627657
  },
  "Interfacial z[1]": {
    "best": 0.2804323099494852,
    "index": 19,
    "integer": false,
    "label": "Interfacial z[1]",
    "mean": 0.2689779395836839,
    "median": 0.26841111993634326,
    "p68": [
      0.2648632529238127,
      0.2736194945048754
    ],
    "p68_range": [
      0.2648632529238127,
      0.2736194945048754
    ],
    "p95": [
      0.2590712985781589,
      0.2792639957545895
    ],
    "p95_range": [
      0.2590712985781589,
      0.2792639957545895
    ],
    "std": 0.00505634039176483
  },
  "Interfacial z[2]": {
    "best": 0.5330555518123545,
    "index": 20,
    "integer": false,
    "label": "Interfacial z[2]",
    "mean": 0.5301413223377114,
    "median": 0.5302662558775108,
    "p68": [
      0.5248483375561209,
      0.5358668088322474
    ],
    "p68_range": [
      0.5248483375561209,
      0.5358668088322474
    ],
    "p95": [
      0.514516312584334,
      0.5451585721336956
    ],
    "p95_range": [
      0.514516312584334,
      0.5451585721336956
    ],
    "std": 0.006775022803381235
  },
  "Interfacial z[3]": {
    "best": 0.7750597799181674,
    "index": 21,
    "integer": false,
    "label": "Interfacial z[3]",
    "mean": 0.8109087492441693,
    "median": 0.8117525564467024,
    "p68": [
      0.8060258483665387,
      0.8165701131569911
    ],
    "p68_range": [
      0.8060258483665387,
      0.8165701131569911
    ],
    "p95": [
      0.7932206044677634,
      0.8229292734904102
    ],
    "p95_range": [
      0.7932206044677634,
      0.8229292734904102
    ],
    "std": 0.007100465142216218
  },
  "Interfacial z[4]": {
    "best": 0.9997306636979306,
    "index": 22,
    "integer": false,
    "label": "Interfacial z[4]",
    "mean": 0.9990619357738112,
    "median": 0.9995024821422429,
    "p68": [
      0.9981927530347672,
      0.9999145262551411
    ],
    "p68_range": [
      0.9981927530347672,
      0.9999145262551411
    ],
    "p95": [
      0.9962005746954175,
      0.9999920657029197
    ],
    "p95_range": [
      0.9962005746954175,
      0.9999920657029197
    ],
    "std": 0.001309120424650466
  },
  "Interfacial z[5]": {
    "best": 0.7735763650358909,
    "index": 23,
    "integer": false,
    "label": "Interfacial z[5]",
    "mean": 0.8109097282895821,
    "median": 0.8115394879560501,
    "p68": [
      0.8060353388699494,
      0.8166287751190646
    ],
    "p68_range": [
      0.8060353388699494,
      0.8166287751190646
    ],
    "p95": [
      0.793086891842528,
      0.8226828430863694
    ],
    "p95_range": [
      0.793086891842528,
      0.8226828430863694
    ],
    "std": 0.00757983771169555
  },
  "Nafion interface": {
    "best": 8.547679403983457,
    "index": 24,
    "integer": false,
    "label": "Nafion interface",
    "mean": 8.65330486844654,
    "median": 8.6190836296362,
    "p68": [
      8.52261704125097,
      8.794910566826701
    ],
    "p68_range": [
      8.52261704125097,
      8.794910566826701
    ],
    "p95": [
      8.415494736810617,
      9.04136864836511
    ],
    "p95_range": [
      8.415494736810617,
      9.04136864836511
    ],
    "std": 0.1516884754102272
  },
  "Nafion rho": {
    "best": 3.9475284628048604,
    "index": 16,
    "integer": false,
    "label": "Nafion rho",
    "mean": 3.952981180874424,
    "median": 3.9531625769066627,
    "p68": [
      3.942564184487574,
      3.9631401793005394
    ],
    "p68_range": [
      3.942564184487574,
      3.9631401793005394
    ],
    "p95": [
      3.9326610604467795,
      3.973852317353443
    ],
    "p95_range": [
      3.9326610604467795,
      3.973852317353443
    ],
    "std": 0.010354268983724886
  },
  "Nafion thickness": {
    "best": 214.42820486801548,
    "index": 25,
    "integer": false,
    "label": "Nafion thickness",
    "mean": 217.31294361560612,
    "median": 217.44837053277635,
    "p68": [
      216.80820751482983,
      217.78298272377728
    ],
    "p68_range": [
      216.80820751482983,
      217.78298272377728
    ],
    "p95": [
      215.56434004221214,
      218.157603606033
    ],
    "p95_range": [
      215.56434004221214,
      218.157603606033
    ],
    "std": 0.6566260771980977
  },
  "Permalloy interface": {
    "best": 7.867887511514073,
    "index": 9,
    "integer": false,
    "label": "Permalloy interface",
    "mean": 7.864998645322114,
    "median": 7.886353135083064,
    "p68": [
      7.748902885609469,
      7.966502218354081
    ],
    "p68_range": [
      7.748902885609469,
      7.966502218354081
    ],
    "p95": [
      7.516849517135632,
      8.168677683907527
    ],
    "p95_range": [
      7.516849517135632,
      8.168677683907527
    ],
    "std": 0.14042247424630708
  },
  "Permalloy rho": {
    "best": 9.068934861388072,
    "index": 11,
    "integer": false,
    "label": "Permalloy rho",
    "mean": 9.065286243705675,
    "median": 9.065676955605166,
    "p68": [
      9.053671509625756,
      9.077003068197095
    ],
    "p68_range": [
      9.053671509625756,
      9.077003068197095
    ],
    "p95": [
      9.041502395838284,
      9.089590580966943
    ],
    "p95_range": [
      9.041502395838284,
      9.089590580966943
    ],
    "std": 0.01264876772098559
  },
  "Permalloy rhoM": {
    "best": 1.8991773124092486,
    "index": 10,
    "integer": false,
    "label": "Permalloy rhoM",
    "mean": 1.8868758244545971,
    "median": 1.8852078951502453,
    "p68": [
      1.878247655885694,
      1.896650783968411
    ],
    "p68_range": [
      1.878247655885694,
      1.896650783968411
    ],
    "p95": [
      1.8685589616803533,
      1.908401379590958
    ],
    "p95_range": [
      1.8685589616803533,
      1.908401379590958
    ],
    "std": 0.009866058500853305
  },
  "Permalloy thickness": {
    "best": 109.14368673319721,
    "index": 12,
    "integer": false,
    "label": "Permalloy thickness",
    "mean": 109.14630779716906,
    "median": 109.14371206896905,
    "p68": [
      109.01220039314153,
      109.28788547124789
    ],
    "p68_range": [
      109.01220039314153,
      109.28788547124789
    ],
    "p95": [
      108.87903552442842,
      109.45933417929177
    ],
    "p95_range": [
      108.87903552442842,
      109.45933417929177
    ],
    "std": 0.1449600818381591
  },
  "Platinum interface": {
    "best": 3.3934899856941354,
    "index": 13,
    "integer": false,
    "label": "Platinum interface",
    "mean": 3.2211828461165655,
    "median": 3.223205353905386,
    "p68": [
      3.1231318530337213,
      3.319583617807411
    ],