{
  "Interfacial thickness": {
    "best": 79.50545755097754,
    "index": 18,
    "integer": false,
    "label": "Interfacial thickness",
    "mean": 79.87028731250554,
    "median": 79.71013556073552,
    "p68": [
      79.08802008096336,
      80.62009589180545
    ],
    "p68_range": [
      79.08802008096336,
      80.62009589180545
    ],
    "p95": [
      78.40938121585252,
      82.14534993132378
    ],
    "p95_range": [
      78.40938121585252,
      82.14534993132378
    ],
    "std": 0.9455002492460316
  },
  "Interfacial z[0]": {
    "best": 0.07682617049256671,
    "index": 19,
    "integer": false,
    "label": "Interfacial z[0]",
    "mean": 0.07556959684285568,
    "median": 0.07605910248914798,
    "p68": [
      0.07024889212383922,
      0.08083104606485803
    ],
    "p68_range": [
      0.07024889212383922,
      0.08083104606485803
    ],
    "p95": [
      0.06137576802721953,
      0.08814764823762669
    ],
    "p95_range": [
      0.06137576802721953,
      0.08814764823762669
    ],
    "std": 0.0064306056923583285
  },
  "Interfacial z[1]": {
    "best": 0.21930346418900373,
    "index": 20,
    "integer": false,
    "label": "Interfacial z[1]",
    "mean": 0.21845220796492557,
    "median": 0.21908978254354378,
    "p68": [
      0.21112586582369988,
      0.22491742151223768
    ],
    "p68_range": [
      0.21112586582369988,
      0.22491742151223768
    ],
    "p95": [
      0.2001537430891178,
      0.2339418427602948
    ],
    "p95_range": [
      0.2001537430891178,
      0.2339418427602948
    ],
    "std": 0.008110790250250728
  },
  "Interfacial z[2]": {
    "best": 0.5170178997069391,
    "index": 21,
    "integer": false,
    "label": "Interfacial z[2]",
    "mean": 0.5145202126310383,
    "median": 0.5156787249387818,
    "p68": [
      0.5042683901872214,
      0.5254536221352794
    ],
    "p68_range": [
      0.5042683901872214,
      0.5254536221352794
    ],
    "p95": [
      0.48604357573098317,
      0.5341876676224407
    ],
    "p95_range": [
      0.48604357573098317,
      0.5341876676224407
    ],
    "std": 0.012014234653224232
  },
  "Interfacial z[3]": {
    "best": 0.6459598191536128,
    "index": 22,
    "integer": false,
    "label": "Interfacial z[3]",
    "mean": 0.6441269809297941,
    "median": 0.6445897779612771,
    "p68": [
      0.6358271382023433,
      0.6511123568683358
    ],
    "p68_range": [
      0.6358271382023433,
      0.6511123568683358
    ],
    "p95": [
      0.6245794014105123,
      0.6630617908634897
    ],
    "p95_range": [
      0.6245794014105123,
      0.6630617908634897
    ],
    "std": 0.0096141827458827
  },
  "Interfacial z[4]": {
    "best": 0.9999719027653003,
    "index": 23,
    "integer": false,
    "label": "Interfacial z[4]",
    "mean": 0.9981930288739588,
    "median": 0.9990555300281581,
    "p68": [
      0.9964805312262275,
      0.9998109724748462
    ],
    "p68_range": [
      0.9964805312262275,
      0.9998109724748462
    ],
    "p95": [
      0.9919439798962578,
      0.9999778418370281
    ],
    "p95_range": [
      0.9919439798962578,
      0.9999778418370281
    ],
    "std": 0.002288505238585215
  },
  "Interfacial z[5]": {
    "best": 0.6448043085045736,
    "index": 24,
    "integer": false,
    "label": "Interfacial z[5]",
    "mean": 0.6441484134367923,
    "median": 0.6443795976520925,
    "p68": [
      0.636236480904286,
      0.6515234184180416
    ],
    "p68_range": [
      0.636236480904286,
      0.6515234184180416
    ],
    "p95": [
      0.62395389058235,
      0.6637801664954817
    ],
    "p95_range": [
      0.62395389058235,
      0.6637801664954817
    ],
    "std": 0.00924909269649994
  },
  "Nafion interface": {
    "best": 8.792694779404366,
    "index": 25,
    "integer": false,
    "label": "Nafion interface",
    "mean": 8.774664577037814,
    "median": 8.771853099837923,
    "p68": [
      8.595318980763157,
      8.941642986123936
    ],
    "p68_range": [
      8.595318980763157,
      8.941642986123936
    ],
    "p95": [
      8.442807169605675,
      9.124567769518796
    ],
    "p95_range": [
      8.442807169605675,
      9.124567769518796
    ],
    "std": 0.17231697935058998
  },
  "Nafion rho": {
    "best": 3.9792902879526713,
    "index": 17,
    "integer": false,
    "label": "Nafion rho",
    "mean": 3.9838512863234934,
    "median": 3.9839149116232613,
    "p68": [
      3.9718508470494,
      3.9953843514050336
    ],
    "p68_range": [
      3.9718508470494,
      3.9953843514050336
    ],
    "p95": [
      3.9600776732384344,
      4.008655376044662
    ],
    "p95_range": [
      3.9600776732384344,
      4.008655376044662
    ],
    "std": 0.012078775515641946
  },
  "Nafion thickness": {
    "best": 207.46562508417628,
    "index": 26,
    "integer": false,
    "label": "Nafion thickness",
    "mean": 207.0522838597406,
    "median": 207.24754722811608,
    "p68": [
      206.2784019732615,
      207.85654611409143
    ],
    "p68_range": [
      206.2784019732615,
      207.85654611409143
    ],
    "p95": [
      204.61149874286357,
      208.48032137538863
    ],
    "p95_range": [
      204.61149874286357,
      208.48032137538863
    ],
    "std": 0.9771281812563407
  },
  "Permalloy interface": {
    "best": 7.359643341186897,
    "index": 10,
    "integer": false,
    "label": "Permalloy interface",
    "mean": 7.360089358685799,
    "median": 7.363797123337875,
    "p68": [
      7.166202081366958,
      7.540859654736226
    ],
    "p68_range": [
      7.166202081366958,
      7.540859654736226
    ],
    "p95": [
      6.917439436005648,
      7.83427084388835
    ],
    "p95_range": [
      6.917439436005648,
      7.83427084388835
    ],
    "std": 0.21500978215169977
  },
  "Permalloy rho": {
    "best": 9.042834542094479,
    "index": 12,
    "integer": false,
    "label": "Permalloy rho",
    "mean": 9.045612851219675,
    "median": 9.04556030251194,
    "p68": [
      9.030247901607831,
      9.06073158903698
    ],
    "p68_range": [
      9.030247901607831,
      9.06073158903698
    ],
    "p95": [
      9.014757319035967,
      9.07798337142067
    ],
    "p95_range": [
      9.014757319035967,
      9.07798337142067
    ],
    "std": 0.01622302766248605
  },
  "Permalloy rhoM": {
    "best": 1.8982275450395834,
    "index": 11,
    "integer": false,
    "label": "Permalloy rhoM",
    "mean": 1.8964209479975893,
    "median": 1.896260569327482,
    "p68": [
      1.885490645489615,
      1.9069951664395532
    ],
    "p68_range": [
      1.885490645489615,
      1.9069951664395532
    ],
    "p95": [
      1.8746932243569054,
      1.9177927327674333
    ],
    "p95_range": [
      1.8746932243569054,
      1.9177927327674333
    ],
    "std": 0.011198334687848302
  },
  "Permalloy thickness": {
    "best": 109.16240005389574,
    "index": 13,
    "integer": false,
    "label": "Permalloy thickness",
    "mean": 109.19827748474188,
    "median": 109.19408611318512,
    "p68": [
      109.04408445039493,
      109.35707068962714
    ],
    "p68_range": [
      109.04408445039493,
      109.35707068962714
    ],
    "p95": [
      108.90050017436815,
      109.50304788681714
    ],
    "p95_range": [
      108.90050017436815,
      109.50304788681714
    ],
    "std": 0.15713631567832592
  },
  "Platinum interface": {
    "best": 9.998883615656991,
    "index": 14,
    "integer": false,
    "label": "Platinum interface",
    "mean": 9.99234151315363,
    "median": 9.995868164138423,
    "p68": [
      9.986741384564137,
      9.999090054949463
    ],