{
  "Permalloy interface": {
    "best": 6.5879331272894905,
    "index": 7,
    "integer": false,
    "label": "Permalloy interface",
    "mean": 6.587861257980198,
    "median": 6.58819511598932,
    "p68": [
      6.575421661930513,
      6.60041038958321
    ],
    "p68_range": [
      6.575421661930513,
      6.60041038958321
    ],
    "p95": [
      6.562719148621453,
      6.613069192003546
    ],
    "p95_range": [
      6.562719148621453,
      6.613069192003546
    ],
    "std": 0.01266239005769358
  },
  "Permalloy irho": {
    "best": 2.73412040967103,
    "index": 8,
    "integer": false,
    "label": "Permalloy irho",
    "mean": 2.734007702312817,
    "median": 2.7376151724685167,
    "p68": [
      2.5200310913286867,
      2.9513954450372704
    ],
    "p68_range": [
      2.5200310913286867,
      2.9513954450372704
    ],
    "p95": [
      2.3046346317944892,
      3.160753745928013
    ],
    "p95_range": [
      2.3046346317944892,
      3.160753745928013
    ],
    "std": 0.21534541937489196
  },
  "Permalloy rho": {
    "best": 66.41747007992524,
    "index": 9,
    "integer": false,
    "label": "Permalloy rho",
    "mean": 66.42039389038895,
    "median": 66.41316939193949,
    "p68": [
      66.24356550376649,
      66.59838839268795
    ],
    "p68_range": [
      66.24356550376649,
      66.59838839268795
    ],
    "p95": [
      66.06107239610726,
      66.7866510488719
    ],
    "p95_range": [
      66.06107239610726,
      66.7866510488719
    ],
    "std": 0.18303017062416269
  },
  "Permalloy thickness": {
    "best": 108.05713213131403,
    "index": 10,
    "integer": false,
    "label": "Permalloy thickness",
    "mean": 108.05835492288729,
    "median": 108.05864303780197,
    "p68": [
      108.02675245785322,
      108.09021829642258
    ],
    "p68_range": [
      108.02675245785322,
      108.09021829642258
    ],
    "p95": [
      108.00010073889263,
      108.12058360697712
    ],
    "p95_range": [
      108.00010073889263,
      108.12058360697712
    ],
    "std": 0.031292810777114266
  },
  "Pt interface": {
    "best": 3.6934707296209837,
    "index": 11,
    "integer": false,
    "label": "Pt interface",
    "mean": 3.693501745593249,
    "median": 3.6934583191478723,
    "p68": [
      3.6916209452164193,
      3.6954539762856657
    ],
    "p68_range": [
      3.6916209452164193,
      3.6954539762856657
    ],
    "p95": [
      3.6896858653020543,
      3.697478132623389
    ],
    "p95_range": [
      3.6896858653020543,
      3.697478132623389
    ],
    "std": 0.0019607836445835677
  },
  "Pt irho": {
    "best": 11.91398417904357,
    "index": 12,
    "integer": false,
    "label": "Pt irho",
    "mean": 11.910501527417967,
    "median": 11.911297665068108,
    "p68": [
      11.822315607873541,
      11.998870131809063
    ],
    "p68_range": [
      11.822315607873541,
      11.998870131809063
    ],
    "p95": [
      11.737828646290609,
      12.076429016644195
    ],
    "p95_range": [
      11.737828646290609,
      12.076429016644195
    ],
    "std": 0.08720523301356581
  },
  "Pt rho": {
    "best": 132.636531169338,
    "index": 13,
    "integer": false,
    "label": "Pt rho",
    "mean": 132.64348939052346,
    "median": 132.64461709433286,
    "p68": [
      132.521543611091,
      132.76615437958588
    ],
    "p68_range": [
      132.521543611091,
      132.76615437958588
    ],
    "p95": [
      132.40826985190608,
      132.8866435205121
    ],
    "p95_range": [
      132.40826985190608,
      132.8866435205121
    ],
    "std": 0.1200964044790177
  },
  "Pt thickness": {
    "best": 49.549604018363596,
    "index": 14,
    "integer": false,
    "label": "Pt thickness",
    "mean": 49.54896212912497,
    "median": 49.54812724639187,
    "p68": [
      49.529832763633195,
      49.5688583278208
    ],
    "p68_range": [
      49.529832763633195,
      49.5688583278208
    ],
    "p95": [
      49.5113088694198,
      49.587617263746466
    ],
    "p95_range": [
      49.5113088694198,
      49.587617263746466
    ],
    "std": 0.01948585495716581
  },
  "SiOx interface": {
    "best": 3.295940715395074,
    "index": 3,
    "integer": false,
    "label": "SiOx interface",
    "mean": 3.2960964363849534,
    "median": 3.296074836581852,
    "p68": [
      3.2844913231488566,
      3.307352016981003
    ],
    "p68_range": [
      3.2844913231488566,
      3.307352016981003
    ],
    "p95": [
      3.2723722603033836,
      3.3193184719702216
    ],
    "p95_range": [
      3.2723722603033836,
      3.3193184719702216
    ],
    "std": 0.011640567827450527
  },
  "SiOx irho": {
    "best": 6.820754667526068,
    "index": 4,
    "integer": false,
    "label": "SiOx irho",
    "mean": 6.815268047561564,
    "median": 6.812380206368138,
    "p68": [
      6.406805472487565,
      7.229947877613654
    ],
    "p68_range": [
      6.406805472487565,
      7.229947877613654
    ],
    "p95": [
      6.025436398574474,
      7.649973147847464
    ],
    "p95_range": [
      6.025436398574474,
      7.649973147847464
    ],
    "std": 0.41124469227305677
  },
  "SiOx rho": {
    "best": 31.110551517975765,
    "index": 5,
    "integer": false,
    "label": "SiOx rho",
    "mean": 31.11465205119964,
    "median": 31.1168364881348,
    "p68": [
      30.846455420399728,
      31.37951634349536
    ],
    "p68_range": [
      30.846455420399728,
      31.37951634349536
    ],
    "p95": [
      30.60499142440116,
      31.618279428035724
    ],
    "p95_range": [
      30.60499142440116,
      31.618279428035724
    ],
    "std": 0.2636433121608707
  },
  "SiOx thickness": {
    "best": 31.05362180613603,
    "index": 6,
    "integer": false,
    "label": "SiOx thickness",
    "mean": 31.050662247837757,
    "median": 31.03358007935769,
    "p68": [
      29.533908300253874,
      32.614665175351455
    ],
    "p68_range": [
      29.533908300253874,
      32.614665175351455
    ],
    "p95": [
      28.103895971435115,
      34.137363483681646
    ],
    "p95_range": [
      28.103895971435115,
      34.137363483681646
    ],
    "std": 1.5484455678713966
  },
  "Silicon interface": {
    "best": 17.633090436466944,
    "index": 2,
    "integer": false,
    "label": "Silicon interface",
    "mean": 17.703495083595364,
    "median": 17.666440016690323,
    "p68": [
      17.164334234040325,
      18.251620749345154
    ],
    "p68_range": [
      17.164334234040325,
      18.251620749345154
    ],
    "p95": [
      16.71491815328842,
      18.870641919703363
    ],
    "p95_range": [
      16.71491815328842,
      18.870641919703363
    ],
    "std": 0.5419427519167127
  },
  "intensity R1XRR": {
    "best": 1.0782330545825833,
    "index": 1,
    "integer": false,
    "label": "intensity R1XRR",
    "mean": 1.0780842914655604,
    "median": 1.0780513663073379,
    "p68": [
      1.0755127822394663,
      1.0807884286305909
    ],
    "p68_range": [
      1.0755127822394663,
      1.0807884286305909
    ],
    "p95": [
      1.072799235809706,
      1.0831158337667817
    ],
    "p95_range": [
      1.072799235809706,
      1.0831158337667817
    ],
    "std": 0.0026371985975246885
  }
}