{
  "Interace interface": {
    "best": 5.849307574306291,
    "index": 12,
    "integer": false,
    "label": "Interace interface",
    "mean": 5.839499922093413,
    "median": 5.841381709122588,
    "p68": [
      5.7425834021059226,
      5.929366583413305
    ],
    "p68_range": [
      5.7425834021059226,
      5.929366583413305
    ],
    "p95": [
      5.647461067085188,
      6.023343366305976
    ],
    "p95_range": [
      5.647461067085188,
      6.023343366305976
    ],
    "std": 0.09380964174345817
  },
  "Interace irho": {
    "best": 13.234040790493715,
    "index": 13,
    "integer": false,
    "label": "Interace irho",
    "mean": 13.172200111739976,
    "median": 13.162814914592596,
    "p68": [
      12.97881863899556,
      13.352918356953353
    ],
    "p68_range": [
      12.97881863899556,
      13.352918356953353
    ],
    "p95": [
      12.798691603130086,
      13.600504175726488
    ],
    "p95_range": [
      12.798691603130086,
      13.600504175726488
    ],
    "std": 0.19777764799721767
  },
  "Interace rho": {
    "best": 128.23125888313297,
    "index": 14,
    "integer": false,
    "label": "Interace rho",
    "mean": 128.13193953132745,
    "median": 128.13250830379138,
    "p68": [
      127.97508151549079,
      128.29239779276065
    ],
    "p68_range": [
      127.97508151549079,
      128.29239779276065
    ],
    "p95": [
      127.81149283025414,
      128.43798425785877
    ],
    "p95_range": [
      127.81149283025414,
      128.43798425785877
    ],
    "std": 0.15882035156711324
  },
  "Interace thickness": {
    "best": 40.570876743457916,
    "index": 15,
    "integer": false,
    "label": "Interace thickness",
    "mean": 40.44139574202742,
    "median": 40.42486989876055,
    "p68": [
      40.119834297897604,
      40.74984218639285
    ],
    "p68_range": [
      40.119834297897604,
      40.74984218639285
    ],
    "p95": [
      39.837883270099645,
      41.13559567069353
    ],
    "p95_range": [
      39.837883270099645,
      41.13559567069353
    ],
    "std": 0.32508318558569804
  },
  "Permalloy interface": {
    "best": 6.62499170931091,
    "index": 8,
    "integer": false,
    "label": "Permalloy interface",
    "mean": 6.624336675043829,
    "median": 6.62467609950818,
    "p68": [
      6.610546251610973,
      6.6374168210294044
    ],
    "p68_range": [
      6.610546251610973,
      6.6374168210294044
    ],
    "p95": [
      6.597636752656456,
      6.650685022376723
    ],
    "p95_range": [
      6.597636752656456,
      6.650685022376723
    ],
    "std": 0.013371228291397547
  },
  "Permalloy irho": {
    "best": 5.027679033254557,
    "index": 9,
    "integer": false,
    "label": "Permalloy irho",
    "mean": 5.079516244880239,
    "median": 5.083678582302957,
    "p68": [
      4.891687302354138,
      5.259915064712041
    ],
    "p68_range": [
      4.891687302354138,
      5.259915064712041
    ],
    "p95": [
      4.750192468569065,
      5.420097162705078
    ],
    "p95_range": [
      4.750192468569065,
      5.420097162705078
    ],
    "std": 0.1801208667286801
  },
  "Permalloy rho": {
    "best": 59.34770407821727,
    "index": 10,
    "integer": false,
    "label": "Permalloy rho",
    "mean": 59.258689071933084,
    "median": 59.261166285399256,
    "p68": [
      59.06111767193955,
      59.462606231500466
    ],
    "p68_range": [
      59.06111767193955,
      59.462606231500466
    ],
    "p95": [
      58.85842353806083,
      59.634984684689655
    ],
    "p95_range": [
      58.85842353806083,
      59.634984684689655
    ],
    "std": 0.19828884971443242
  },
  "Permalloy thickness": {
    "best": 108.53095892915242,
    "index": 11,
    "integer": false,
    "label": "Permalloy thickness",
    "mean": 108.54234659764938,
    "median": 108.5416561110475,
    "p68": [
      108.51162088897938,
      108.57356356683607
    ],
    "p68_range": [
      108.51162088897938,
      108.57356356683607
    ],
    "p95": [
      108.4772837456585,
      108.61078509873273
    ],
    "p95_range": [
      108.4772837456585,
      108.61078509873273
    ],
    "std": 0.03241673043823277
  },
  "Platinum interface": {
    "best": 3.520808715520379,
    "index": 16,
    "integer": false,
    "label": "Platinum interface",
    "mean": 3.521576166668108,
    "median": 3.5217834080081483,
    "p68": [
      3.5152631935572307,
      3.527707792143997
    ],
    "p68_range": [
      3.5152631935572307,
      3.527707792143997
    ],
    "p95": [
      3.50928328457078,
      3.532796678714766
    ],
    "p95_range": [
      3.50928328457078,
      3.532796678714766
    ],
    "std": 0.006139184655043302
  },
  "Platinum irho": {
    "best": -2.5258232166836336,
    "index": 17,
    "integer": false,
    "label": "Platinum irho",
    "mean": -6.611092584171257,
    "median": -6.362766169142147,
    "p68": [
      -11.083016437372397,
      -2.2193440242480205
    ],
    "p68_range": [
      -11.083016437372397,
      -2.2193440242480205
    ],
    "p95": [
      -13.51310955992859,
      -0.360472594021663
    ],
    "p95_range": [
      -13.51310955992859,
      -0.360472594021663
    ],
    "std": 3.8557275746526964
  },
  "Platinum rho": {
    "best": 122.57131044949202,
    "index": 18,
    "integer": false,
    "label": "Platinum rho",
    "mean": 122.6908461317633,
    "median": 122.73090825546625,
    "p68": [
      121.99357055248824,
      123.35726860719303
    ],
    "p68_range": [
      121.99357055248824,
      123.35726860719303
    ],
    "p95": [
      121.20730904725407,
      123.93592364128197
    ],
    "p95_range": [
      121.20730904725407,
      123.93592364128197
    ],
    "std": 0.690094766090453
  },
  "Platinum thickness": {
    "best": 9.294889562300826,
    "index": 19,
    "integer": false,
    "label": "Platinum thickness",
    "mean": 9.407822963612066,
    "median": 9.427253663395316,
    "p68": [
      9.116494258687922,
      9.70403482956475
    ],
    "p68_range": [
      9.116494258687922,
      9.70403482956475
    ],
    "p95": [
      8.767752211656903,
      9.974400445939999
    ],
    "p95_range": [
      8.767752211656903,
      9.974400445939999
    ],
    "std": 0.3025776483041034
  },
  "SiOx interface": {
    "best": 3.3826228670556056,
    "index": 4,
    "integer": false,
    "label": "SiOx interface",
    "mean": 3.385555151009642,
    "median": 3.385471362697014,
    "p68": [
      3.3735802926846574,
      3.3980668544548887
    ],
    "p68_range": [
      3.3735802926846574,
      3.3980668544548887
    ],
    "p95": [
      3.362158765391073,
      3.4100328235736734
    ],
    "p95_range": [
      3.362158765391073,
      3.4100328235736734
    ],
    "std": 0.012188520497370958
  },
  "SiOx irho": {
    "best": 0.7263858588904906,
    "index": 5,
    "integer": false,
    "label": "SiOx irho",
    "mean": 0.8092430763760896,
    "median": 0.8203571383356716,
    "p68": [
      0.6337743043722884,
      0.990877079179817
    ],
    "p68_range": [
      0.6337743043722884,
      0.990877079179817
    ],
    "p95": [
      0.45136771531634523,
      1.096132389549908
    ],
    "p95_range": [
      0.45136771531634523,
      1.096132389549908
    ],
    "std": 0.17270457777803913
  },
  "SiOx rho": {
    "best": 21.312111059684263,
    "index": 6,
    "integer": false,
    "label": "SiOx rho",
    "mean": 21.23868829377116,
    "median": 21.24392278334518,
    "p68": [
      21.06455614955682,
      21.402935969767594
    ],
    "p68_range": [
      21.06455614955682,
      21.402935969767594
    ],