{
  "Interace interface": {
    "best": 12.12106513231323,
    "index": 12,
    "integer": false,
    "label": "Interace interface",
    "mean": 11.854526613035485,
    "median": 11.853160983036076,
    "p68": [
      11.424080138597036,
      12.301216050556256
    ],
    "p68_range": [
      11.424080138597036,
      12.301216050556256
    ],
    "p95": [
      11.022526118404825,
      12.707668750778698
    ],
    "p95_range": [
      11.022526118404825,
      12.707668750778698
    ],
    "std": 0.4374401366405161
  },
  "Interace irho": {
    "best": -5.082771656517005,
    "index": 13,
    "integer": false,
    "label": "Interace irho",
    "mean": -6.4999561550937015,
    "median": -6.271809190635666,
    "p68": [
      -11.430365488237564,
      -1.9831695103860487
    ],
    "p68_range": [
      -11.430365488237564,
      -1.9831695103860487
    ],
    "p95": [
      -13.494943782907594,
      -0.28378978252371273
    ],
    "p95_range": [
      -13.494943782907594,
      -0.28378978252371273
    ],
    "std": 4.014622613252482
  },
  "Interace rho": {
    "best": 122.69430928882967,
    "index": 14,
    "integer": false,
    "label": "Interace rho",
    "mean": 122.93165178989369,
    "median": 122.92059476350175,
    "p68": [
      122.43843436752532,
      123.43367676306345
    ],
    "p68_range": [
      122.43843436752532,
      123.43367676306345
    ],
    "p95": [
      121.94277991395637,
      123.9902940689608
    ],
    "p95_range": [
      121.94277991395637,
      123.9902940689608
    ],
    "std": 0.5042009331917825
  },
  "Interace thickness": {
    "best": 18.912396288747722,
    "index": 15,
    "integer": false,
    "label": "Interace thickness",
    "mean": 18.84851076270758,
    "median": 18.86167577836126,
    "p68": [
      18.790203511446453,
      18.905036562606934
    ],
    "p68_range": [
      18.790203511446453,
      18.905036562606934
    ],
    "p95": [
      18.68916860993119,
      18.943901756919445
    ],
    "p95_range": [
      18.68916860993119,
      18.943901756919445
    ],
    "std": 0.06561022608091271
  },
  "Permalloy interface": {
    "best": 6.213913951193766,
    "index": 8,
    "integer": false,
    "label": "Permalloy interface",
    "mean": 6.222502223064226,
    "median": 6.222391611622599,
    "p68": [
      6.200301687077021,
      6.24518312533375
    ],
    "p68_range": [
      6.200301687077021,
      6.24518312533375
    ],
    "p95": [
      6.172920495944272,
      6.269414461563742
    ],
    "p95_range": [
      6.172920495944272,
      6.269414461563742
    ],
    "std": 0.02356470949543683
  },
  "Permalloy irho": {
    "best": 1.747554784407124,
    "index": 9,
    "integer": false,
    "label": "Permalloy irho",
    "mean": 1.8393794600696833,
    "median": 1.8394360957758762,
    "p68": [
      1.672264108276265,
      2.013986570883368
    ],
    "p68_range": [
      1.672264108276265,
      2.013986570883368
    ],
    "p95": [
      1.5090910234318096,
      2.1475386097158244
    ],
    "p95_range": [
      1.5090910234318096,
      2.1475386097158244
    ],
    "std": 0.17037154264117726
  },
  "Permalloy rho": {
    "best": 57.894784730099516,
    "index": 10,
    "integer": false,
    "label": "Permalloy rho",
    "mean": 57.886572664110346,
    "median": 57.8818539474451,
    "p68": [
      57.74375252734224,
      58.0410400209633
    ],
    "p68_range": [
      57.74375252734224,
      58.0410400209633
    ],
    "p95": [
      57.61400666157355,
      58.177651252627875
    ],
    "p95_range": [
      57.61400666157355,
      58.177651252627875
    ],
    "std": 0.14371934671093928
  },
  "Permalloy thickness": {
    "best": 109.10929425879829,
    "index": 11,
    "integer": false,
    "label": "Permalloy thickness",
    "mean": 109.13459504265933,
    "median": 109.13514244468827,
    "p68": [
      109.09896108331948,
      109.17041469750811
    ],
    "p68_range": [
      109.09896108331948,
      109.17041469750811
    ],
    "p95": [
      109.06890115244008,
      109.20161711262851
    ],
    "p95_range": [
      109.06890115244008,
      109.20161711262851
    ],
    "std": 0.0344551072213386
  },
  "Platinum interface": {
    "best": 3.650441783594647,
    "index": 16,
    "integer": false,
    "label": "Platinum interface",
    "mean": 3.6516237631956474,
    "median": 3.6516529808239997,
    "p68": [
      3.6493771090923457,
      3.653833285141853
    ],
    "p68_range": [
      3.6493771090923457,
      3.653833285141853
    ],
    "p95": [
      3.647202028069392,
      3.6559359450838356
    ],
    "p95_range": [
      3.647202028069392,
      3.6559359450838356
    ],
    "std": 0.0021916563388742235
  },
  "Platinum irho": {
    "best": 4.07959621679345,
    "index": 17,
    "integer": false,
    "label": "Platinum irho",
    "mean": 4.215257469104719,
    "median": 4.210726114056048,
    "p68": [
      3.992244309160155,
      4.445062841129572
    ],
    "p68_range": [
      3.992244309160155,
      4.445062841129572
    ],
    "p95": [
      3.7710895794918025,
      4.665766133699252
    ],
    "p95_range": [
      3.7710895794918025,
      4.665766133699252
    ],
    "std": 0.22653130543887315
  },
  "Platinum rho": {
    "best": 136.7247925970445,
    "index": 18,
    "integer": false,
    "label": "Platinum rho",
    "mean": 136.6087534585655,
    "median": 136.60834792096605,
    "p68": [
      136.394723612092,
      136.81588061909952
    ],
    "p68_range": [
      136.394723612092,
      136.81588061909952
    ],
    "p95": [
      136.25797065690364,
      136.99022192316306
    ],
    "p95_range": [
      136.25797065690364,
      136.99022192316306
    ],
    "std": 0.197388612547859
  },
  "Platinum thickness": {
    "best": 30.018070529007595,
    "index": 19,
    "integer": false,
    "label": "Platinum thickness",
    "mean": 30.061467414746527,
    "median": 30.043955429531266,
    "p68": [
      30.00755078318876,
      30.113079278572787
    ],
    "p68_range": [
      30.00755078318876,
      30.113079278572787
    ],
    "p95": [
      30.000829984678354,
      30.227256608912345
    ],
    "p95_range": [
      30.000829984678354,
      30.227256608912345
    ],
    "std": 0.06038130946606043
  },
  "SiOx interface": {
    "best": 3.275661496849145,
    "index": 4,
    "integer": false,
    "label": "SiOx interface",
    "mean": 3.2719286847982545,
    "median": 3.272271037925965,
    "p68": [
      3.2615113716445165,
      3.2820318666113395
    ],
    "p68_range": [
      3.2615113716445165,
      3.2820318666113395
    ],
    "p95": [
      3.252393658281113,
      3.291313875623152
    ],
    "p95_range": [
      3.252393658281113,
      3.291313875623152
    ],
    "std": 0.010246116648454132
  },
  "SiOx irho": {
    "best": -0.430266117150322,
    "index": 5,
    "integer": false,
    "label": "SiOx irho",
    "mean": -0.217207384359992,
    "median": -0.22181803762263944,
    "p68": [
      -0.40241247851389994,
      -0.030225569602758857
    ],
    "p68_range": [
      -0.40241247851389994,
      -0.030225569602758857
    ],
    "p95": [
      -0.4828515534210722,
      0.08537618458281987
    ],
    "p95_range": [
      -0.4828515534210722,
      0.08537618458281987
    ],
    "std": 0.16433532697464978
  },
  "SiOx rho": {
    "best": 23.07418822939249,
    "index": 6,
    "integer": false,
    "label": "SiOx rho",
    "mean": 23.011946842013696,
    "median": 23.00428310714644,
    "p68": [
      22.80466871800347,
      23.230072360397717
    ],
    "p68_range": [
      22.80466871800347,
      23.230072360397717
    ],