{
  "Interace interface": {
    "best": 5.792961704870362,
    "index": 12,
    "integer": false,
    "label": "Interace interface",
    "mean": 5.791875978846933,
    "median": 5.789780987565008,
    "p68": [
      5.6918915785038,
      5.893387038729079
    ],
    "p68_range": [
      5.6918915785038,
      5.893387038729079
    ],
    "p95": [
      5.603219529911893,
      5.9862583985224305
    ],
    "p95_range": [
      5.603219529911893,
      5.9862583985224305
    ],
    "std": 0.09855251731149055
  },
  "Interace irho": {
    "best": 12.624795754229252,
    "index": 13,
    "integer": false,
    "label": "Interace irho",
    "mean": 12.635415722713292,
    "median": 12.638996605823793,
    "p68": [
      12.539221459616062,
      12.730934591133378
    ],
    "p68_range": [
      12.539221459616062,
      12.730934591133378
    ],
    "p95": [
      12.432280883596402,
      12.830853646524478
    ],
    "p95_range": [
      12.432280883596402,
      12.830853646524478
    ],
    "std": 0.09998025061539238
  },
  "Interace rho": {
    "best": 128.06177720300283,
    "index": 14,
    "integer": false,
    "label": "Interace rho",
    "mean": 128.1940132283565,
    "median": 128.18938087183415,
    "p68": [
      128.03175251207603,
      128.35691868323497
    ],
    "p68_range": [
      128.03175251207603,
      128.35691868323497
    ],
    "p95": [
      127.86624827157283,
      128.53412056877073
    ],
    "p95_range": [
      127.86624827157283,
      128.53412056877073
    ],
    "std": 0.1668622318235117
  },
  "Interace thickness": {
    "best": 39.57479713520519,
    "index": 15,
    "integer": false,
    "label": "Interace thickness",
    "mean": 39.66794116534121,
    "median": 39.67245378296262,
    "p68": [
      39.458473709678444,
      39.884684212442956
    ],
    "p68_range": [
      39.458473709678444,
      39.884684212442956
    ],
    "p95": [
      39.24565455596549,
      40.08261086216384
    ],
    "p95_range": [
      39.24565455596549,
      40.08261086216384
    ],
    "std": 0.21235623140787438
  },
  "Permalloy interface": {
    "best": 6.614965183045696,
    "index": 8,
    "integer": false,
    "label": "Permalloy interface",
    "mean": 6.617394327680592,
    "median": 6.617131426418096,
    "p68": [
      6.603521879954764,
      6.63199453498212
    ],
    "p68_range": [
      6.603521879954764,
      6.63199453498212
    ],
    "p95": [
      6.589748858176438,
      6.643849976490905
    ],
    "p95_range": [
      6.589748858176438,
      6.643849976490905
    ],
    "std": 0.01381708931882018
  },
  "Permalloy irho": {
    "best": 4.998248180142308,
    "index": 9,
    "integer": false,
    "label": "Permalloy irho",
    "mean": 4.922637561493797,
    "median": 4.929402511290759,
    "p68": [
      4.733940498587817,
      5.111610371795624
    ],
    "p68_range": [
      4.733940498587817,
      5.111610371795624
    ],
    "p95": [
      4.5551082977144555,
      5.261412497064513
    ],
    "p95_range": [
      4.5551082977144555,
      5.261412497064513
    ],
    "std": 0.18739810171923307
  },
  "Permalloy rho": {
    "best": 59.198983033969604,
    "index": 10,
    "integer": false,
    "label": "Permalloy rho",
    "mean": 59.230398094377115,
    "median": 59.22931052096532,
    "p68": [
      59.004550192412516,
      59.44148915090147
    ],
    "p68_range": [
      59.004550192412516,
      59.44148915090147
    ],
    "p95": [
      58.846637219514506,
      59.64279624696428
    ],
    "p95_range": [
      58.846637219514506,
      59.64279624696428
    ],
    "std": 0.20707641087662804
  },
  "Permalloy thickness": {
    "best": 108.58091445734088,
    "index": 11,
    "integer": false,
    "label": "Permalloy thickness",
    "mean": 108.56875244149428,
    "median": 108.56896378580308,
    "p68": [
      108.53800752619347,
      108.5992909105088
    ],
    "p68_range": [
      108.53800752619347,
      108.5992909105088
    ],
    "p95": [
      108.5077795404435,
      108.63095104663194
    ],
    "p95_range": [
      108.5077795404435,
      108.63095104663194
    ],
    "std": 0.031432527913086795
  },
  "Platinum interface": {
    "best": 3.5306796564807135,
    "index": 16,
    "integer": false,
    "label": "Platinum interface",
    "mean": 3.531080266124683,
    "median": 3.5310557012376256,
    "p68": [
      3.5260723850980122,
      3.5363592992392494
    ],
    "p68_range": [
      3.5260723850980122,
      3.5363592992392494
    ],
    "p95": [
      3.5207273757700155,
      3.540785046516831
    ],
    "p95_range": [
      3.5207273757700155,
      3.540785046516831
    ],
    "std": 0.005019882653498211
  },
  "Platinum irho": {
    "best": -2.5030131570194203,
    "index": 17,
    "integer": false,
    "label": "Platinum irho",
    "mean": -6.604313807751917,
    "median": -6.3547195163693955,
    "p68": [
      -11.35572564918043,
      -1.9704486330252036
    ],
    "p68_range": [
      -11.35572564918043,
      -1.9704486330252036
    ],
    "p95": [
      -13.42923906634678,
      -0.21975878064522547
    ],
    "p95_range": [
      -13.42923906634678,
      -0.21975878064522547
    ],
    "std": 3.9587763615146643
  },
  "Platinum rho": {
    "best": 124.43496097681405,
    "index": 18,
    "integer": false,
    "label": "Platinum rho",
    "mean": 124.46326867520612,
    "median": 124.45147909610554,
    "p68": [
      124.17650102844925,
      124.76286601163308
    ],
    "p68_range": [
      124.17650102844925,
      124.76286601163308
    ],
    "p95": [
      123.86632437377357,
      125.05305520904349
    ],
    "p95_range": [
      123.86632437377357,
      125.05305520904349
    ],
    "std": 0.29970093526755553
  },
  "Platinum thickness": {
    "best": 10.224260416297861,
    "index": 19,
    "integer": false,
    "label": "Platinum thickness",
    "mean": 10.14141703318619,
    "median": 10.140651335207348,
    "p68": [
      9.948354988829312,
      10.331476259619091
    ],
    "p68_range": [
      9.948354988829312,
      10.331476259619091
    ],
    "p95": [
      9.770840176170715,
      10.524522805975606
    ],
    "p95_range": [
      9.770840176170715,
      10.524522805975606
    ],
    "std": 0.19371086901128662
  },
  "SiOx interface": {
    "best": 3.3733648698978884,
    "index": 4,
    "integer": false,
    "label": "SiOx interface",
    "mean": 3.377348402017448,
    "median": 3.3775173939792076,
    "p68": [
      3.365993425711801,
      3.388429640180224
    ],
    "p68_range": [
      3.365993425711801,
      3.388429640180224
    ],
    "p95": [
      3.3548026082384776,
      3.399086255364382
    ],
    "p95_range": [
      3.3548026082384776,
      3.399086255364382
    ],
    "std": 0.011205566746423106
  },
  "SiOx irho": {
    "best": 0.7889373145641517,
    "index": 5,
    "integer": false,
    "label": "SiOx irho",
    "mean": 0.7780339121361112,
    "median": 0.8013790486238643,
    "p68": [
      0.6010167973605296,
      0.9583373142629865
    ],
    "p68_range": [
      0.6010167973605296,
      0.9583373142629865
    ],
    "p95": [
      0.32185866423869347,
      1.0992065003099083
    ],
    "p95_range": [
      0.32185866423869347,
      1.0992065003099083
    ],
    "std": 0.19640057504927882
  },
  "SiOx rho": {
    "best": 21.258528161829236,
    "index": 6,
    "integer": false,
    "label": "SiOx rho",
    "mean": 21.23507143358804,
    "median": 21.243188295130228,
    "p68": [
      21.06464529205916,
      21.39864920345442
    ],
    "p68_range": [
      21.06464529205916,
      21.39864920345442
    ],