{
  "Background MM": {
    "best": 7.414396998172101e-11,
    "index": 1,
    "integer": false,
    "label": "Background MM",
    "mean": 9.78024978120723e-09,
    "median": 6.858488928586855e-09,
    "p68": [
      1.5045105464977694e-09,
      1.7440870649393574e-08
    ],
    "p68_range": [
      1.5045105464977694e-09,
      1.7440870649393574e-08
    ],
    "p95": [
      1.9632445662060636e-10,
      3.83285867120005e-08
    ],
    "p95_range": [
      1.9632445662060636e-10,
      3.83285867120005e-08
    ],
    "std": 1.0772968327131792e-08
  },
  "Background PP": {
    "best": 2.0912779386622122e-07,
    "index": 3,
    "integer": false,
    "label": "Background PP",
    "mean": 2.0444153608815033e-07,
    "median": 2.056231675608078e-07,
    "p68": [
      1.6569574528939313e-07,
      2.446107405778181e-07
    ],
    "p68_range": [
      1.6569574528939313e-07,
      2.446107405778181e-07
    ],
    "p95": [
      1.2311933910417496e-07,
      2.832483103634008e-07
    ],
    "p95_range": [
      1.2311933910417496e-07,
      2.832483103634008e-07
    ],
    "std": 3.982017716135115e-08
  },
  "Bulk Nafion interface": {
    "best": 7.598206321362216,
    "index": 26,
    "integer": false,
    "label": "Bulk Nafion interface",
    "mean": 7.602571175040107,
    "median": 7.6075333030098875,
    "p68": [
      7.475757620554262,
      7.721319870552852
    ],
    "p68_range": [
      7.475757620554262,
      7.721319870552852
    ],
    "p95": [
      7.335055218080569,
      7.868743519209885
    ],
    "p95_range": [
      7.335055218080569,
      7.868743519209885
    ],
    "std": 0.13320220490491982
  },
  "Bulk Nafion rho": {
    "best": 4.477717442846828,
    "index": 27,
    "integer": false,
    "label": "Bulk Nafion rho",
    "mean": 4.478008401108892,
    "median": 4.477898284075548,
    "p68": [
      4.468862149533034,
      4.4872781875178545
    ],
    "p68_range": [
      4.468862149533034,
      4.4872781875178545
    ],
    "p95": [
      4.459906149590438,
      4.495335312348943
    ],
    "p95_range": [
      4.459906149590438,
      4.495335312348943
    ],
    "std": 0.009101336032833824
  },
  "Bulk Nafion thickness": {
    "best": 210.17068960448182,
    "index": 28,
    "integer": false,
    "label": "Bulk Nafion thickness",
    "mean": 210.10656262833385,
    "median": 210.16178748081447,
    "p68": [
      209.50567305930178,
      210.67554736052494
    ],
    "p68_range": [
      209.50567305930178,
      210.67554736052494
    ],
    "p95": [
      208.53307397075432,
      211.55152803284946
    ],
    "p95_range": [
      208.53307397075432,
      211.55152803284946
    ],
    "std": 0.756097675011219
  },
  "Grad thickness": {
    "best": 29.23152955702271,
    "index": 25,
    "integer": false,
    "label": "Grad thickness",
    "mean": 29.16236510026611,
    "median": 29.19711468168043,
    "p68": [
      28.825350531550505,
      29.57032861622456
    ],
    "p68_range": [
      28.825350531550505,
      29.57032861622456
    ],
    "p95": [
      27.898090207000813,
      30.15959576625041
    ],
    "p95_range": [
      27.898090207000813,
      30.15959576625041
    ],
    "std": 0.5667034066496207
  },
  "Grad:Nafion": {
    "best": 0.30297867274373325,
    "index": 33,
    "integer": false,
    "label": "Grad:Nafion",
    "mean": 0.3032345172692024,
    "median": 0.30238291630030084,
    "p68": [
      0.2958067212483319,
      0.310391666933317
    ],
    "p68_range": [
      0.2958067212483319,
      0.310391666933317
    ],
    "p95": [
      0.2789106472180818,
      0.3418505346629977
    ],
    "p95_range": [
      0.2789106472180818,
      0.3418505346629977
    ],
    "std": 0.015324469029615526
  },
  "Gradient rho": {
    "best": 4.342841086415378,
    "index": 24,
    "integer": false,
    "label": "Gradient rho",
    "mean": 4.342907424602578,
    "median": 4.342720533262886,
    "p68": [
      4.328067492839412,
      4.357216929543723
    ],
    "p68_range": [
      4.328067492839412,
      4.357216929543723
    ],
    "p95": [
      4.3140275014825145,
      4.375028174852599
    ],
    "p95_range": [
      4.3140275014825145,
      4.375028174852599
    ],
    "std": 0.015178264877289845
  },
  "NRL1 rho": {
    "best": 4.071534840971784,
    "index": 18,
    "integer": false,
    "label": "NRL1 rho",
    "mean": 4.069931282556465,
    "median": 4.070166723225555,
    "p68": [
      4.010377862947971,
      4.127887330410551
    ],
    "p68_range": [
      4.010377862947971,
      4.127887330410551
    ],
    "p95": [
      3.941051732422309,
      4.214701845378812
    ],
    "p95_range": [
      3.941051732422309,
      4.214701845378812
    ],
    "std": 0.06603009917282979
  },
  "NRL1 thickness": {
    "best": 4.010899887338965,
    "index": 19,
    "integer": false,
    "label": "NRL1 thickness",
    "mean": 4.063945607175691,
    "median": 4.039907532804738,
    "p68": [
      4.007722528109221,
      4.124612194227629
    ],
    "p68_range": [
      4.007722528109221,
      4.124612194227629
    ],
    "p95": [
      4.001667762298204,
      4.267881536080956
    ],
    "p95_range": [
      4.001667762298204,
      4.267881536080956
    ],
    "std": 0.07250717640997817
  },
  "NRL1:WRL2": {
    "best": 0.00044398119523071254,
    "index": 30,
    "integer": false,
    "label": "NRL1:WRL2",
    "mean": 0.0026072539441645707,
    "median": 0.0013681571657511782,
    "p68": [
      0.0003068907916410333,
      0.004379557947439653
    ],
    "p68_range": [
      0.0003068907916410333,
      0.004379557947439653
    ],
    "p95": [
      3.461985946947373e-05,
      0.01235052348526492
    ],
    "p95_range": [
      3.461985946947373e-05,
      0.01235052348526492
    ],
    "std": 0.003536339847597098
  },
  "NRL2 rho": {
    "best": 4.258472937133832,
    "index": 22,
    "integer": false,
    "label": "NRL2 rho",
    "mean": 4.258059862456344,
    "median": 4.256811122561848,
    "p68": [
      4.241282121230592,
      4.274038967951596
    ],
    "p68_range": [
      4.241282121230592,
      4.274038967951596
    ],
    "p95": [
      4.230298164875367,
      4.290311775616665
    ],
    "p95_range": [
      4.230298164875367,
      4.290311775616665
    ],
    "std": 0.0159162497863887
  },
  "NRL2 thickness": {
    "best": 30.63383446191182,
    "index": 23,
    "integer": false,
    "label": "NRL2 thickness",
    "mean": 30.643613652630155,
    "median": 30.601561118332487,
    "p68": [
      30.210605566204418,
      31.008084723357673
    ],
    "p68_range": [
      30.210605566204418,
      31.008084723357673
    ],
    "p95": [
      29.65337595165373,
      32.002884831722305
    ],
    "p95_range": [
      29.65337595165373,
      32.002884831722305
    ],
    "std": 0.6305460815593037
  },
  "NRL2:Grad": {
    "best": 0.0021267439622596838,
    "index": 32,
    "integer": false,
    "label": "NRL2:Grad",
    "mean": 0.0033222552710287026,
    "median": 0.0024980265581334604,
    "p68": [
      0.0008004607466276937,
      0.005840482633886275
    ],
    "p68_range": [
      0.0008004607466276937,
      0.005840482633886275
    ],
    "p95": [
      9.32141161172971e-05,
      0.011555231001200076
    ],
    "p95_range": [
      9.32141161172971e-05,
      0.011555231001200076
    ],
    "std": 0.0029460661249809815
  },
  "Permalloy interface": {
    "best": 7.0959782000553835,
    "index": 9,
    "integer": false,
    "label": "Permalloy interface",
    "mean": 7.107518260782709,
    "median": 7.100222851306751,
    "p68": [
      6.968396617266818,
      7.243287892505316
    ],