{
  "Background MM": {
    "best": 2.3952734623954006e-12,
    "index": 1,
    "integer": false,
    "label": "Background MM",
    "mean": 3.1016662298368885e-06,
    "median": 2.6491915955568967e-06,
    "p68": [
      6.810193287285238e-07,
      5.401196160063311e-06
    ],
    "p68_range": [
      6.810193287285238e-07,
      5.401196160063311e-06
    ],
    "p95": [
      7.405102453318003e-08,
      8.501529934186408e-06
    ],
    "p95_range": [
      7.405102453318003e-08,
      8.501529934186408e-06
    ],
    "std": 2.383579298605001e-06
  },
  "Background PP": {
    "best": 2.040190800572328e-07,
    "index": 3,
    "integer": false,
    "label": "Background PP",
    "mean": 3.454074709866338e-06,
    "median": 2.9079003937230394e-06,
    "p68": [
      1.0273801874490112e-06,
      5.683208238656596e-06
    ],
    "p68_range": [
      1.0273801874490112e-06,
      5.683208238656596e-06
    ],
    "p95": [
      1.6697427350722147e-07,
      1.0397860832432577e-05
    ],
    "p95_range": [
      1.6697427350722147e-07,
      1.0397860832432577e-05
    ],
    "std": 2.638844138531846e-06
  },
  "Bulk Nafion interface": {
    "best": 7.596300672614697,
    "index": 26,
    "integer": false,
    "label": "Bulk Nafion interface",
    "mean": 11.416328503493968,
    "median": 11.98072373063934,
    "p68": [
      5.564688057379801,
      17.37853045960501
    ],
    "p68_range": [
      5.564688057379801,
      17.37853045960501
    ],
    "p95": [
      1.056428016780563,
      19.681947772351105
    ],
    "p95_range": [
      1.056428016780563,
      19.681947772351105
    ],
    "std": 5.329115023683883
  },
  "Bulk Nafion rho": {
    "best": 4.479195263848483,
    "index": 27,
    "integer": false,
    "label": "Bulk Nafion rho",
    "mean": 4.083879081220092,
    "median": 3.9029703310797936,
    "p68": [
      3.0456327055800303,
      5.150098308447794
    ],
    "p68_range": [
      3.0456327055800303,
      5.150098308447794
    ],
    "p95": [
      2.7902013357957745,
      6.461018263162455
    ],
    "p95_range": [
      2.7902013357957745,
      6.461018263162455
    ],
    "std": 0.9847170251107411
  },
  "Bulk Nafion thickness": {
    "best": 211.9799451191009,
    "index": 28,
    "integer": false,
    "label": "Bulk Nafion thickness",
    "mean": 166.46011619646978,
    "median": 150.98463328940647,
    "p68": [
      51.50326770152482,
      287.7966071087284
    ],
    "p68_range": [
      51.50326770152482,
      287.7966071087284
    ],
    "p95": [
      10.927233231508087,
      382.2741261199088
    ],
    "p95_range": [
      10.927233231508087,
      382.2741261199088
    ],
    "std": 105.177693669515
  },
  "Grad thickness": {
    "best": 33.380535074668956,
    "index": 25,
    "integer": false,
    "label": "Grad thickness",
    "mean": 191.4509558413259,
    "median": 189.47636988379378,
    "p68": [
      59.798711220890226,
      318.8154984401746
    ],
    "p68_range": [
      59.798711220890226,
      318.8154984401746
    ],
    "p95": [
      10.633219626950403,
      391.20173072760167
    ],
    "p95_range": [
      10.633219626950403,
      391.20173072760167
    ],
    "std": 110.26741005861729
  },
  "Grad:Nafion": {
    "best": 0.3133491447717951,
    "index": 33,
    "integer": false,
    "label": "Grad:Nafion",
    "mean": 0.28040369508796925,
    "median": 0.2821354771970117,
    "p68": [
      0.08876486567535777,
      0.4634562673532668
    ],
    "p68_range": [
      0.08876486567535777,
      0.4634562673532668
    ],
    "p95": [
      0.010863468428748536,
      0.5430318041105429
    ],
    "p95_range": [
      0.010863468428748536,
      0.5430318041105429
    ],
    "std": 0.15900992617846532
  },
  "Gradient rho": {
    "best": 4.30892602836551,
    "index": 24,
    "integer": false,
    "label": "Gradient rho",
    "mean": 3.9754329238781216,
    "median": 4.214326880255435,
    "p68": [
      2.1990040170385816,
      5.616822930888494
    ],
    "p68_range": [
      2.1990040170385816,
      5.616822930888494
    ],
    "p95": [
      0.3149262860487602,
      6.515103659685795
    ],
    "p95_range": [
      0.3149262860487602,
      6.515103659685795
    ],
    "std": 1.6652166097306915
  },
  "NRL1 rho": {
    "best": 4.538472026230892,
    "index": 18,
    "integer": false,
    "label": "NRL1 rho",
    "mean": 3.6376128549914695,
    "median": 3.6886789157174973,
    "p68": [
      2.007884635817994,
      5.36480642070838
    ],
    "p68_range": [
      2.007884635817994,
      5.36480642070838
    ],
    "p95": [
      0.529105652128819,
      6.492003769196627
    ],
    "p95_range": [
      0.529105652128819,
      6.492003769196627
    ],
    "std": 1.5680390076445803
  },
  "NRL1 thickness": {
    "best": 5.313329089906651,
    "index": 19,
    "integer": false,
    "label": "NRL1 thickness",
    "mean": 22.058944185115912,
    "median": 20.053220983726497,
    "p68": [
      9.01588915322518,
      36.85057596501329
    ],
    "p68_range": [
      9.01588915322518,
      36.85057596501329
    ],
    "p95": [
      4.625632128725365,
      43.43396417862294
    ],
    "p95_range": [
      4.625632128725365,
      43.43396417862294
    ],
    "std": 11.64910753807618
  },
  "NRL1:WRL2": {
    "best": 2.1089175160999855e-05,
    "index": 30,
    "integer": false,
    "label": "NRL1:WRL2",
    "mean": 0.28618577258288075,
    "median": 0.2836834564276166,
    "p68": [
      0.0989642266126404,
      0.47292565567931555
    ],
    "p68_range": [
      0.0989642266126404,
      0.47292565567931555
    ],
    "p95": [
      0.014512210812950004,
      0.5338359838249467
    ],
    "p95_range": [
      0.014512210812950004,
      0.5338359838249467
    ],
    "std": 0.15809407144439797
  },
  "NRL2 rho": {
    "best": 4.276997584959844,
    "index": 22,
    "integer": false,
    "label": "NRL2 rho",
    "mean": 3.7539810167780243,
    "median": 3.8661974695720343,
    "p68": [
      1.979709974028192,
      5.627686930474804
    ],
    "p68_range": [
      1.979709974028192,
      5.627686930474804
    ],
    "p95": [
      0.3414402171084287,
      6.672235885028358
    ],
    "p95_range": [
      0.3414402171084287,
      6.672235885028358
    ],
    "std": 1.6868154188587412
  },
  "NRL2 thickness": {
    "best": 25.601770389852526,
    "index": 23,
    "integer": false,
    "label": "NRL2 thickness",
    "mean": 24.410311769976893,
    "median": 24.182282344082246,
    "p68": [
      9.854107817454416,
      38.880758715202816
    ],
    "p68_range": [
      9.854107817454416,
      38.880758715202816
    ],
    "p95": [
      4.95860110361558,
      43.984890639211756
    ],
    "p95_range": [
      4.95860110361558,
      43.984890639211756
    ],
    "std": 11.904930799353448
  },
  "NRL2:Grad": {
    "best": 0.5499999999429055,
    "index": 32,
    "integer": false,
    "label": "NRL2:Grad",
    "mean": 0.3043639045536373,
    "median": 0.3176888195018512,
    "p68": [
      0.11680284015179632,
      0.4789235214178282
    ],
    "p68_range": [
      0.11680284015179632,
      0.4789235214178282
    ],
    "p95": [
      0.030304850240005184,
      0.5382256416104089
    ],
    "p95_range": [
      0.030304850240005184,
      0.5382256416104089
    ],
    "std": 0.15292194066577017
  },
  "Permalloy interface": {
    "best": 7.169239417884842,
    "index": 9,
    "integer": false,
    "label": "Permalloy interface",
    "mean": 10.501217697541337,
    "median": 10.570184152225409,
    "p68": [
      3.896800101886695,
      17.299135049412897
    ],