{
  "Background MM": {
    "best": 2.4756863459773763e-09,
    "index": 1,
    "integer": false,
    "label": "Background MM",
    "mean": 1.7640395869816474e-08,
    "median": 1.3423233147512658e-08,
    "p68": [
      4.02675896072918e-09,
      3.196890870025818e-08
    ],
    "p68_range": [
      4.02675896072918e-09,
      3.196890870025818e-08
    ],
    "p95": [
      6.909091116465019e-10,
      5.8184739570800807e-08
    ],
    "p95_range": [
      6.909091116465019e-10,
      5.8184739570800807e-08
    ],
    "std": 1.5154011237129568e-08
  },
  "Background PP": {
    "best": 1.6542092736227558e-07,
    "index": 3,
    "integer": false,
    "label": "Background PP",
    "mean": 1.7945866063865676e-07,
    "median": 1.8073326584149564e-07,
    "p68": [
      1.3753832287669639e-07,
      2.1981923432157208e-07
    ],
    "p68_range": [
      1.3753832287669639e-07,
      2.1981923432157208e-07
    ],
    "p95": [
      9.772426452464034e-08,
      2.5526284060070433e-07
    ],
    "p95_range": [
      9.772426452464034e-08,
      2.5526284060070433e-07
    ],
    "std": 4.0800350215364176e-08
  },
  "Bulk Nafion interface": {
    "best": 9.445136874267382,
    "index": 26,
    "integer": false,
    "label": "Bulk Nafion interface",
    "mean": 9.374445712102414,
    "median": 9.38095672891339,
    "p68": [
      9.106860670111171,
      9.633358701740324
    ],
    "p68_range": [
      9.106860670111171,
      9.633358701740324
    ],
    "p95": [
      8.881098469454875,
      9.853605071694188
    ],
    "p95_range": [
      8.881098469454875,
      9.853605071694188
    ],
    "std": 0.25168824962380676
  },
  "Bulk Nafion rho": {
    "best": 4.995553628290028,
    "index": 27,
    "integer": false,
    "label": "Bulk Nafion rho",
    "mean": 4.971922255908186,
    "median": 4.9684046724014195,
    "p68": [
      4.89197126303031,
      5.04961608811559
    ],
    "p68_range": [
      4.89197126303031,
      5.04961608811559
    ],
    "p95": [
      4.838912824257294,
      5.147447490499882
    ],
    "p95_range": [
      4.838912824257294,
      5.147447490499882
    ],
    "std": 0.08097689289142938
  },
  "Bulk Nafion thickness": {
    "best": 4.106712737922221,
    "index": 28,
    "integer": false,
    "label": "Bulk Nafion thickness",
    "mean": 5.167628096230807,
    "median": 4.718700823911202,
    "p68": [
      4.165677289576304,
      6.089704753399402
    ],
    "p68_range": [
      4.165677289576304,
      6.089704753399402
    ],
    "p95": [
      4.019101623583155,
      8.879510944703522
    ],
    "p95_range": [
      4.019101623583155,
      8.879510944703522
    ],
    "std": 1.4597739226118884
  },
  "Grad thickness": {
    "best": 220.73396020574685,
    "index": 25,
    "integer": false,
    "label": "Grad thickness",
    "mean": 219.78164556267944,
    "median": 220.69108584256824,
    "p68": [
      212.62749764765505,
      226.26049080431278
    ],
    "p68_range": [
      212.62749764765505,
      226.26049080431278
    ],
    "p95": [
      204.79434296439675,
      231.78089390306442
    ],
    "p95_range": [
      204.79434296439675,
      231.78089390306442
    ],
    "std": 6.915593138287175
  },
  "Grad:Nafion": {
    "best": 0.22407862367100484,
    "index": 33,
    "integer": false,
    "label": "Grad:Nafion",
    "mean": 0.2346090104316289,
    "median": 0.23327123197080837,
    "p68": [
      0.2078928620276328,
      0.2624619344512186
    ],
    "p68_range": [
      0.2078928620276328,
      0.2624619344512186
    ],
    "p95": [
      0.18525652219030625,
      0.28907643013360446
    ],
    "p95_range": [
      0.18525652219030625,
      0.28907643013360446
    ],
    "std": 0.02638651289547117
  },
  "Gradient rho": {
    "best": 4.424608672933865,
    "index": 24,
    "integer": false,
    "label": "Gradient rho",
    "mean": 4.426650904307201,
    "median": 4.426957958780474,
    "p68": [
      4.4147491684317695,
      4.43844236289964
    ],
    "p68_range": [
      4.4147491684317695,
      4.43844236289964
    ],
    "p95": [
      4.404223002481632,
      4.449316576689431
    ],
    "p95_range": [
      4.404223002481632,
      4.449316576689431
    ],
    "std": 0.011715273533105688
  },
  "NRL1 rho": {
    "best": 4.061405296077288,
    "index": 18,
    "integer": false,
    "label": "NRL1 rho",
    "mean": 4.042092206112945,
    "median": 4.04920993339569,
    "p68": [
      4.011417422779811,
      4.080855623578172
    ],
    "p68_range": [
      4.011417422779811,
      4.080855623578172
    ],
    "p95": [
      3.917640362291811,
      4.109096955291837
    ],
    "p95_range": [
      3.917640362291811,
      4.109096955291837
    ],
    "std": 0.053494658482880326
  },
  "NRL1 thickness": {
    "best": 29.36182509188221,
    "index": 19,
    "integer": false,
    "label": "NRL1 thickness",
    "mean": 26.50779054335884,
    "median": 27.269389834673817,
    "p68": [
      22.904759631765128,
      30.548484715466344
    ],
    "p68_range": [
      22.904759631765128,
      30.548484715466344
    ],
    "p95": [
      11.648787571872735,
      33.504487128262674
    ],
    "p95_range": [
      11.648787571872735,
      33.504487128262674
    ],
    "std": 4.845543927125025
  },
  "NRL1:WRL2": {
    "best": 0.0010925866717037313,
    "index": 30,
    "integer": false,
    "label": "NRL1:WRL2",
    "mean": 0.2786418310028308,
    "median": 0.279082587246375,
    "p68": [
      0.11322840576968289,
      0.448821849527588
    ],
    "p68_range": [
      0.11322840576968289,
      0.448821849527588
    ],
    "p95": [
      0.021506218742355792,
      0.5304049393298503
    ],
    "p95_range": [
      0.021506218742355792,
      0.5304049393298503
    ],
    "std": 0.147731710936598
  },
  "NRL2 rho": {
    "best": 4.257102139349233,
    "index": 22,
    "integer": false,
    "label": "NRL2 rho",
    "mean": 4.275452962934793,
    "median": 4.271164950028549,
    "p68": [
      4.241710211853774,
      4.310149551450016
    ],
    "p68_range": [
      4.241710211853774,
      4.310149551450016
    ],
    "p95": [
      4.210821154446094,
      4.3634832758348825
    ],
    "p95_range": [
      4.210821154446094,
      4.3634832758348825
    ],
    "std": 0.037231067116292274
  },
  "NRL2 thickness": {
    "best": 28.054379406365268,
    "index": 23,
    "integer": false,
    "label": "NRL2 thickness",
    "mean": 31.907608761912854,
    "median": 32.14170526599948,
    "p68": [
      23.60310693529674,
      40.989307147493285
    ],
    "p68_range": [
      23.60310693529674,
      40.989307147493285
    ],
    "p95": [
      16.01783548644163,
      44.594613336658796
    ],
    "p95_range": [
      16.01783548644163,
      44.594613336658796
    ],
    "std": 7.9894918322721535
  },
  "NRL2:Grad": {
    "best": 0.5488667806899741,
    "index": 32,
    "integer": false,
    "label": "NRL2:Grad",
    "mean": 0.3384664647710536,
    "median": 0.33818171209701114,
    "p68": [
      0.21434117737574068,
      0.47590795155434035
    ],
    "p68_range": [
      0.21434117737574068,
      0.47590795155434035
    ],
    "p95": [
      0.07093166469416119,
      0.5378109352617707
    ],
    "p95_range": [
      0.07093166469416119,
      0.5378109352617707
    ],
    "std": 0.12291682350881711
  },
  "Permalloy interface": {
    "best": 7.073015448301191,
    "index": 9,
    "integer": false,
    "label": "Permalloy interface",
    "mean": 7.089123371655681,
    "median": 7.08675708224843,
    "p68": [
      6.891083418341166,
      7.293645974083549
    ],