{
  "Background MM": {
    "best": 4.190585780550942e-08,
    "index": 1,
    "integer": false,
    "label": "Background MM",
    "mean": 5.423690697233083e-08,
    "median": 4.5214326899495774e-08,
    "p68": [
      1.7809051570149865e-08,
      8.992075395553647e-08
    ],
    "p68_range": [
      1.7809051570149865e-08,
      8.992075395553647e-08
    ],
    "p95": [
      4.143983697761656e-09,
      1.5619407479082152e-07
    ],
    "p95_range": [
      4.143983697761656e-09,
      1.5619407479082152e-07
    ],
    "std": 3.955414139462647e-08
  },
  "Background PP": {
    "best": 1.946035698197196e-07,
    "index": 3,
    "integer": false,
    "label": "Background PP",
    "mean": 2.2185126879978893e-07,
    "median": 2.1710690131902257e-07,
    "p68": [
      1.5599070657876187e-07,
      2.8525193823857787e-07
    ],
    "p68_range": [
      1.5599070657876187e-07,
      2.8525193823857787e-07
    ],
    "p95": [
      9.536253575601502e-08,
      3.7284554917682147e-07
    ],
    "p95_range": [
      9.536253575601502e-08,
      3.7284554917682147e-07
    ],
    "std": 6.843217491129895e-08
  },
  "Bulk Nafion interface": {
    "best": 9.241020008135902,
    "index": 26,
    "integer": false,
    "label": "Bulk Nafion interface",
    "mean": 8.695182006575125,
    "median": 8.82828967002989,
    "p68": [
      8.08180549925556,
      9.2158021871006
    ],
    "p68_range": [
      8.08180549925556,
      9.2158021871006
    ],
    "p95": [
      7.230192823536306,
      9.541515912698566
    ],
    "p95_range": [
      7.230192823536306,
      9.541515912698566
    ],
    "std": 0.6117643309686193
  },
  "Bulk Nafion rho": {
    "best": 4.892567106860163,
    "index": 27,
    "integer": false,
    "label": "Bulk Nafion rho",
    "mean": 4.75206833367695,
    "median": 4.787000371284869,
    "p68": [
      4.614944960268607,
      4.867300343076427
    ],
    "p68_range": [
      4.614944960268607,
      4.867300343076427
    ],
    "p95": [
      4.472201474368325,
      4.962917613576596
    ],
    "p95_range": [
      4.472201474368325,
      4.962917613576596
    ],
    "std": 0.16445955738480947
  },
  "Bulk Nafion thickness": {
    "best": 5.5100621075514455,
    "index": 28,
    "integer": false,
    "label": "Bulk Nafion thickness",
    "mean": 45.98187987352803,
    "median": 10.38128705444857,
    "p68": [
      5.147861757735926,
      82.03227689616111
    ],
    "p68_range": [
      5.147861757735926,
      82.03227689616111
    ],
    "p95": [
      4.110936655573171,
      228.3181568086508
    ],
    "p95_range": [
      4.110936655573171,
      228.3181568086508
    ],
    "std": 73.42913094397007
  },
  "Grad thickness": {
    "best": 219.1353828263696,
    "index": 25,
    "integer": false,
    "label": "Grad thickness",
    "mean": 196.4271410778562,
    "median": 220.57780114006871,
    "p68": [
      180.76493629122794,
      229.491030999862
    ],
    "p68_range": [
      180.76493629122794,
      229.491030999862
    ],
    "p95": [
      39.498213189892574,
      243.885141125462
    ],
    "p95_range": [
      39.498213189892574,
      243.885141125462
    ],
    "std": 60.536883972249754
  },
  "Grad:Nafion": {
    "best": 0.2780312467645624,
    "index": 33,
    "integer": false,
    "label": "Grad:Nafion",
    "mean": 0.30873342506987356,
    "median": 0.29417365251495725,
    "p68": [
      0.2476175236707666,
      0.3870110808233183
    ],
    "p68_range": [
      0.2476175236707666,
      0.3870110808233183
    ],
    "p95": [
      0.14683514257482394,
      0.5001256687587593
    ],
    "p95_range": [
      0.14683514257482394,
      0.5001256687587593
    ],
    "std": 0.08253765566947477
  },
  "Gradient rho": {
    "best": 4.433623174700448,
    "index": 24,
    "integer": false,
    "label": "Gradient rho",
    "mean": 4.394063915124518,
    "median": 4.41987396959093,
    "p68": [
      4.34110646486089,
      4.439727560668372
    ],
    "p68_range": [
      4.34110646486089,
      4.439727560668372
    ],
    "p95": [
      4.191682996586796,
      4.461393488528534
    ],
    "p95_range": [
      4.191682996586796,
      4.461393488528534
    ],
    "std": 0.07307776603580883
  },
  "NRL1 rho": {
    "best": 4.028747404643603,
    "index": 18,
    "integer": false,
    "label": "NRL1 rho",
    "mean": 4.029352782536405,
    "median": 4.041022116179932,
    "p68": [
      3.835077162425044,
      4.090167863210756
    ],
    "p68_range": [
      3.835077162425044,
      4.090167863210756
    ],
    "p95": [
      3.601432258166269,
      4.874773927752686
    ],
    "p95_range": [
      3.601432258166269,
      4.874773927752686
    ],
    "std": 0.34172337460918484
  },
  "NRL1 thickness": {
    "best": 30.17849100869092,
    "index": 19,
    "integer": false,
    "label": "NRL1 thickness",
    "mean": 21.648028358121007,
    "median": 23.884895291637154,
    "p68": [
      12.084754039970509,
      28.797305438849644
    ],
    "p68_range": [
      12.084754039970509,
      28.797305438849644
    ],
    "p95": [
      5.549224599985414,
      32.701926644769294
    ],
    "p95_range": [
      5.549224599985414,
      32.701926644769294
    ],
    "std": 7.699297091483237
  },
  "NRL1:WRL2": {
    "best": 0.44910784616015714,
    "index": 30,
    "integer": false,
    "label": "NRL1:WRL2",
    "mean": 0.30994285702367963,
    "median": 0.3197632418759333,
    "p68": [
      0.16766864396096917,
      0.4453565431194012
    ],
    "p68_range": [
      0.16766864396096917,
      0.4453565431194012
    ],
    "p95": [
      0.05273172418996552,
      0.5271765087223212
    ],
    "p95_range": [
      0.05273172418996552,
      0.5271765087223212
    ],
    "std": 0.12676096157515446
  },
  "NRL2 rho": {
    "best": 4.290086653559392,
    "index": 22,
    "integer": false,
    "label": "NRL2 rho",
    "mean": 4.2055709743670455,
    "median": 4.241714534809139,
    "p68": [
      4.138929767673157,
      4.275756988031751
    ],
    "p68_range": [
      4.138929767673157,
      4.275756988031751
    ],
    "p95": [
      3.8900365830789054,
      4.308086588437961
    ],
    "p95_range": [
      3.8900365830789054,
      4.308086588437961
    ],
    "std": 0.12396045194989702
  },
  "NRL2 thickness": {
    "best": 27.610564661752978,
    "index": 23,
    "integer": false,
    "label": "NRL2 thickness",
    "mean": 28.673555915734692,
    "median": 29.701921921962178,
    "p68": [
      20.19174733046832,
      37.61517708939771
    ],
    "p68_range": [
      20.19174733046832,
      37.61517708939771
    ],
    "p95": [
      7.167293307224671,
      43.62038651044175
    ],
    "p95_range": [
      7.167293307224671,
      43.62038651044175
    ],
    "std": 8.852813563475348
  },
  "NRL2:Grad": {
    "best": 0.39841114991837573,
    "index": 32,
    "integer": false,
    "label": "NRL2:Grad",
    "mean": 0.34987354953528715,
    "median": 0.36077759819861266,
    "p68": [
      0.22338157651102183,
      0.47387093239089023
    ],
    "p68_range": [
      0.22338157651102183,
      0.47387093239089023
    ],
    "p95": [
      0.07990715064159908,
      0.5316849206297
    ],
    "p95_range": [
      0.07990715064159908,
      0.5316849206297
    ],
    "std": 0.11741363567762006
  },
  "Permalloy interface": {
    "best": 7.178832605322678,
    "index": 9,
    "integer": false,
    "label": "Permalloy interface",
    "mean": 7.054867633782063,
    "median": 7.0392755362616946,
    "p68": [
      6.734101863001328,
      7.376958635856797
    ],
    "p68_range": [
      6.734101863001328,
      7.376958635856797
    ],