{
  "Background MM": {
    "best": 1.02261717864669e-09,
    "index": 1,
    "integer": false,
    "label": "Background MM",
    "mean": 1.1780859050476607e-08,
    "median": 8.429150451151652e-09,
    "p68": [
      1.8575687020828048e-09,
      2.3151076734982093e-08
    ],
    "p68_range": [
      1.8575687020828048e-09,
      2.3151076734982093e-08
    ],
    "p95": [
      1.8680316926291598e-10,
      4.056353357721483e-08
    ],
    "p95_range": [
      1.8680316926291598e-10,
      4.056353357721483e-08
    ],
    "std": 1.0975600143112788e-08
  },
  "Background PP": {
    "best": 2.272407678877724e-07,
    "index": 3,
    "integer": false,
    "label": "Background PP",
    "mean": 2.1501244663368996e-07,
    "median": 2.1397445336325552e-07,
    "p68": [
      1.6442109607480674e-07,
      2.6303994623923834e-07
    ],
    "p68_range": [
      1.6442109607480674e-07,
      2.6303994623923834e-07
    ],
    "p95": [
      1.3194888292160822e-07,
      2.985917283014852e-07
    ],
    "p95_range": [
      1.3194888292160822e-07,
      2.985917283014852e-07
    ],
    "std": 4.3786553456414664e-08
  },
  "Bulk Nafion interface": {
    "best": 7.594815985089941,
    "index": 21,
    "integer": false,
    "label": "Bulk Nafion interface",
    "mean": 7.595405498986456,
    "median": 7.591954107127401,
    "p68": [
      7.458918322021651,
      7.731366765852963
    ],
    "p68_range": [
      7.458918322021651,
      7.731366765852963
    ],
    "p95": [
      7.335269924814519,
      7.874705885635652
    ],
    "p95_range": [
      7.335269924814519,
      7.874705885635652
    ],
    "std": 0.1368796534563105
  },
  "Bulk Nafion rho": {
    "best": 4.460820580612189,
    "index": 22,
    "integer": false,
    "label": "Bulk Nafion rho",
    "mean": 4.4625387418661315,
    "median": 4.462326382467308,
    "p68": [
      4.453394164960251,
      4.472452235134165
    ],
    "p68_range": [
      4.453394164960251,
      4.472452235134165
    ],
    "p95": [
      4.443322531585608,
      4.482569364322544
    ],
    "p95_range": [
      4.443322531585608,
      4.482569364322544
    ],
    "std": 0.009817726550175905
  },
  "Bulk Nafion thickness": {
    "best": 239.7823935928412,
    "index": 23,
    "integer": false,
    "label": "Bulk Nafion thickness",
    "mean": 239.08154817476944,
    "median": 239.45466318211135,
    "p68": [
      238.03476593305373,
      240.01102744473314
    ],
    "p68_range": [
      238.03476593305373,
      240.01102744473314
    ],
    "p95": [
      235.04474475270212,
      240.89588995543036
    ],
    "p95_range": [
      235.04474475270212,
      240.89588995543036
    ],
    "std": 1.3577960860156175
  },
  "Grad thickness": {
    "best": 29.564486128478258,
    "index": 20,
    "integer": false,
    "label": "Grad thickness",
    "mean": 29.88209408396518,
    "median": 29.693770128009554,
    "p68": [
      29.370836255007706,
      30.417963178229574
    ],
    "p68_range": [
      29.370836255007706,
      30.417963178229574
    ],
    "p95": [
      28.909095176733548,
      31.69865444565372
    ],
    "p95_range": [
      28.909095176733548,
      31.69865444565372
    ],
    "std": 0.7672347888741651
  },
  "Grad:Nafion": {
    "best": 0.5498597545533561,
    "index": 32,
    "integer": false,
    "label": "Grad:Nafion",
    "mean": 0.5475782519811069,
    "median": 0.5488051456897477,
    "p68": [
      0.5454234168144254,
      0.5497627000695015
    ],
    "p68_range": [
      0.5454234168144254,
      0.5497627000695015
    ],
    "p95": [
      0.5371262320679913,
      0.5499514998971929
    ],
    "p95_range": [
      0.5371262320679913,
      0.5499514998971929
    ],
    "std": 0.003149128269751048
  },
  "NRL1 thickness": {
    "best": 4.323380467378111,
    "index": 17,
    "integer": false,
    "label": "NRL1 thickness",
    "mean": 4.451164090138892,
    "median": 4.3407985302168335,
    "p68": [
      4.080311152279268,
      4.7487504572977555
    ],
    "p68_range": [
      4.080311152279268,
      4.7487504572977555
    ],
    "p95": [
      4.01296789731689,
      5.663843172658306
    ],
    "p95_range": [
      4.01296789731689,
      5.663843172658306
    ],
    "std": 0.4581114286655323
  },
  "NRL1:WRL2": {
    "best": 0.008093004114151345,
    "index": 26,
    "integer": false,
    "label": "NRL1:WRL2",
    "mean": 0.010778451051070689,
    "median": 0.008407466740900052,
    "p68": [
      0.0034637845941761112,
      0.016412509174094727
    ],
    "p68_range": [
      0.0034637845941761112,
      0.016412509174094727
    ],
    "p95": [
      0.00032148472000870134,
      0.03897322235193858
    ],
    "p95_range": [
      0.00032148472000870134,
      0.03897322235193858
    ],
    "std": 0.00979159576926346
  },
  "NRL2 thickness": {
    "best": 19.84279330635698,
    "index": 19,
    "integer": false,
    "label": "NRL2 thickness",
    "mean": 19.796588036965954,
    "median": 19.824094216082194,
    "p68": [
      19.375783669707502,
      20.191229619960424
    ],
    "p68_range": [
      19.375783669707502,
      20.191229619960424
    ],
    "p95": [
      18.40701494464876,
      21.06283864185716
    ],
    "p95_range": [
      18.40701494464876,
      21.06283864185716
    ],
    "std": 0.6088010060441039
  },
  "NRL2:Grad": {
    "best": 0.5499716020004118,
    "index": 30,
    "integer": false,
    "label": "NRL2:Grad",
    "mean": 0.5493240865331378,
    "median": 0.5496233529151556,
    "p68": [
      0.5487237649120037,
      0.5499223796380324
    ],
    "p68_range": [
      0.5487237649120037,
      0.5499223796380324
    ],
    "p95": [
      0.5471327708000225,
      0.549986323883918
    ],
    "p95_range": [
      0.5471327708000225,
      0.549986323883918
    ],
    "std": 0.0008166933124375953
  },
  "Nafion Fraction-Gradient": {
    "best": 0.998202850523189,
    "index": 33,
    "integer": false,
    "label": "Nafion Fraction-Gradient",
    "mean": 0.993673174882992,
    "median": 0.995004002147829,
    "p68": [
      0.9852172013411538,
      1.0018304857108689
    ],
    "p68_range": [
      0.9852172013411538,
      1.0018304857108689
    ],
    "p95": [
      0.9742119430471947,
      1.0072372380016166
    ],
    "p95_range": [
      0.9742119430471947,
      1.0072372380016166
    ],
    "std": 0.008783916303571867
  },
  "Nafion Fraction-NRL1": {
    "best": 1.1138927377436592,
    "index": 27,
    "integer": false,
    "label": "Nafion Fraction-NRL1",
    "mean": 1.1053637755997467,
    "median": 1.1096999358816004,
    "p68": [
      1.0854616424359216,
      1.1241638944104098
    ],
    "p68_range": [
      1.0854616424359216,
      1.1241638944104098
    ],
    "p95": [
      1.0371524868100088,
      1.14791503027289
    ],
    "p95_range": [
      1.0371524868100088,
      1.14791503027289
    ],
    "std": 0.02531756316185747
  },
  "Nafion Fraction-NRL2": {
    "best": 0.9780542467789765,
    "index": 31,
    "integer": false,
    "label": "Nafion Fraction-NRL2",
    "mean": 0.9796652682780889,
    "median": 0.9792062902089932,
    "p68": [
      0.9700200419469832,
      0.9902496503328853
    ],
    "p68_range": [
      0.9700200419469832,
      0.9902496503328853
    ],
    "p95": [
      0.9596265720209763,
      1.000209984272645
    ],
    "p95_range": [
      0.9596265720209763,
      1.000209984272645
    ],
    "std": 0.010417785928360863
  },
  "Nafion Fraction-WRL1": {
    "best": 1.1925295230071264,
    "index": 25,
    "integer": false,
    "label": "Nafion Fraction-WRL1",
    "mean": 1.189861821406929,
    "median": 1.1924183826334238,