{
  "Bulk Nafion interface": {
    "best": 7.5838879721239145,
    "index": 6,
    "integer": false,
    "label": "Bulk Nafion interface",
    "mean": 7.657057257116278,
    "median": 7.654204991287289,
    "p68": [
      7.527226084817653,
      7.78848306575523
    ],
    "p68_range": [
      7.527226084817653,
      7.78848306575523
    ],
    "p95": [
      7.4183765371434065,
      7.909721359783592
    ],
    "p95_range": [
      7.4183765371434065,
      7.909721359783592
    ],
    "std": 0.12684575554693628
  },
  "Bulk Nafion rho": {
    "best": 4.470107282518916,
    "index": 7,
    "integer": false,
    "label": "Bulk Nafion rho",
    "mean": 4.472130910982637,
    "median": 4.471898013087446,
    "p68": [
      4.464296744325113,
      4.480102997058258
    ],
    "p68_range": [
      4.464296744325113,
      4.480102997058258
    ],
    "p95": [
      4.456491698965469,
      4.488516187335587
    ],
    "p95_range": [
      4.456491698965469,
      4.488516187335587
    ],
    "std": 0.007921835132942099
  },
  "Bulk Nafion thickness": {
    "best": 226.2839293296108,
    "index": 8,
    "integer": false,
    "label": "Bulk Nafion thickness",
    "mean": 224.2398016892786,
    "median": 224.71768018865362,
    "p68": [
      218.91940784543124,
      229.44458619526924
    ],
    "p68_range": [
      218.91940784543124,
      229.44458619526924
    ],
    "p95": [
      212.07222184544494,
      234.32916779835145
    ],
    "p95_range": [
      212.07222184544494,
      234.32916779835145
    ],
    "std": 5.520826615570937
  },
  "Grad thickness": {
    "best": 37.83359453400444,
    "index": 5,
    "integer": false,
    "label": "Grad thickness",
    "mean": 35.0633245641043,
    "median": 36.27236322213471,
    "p68": [
      30.861928048014615,
      39.03088455192524
    ],
    "p68_range": [
      30.861928048014615,
      39.03088455192524
    ],
    "p95": [
      23.74336123846339,
      39.87878224996528
    ],
    "p95_range": [
      23.74336123846339,
      39.87878224996528
    ],
    "std": 4.308714929480449
  },
  "Grad:Nafion": {
    "best": 0.5073504369408451,
    "index": 17,
    "integer": false,
    "label": "Grad:Nafion",
    "mean": 0.43439905185151256,
    "median": 0.4651236493191406,
    "p68": [
      0.33461528469480545,
      0.527253791188423
    ],
    "p68_range": [
      0.33461528469480545,
      0.527253791188423
    ],
    "p95": [
      0.16483988862925925,
      0.5461431892373905
    ],
    "p95_range": [
      0.16483988862925925,
      0.5461431892373905
    ],
    "std": 0.10203309513661565
  },
  "NRL1 thickness": {
    "best": 15.773777520650023,
    "index": 2,
    "integer": false,
    "label": "NRL1 thickness",
    "mean": 11.109492878380468,
    "median": 9.27519855973339,
    "p68": [
      5.444331885887703,
      17.410985249386904
    ],
    "p68_range": [
      5.444331885887703,
      17.410985249386904
    ],
    "p95": [
      4.2399994464266815,
      27.26498536272471
    ],
    "p95_range": [
      4.2399994464266815,
      27.26498536272471
    ],
    "std": 6.127343488128878
  },
  "NRL1:WRL2": {
    "best": 0.24527116624231446,
    "index": 11,
    "integer": false,
    "label": "NRL1:WRL2",
    "mean": 0.2726016214734089,
    "median": 0.2723048602098908,
    "p68": [
      0.09055693137731997,
      0.46216944359090495
    ],
    "p68_range": [
      0.09055693137731997,
      0.46216944359090495
    ],
    "p95": [
      0.01621808346495764,
      0.5341092640028535
    ],
    "p95_range": [
      0.01621808346495764,
      0.5341092640028535
    ],
    "std": 0.15614633515575127
  },
  "NRL2 thickness": {
    "best": 20.26606561696663,
    "index": 4,
    "integer": false,
    "label": "NRL2 thickness",
    "mean": 23.454278364986646,
    "median": 23.54520681977195,
    "p68": [
      16.682004849465372,
      31.38549506089503
    ],
    "p68_range": [
      16.682004849465372,
      31.38549506089503
    ],
    "p95": [
      9.4976388820284,
      34.57382617361547
    ],
    "p95_range": [
      9.4976388820284,
      34.57382617361547
    ],
    "std": 6.777882672743583
  },
  "NRL2:Grad": {
    "best": 0.10150911714112265,
    "index": 15,
    "integer": false,
    "label": "NRL2:Grad",
    "mean": 0.2945443147866994,
    "median": 0.30939118498968454,
    "p68": [
      0.09528729858546384,
      0.4793073297384981
    ],
    "p68_range": [
      0.09528729858546384,
      0.4793073297384981
    ],
    "p95": [
      0.019154043000887543,
      0.538930641624325
    ],
    "p95_range": [
      0.019154043000887543,
      0.538930641624325
    ],
    "std": 0.16088853149870433
  },
  "Nafion Fraction-Gradient": {
    "best": 0.957638798177053,
    "index": 18,
    "integer": false,
    "label": "Nafion Fraction-Gradient",
    "mean": 0.9500738751993208,
    "median": 0.9521466474222116,
    "p68": [
      0.9337887836918785,
      0.9662971449507783
    ],
    "p68_range": [
      0.9337887836918785,
      0.9662971449507783
    ],
    "p95": [
      0.9108440274433209,
      0.9797330885319278
    ],
    "p95_range": [
      0.9108440274433209,
      0.9797330885319278
    ],
    "std": 0.017256128907154385
  },
  "Nafion Fraction-NRL1": {
    "best": 1.0281743375408796,
    "index": 12,
    "integer": false,
    "label": "Nafion Fraction-NRL1",
    "mean": 1.0261171416060573,
    "median": 1.029352308178908,
    "p68": [
      0.9487417435370228,
      1.0766720401263818
    ],
    "p68_range": [
      0.9487417435370228,
      1.0766720401263818
    ],
    "p95": [
      0.8318026354134155,
      1.2368498121891531
    ],
    "p95_range": [
      0.8318026354134155,
      1.2368498121891531
    ],
    "std": 0.08960718188059198
  },
  "Nafion Fraction-NRL2": {
    "best": 0.9775283595138508,
    "index": 16,
    "integer": false,
    "label": "Nafion Fraction-NRL2",
    "mean": 0.9700232608493812,
    "median": 0.9712167003294894,
    "p68": [
      0.9578970537872831,
      0.9823519814967973
    ],
    "p68_range": [
      0.9578970537872831,
      0.9823519814967973
    ],
    "p95": [
      0.9382787315956692,
      0.9961322649738864
    ],
    "p95_range": [
      0.9382787315956692,
      0.9961322649738864
    ],
    "std": 0.014440109178896685
  },
  "Nafion Fraction-WRL1": {
    "best": 1.186888933607817,
    "index": 10,
    "integer": false,
    "label": "Nafion Fraction-WRL1",
    "mean": 1.1790152353314423,
    "median": 1.1804367936199356,
    "p68": [
      1.1657546131981014,
      1.1930247813707238
    ],
    "p68_range": [
      1.1657546131981014,
      1.1930247813707238
    ],
    "p95": [
      1.1515108188912824,
      1.1987849747103105
    ],
    "p95_range": [
      1.1515108188912824,
      1.1987849747103105
    ],
    "std": 0.013046315164108079
  },
  "Nafion Fraction-WRL2": {
    "best": 1.0989827564100543,
    "index": 14,
    "integer": false,
    "label": "Nafion Fraction-WRL2",
    "mean": 1.0884765608558298,
    "median": 1.0795278017638932,
    "p68": [
      1.051711255591332,
      1.142535373235726
    ],
    "p68_range": [
      1.051711255591332,
      1.142535373235726
    ],
    "p95": [
      0.9768620878738765,
      1.1892084875170708
    ],
    "p95_range": [
      0.9768620878738765,
      1.1892084875170708
    ],
    "std": 0.04901610886824708
  },
  "WRL1 thickness": {
    "best": 14.335067830817747,
    "index": 1,
    "integer": false,
    "label": "WRL1 thickness",
    "mean": 14.243473676689202,
    "median": 14.684843853900245,
    "p68": [
      10.8852676456702,
      18.05887422664886
    ],