{
  "Nafion interface": {
    "best": 8.935940865759001,
    "index": 16,
    "integer": false,
    "label": "Nafion interface",
    "mean": 8.916184155728695,
    "median": 8.976259832223638,
    "p68": [
      8.531209187318494,
      9.32045788460222
    ],
    "p68_range": [
      8.531209187318494,
      9.32045788460222
    ],
    "p95": [
      7.582904104320166,
      9.867688605101046
    ],
    "p95_range": [
      7.582904104320166,
      9.867688605101046
    ],
    "std": 0.5301556113765664
  },
  "Nafion rho": {
    "best": 3.9892629900242724,
    "index": 17,
    "integer": false,
    "label": "Nafion rho",
    "mean": 3.9710975594546873,
    "median": 3.985350820570574,
    "p68": [
      3.9353361020231437,
      4.006888802118058
    ],
    "p68_range": [
      3.9353361020231437,
      4.006888802118058
    ],
    "p95": [
      3.8082580294660335,
      4.034420470836627
    ],
    "p95_range": [
      3.8082580294660335,
      4.034420470836627
    ],
    "std": 0.05230023840417612
  },
  "Nafion thickness": {
    "best": 248.24303341249157,
    "index": 18,
    "integer": false,
    "label": "Nafion thickness",
    "mean": 250.7928111536544,
    "median": 248.3233964903006,
    "p68": [
      246.15294045009745,
      255.50165421068334
    ],
    "p68_range": [
      246.15294045009745,
      255.50165421068334
    ],
    "p95": [
      243.59124858834332,
      272.9348913148845
    ],
    "p95_range": [
      243.59124858834332,
      272.9348913148845
    ],
    "std": 7.1338163528274245
  },
  "Permalloy interface": {
    "best": 8.832240532934913,
    "index": 6,
    "integer": false,
    "label": "Permalloy interface",
    "mean": 8.684099501058999,
    "median": 8.662709144252048,
    "p68": [
      8.266331004965194,
      9.106632394128868
    ],
    "p68_range": [
      8.266331004965194,
      9.106632394128868
    ],
    "p95": [
      7.685372120541149,
      9.832995357522194
    ],
    "p95_range": [
      7.685372120541149,
      9.832995357522194
    ],
    "std": 0.519717700677116
  },
  "Permalloy rho": {
    "best": 9.264123057956832,
    "index": 8,
    "integer": false,
    "label": "Permalloy rho",
    "mean": 9.260558320384018,
    "median": 9.258879529871367,
    "p68": [
      9.240069544816958,
      9.280079393472297
    ],
    "p68_range": [
      9.240069544816958,
      9.280079393472297
    ],
    "p95": [
      9.209745998735883,
      9.3198674275161
    ],
    "p95_range": [
      9.209745998735883,
      9.3198674275161
    ],
    "std": 0.02598764936063304
  },
  "Permalloy rhoM": {
    "best": 1.9305590484930588,
    "index": 7,
    "integer": false,
    "label": "Permalloy rhoM",
    "mean": 1.9355450996442987,
    "median": 1.9345137989311942,
    "p68": [
      1.9153589740186807,
      1.9551969796984163
    ],
    "p68_range": [
      1.9153589740186807,
      1.9551969796984163
    ],
    "p95": [
      1.8851126818797803,
      1.9943851359894436
    ],
    "p95_range": [
      1.8851126818797803,
      1.9943851359894436
    ],
    "std": 0.025529715381939166
  },
  "Permalloy thickness": {
    "best": 108.6717189677067,
    "index": 9,
    "integer": false,
    "label": "Permalloy thickness",
    "mean": 108.70798519299957,
    "median": 108.72857364859149,
    "p68": [
      108.38585149988262,
      109.02443635920544
    ],
    "p68_range": [
      108.38585149988262,
      109.02443635920544
    ],
    "p95": [
      107.74126891178726,
      109.53110467789048
    ],
    "p95_range": [
      107.74126891178726,
      109.53110467789048
    ],
    "std": 0.40518946449897814
  },
  "Platinum interface": {
    "best": 0.09566832174800155,
    "index": 10,
    "integer": false,
    "label": "Platinum interface",
    "mean": 0.7786574535244712,
    "median": 0.5732430013933655,
    "p68": [
      0.16804636425291625,
      1.4103843670979137
    ],
    "p68_range": [
      0.16804636425291625,
      1.4103843670979137
    ],
    "p95": [
      0.027982282126415788,
      2.708201128608305
    ],
    "p95_range": [
      0.027982282126415788,
      2.708201128608305
    ],
    "std": 0.7095592936537138
  },
  "Platinum rho": {
    "best": 6.298568201262261,
    "index": 11,
    "integer": false,
    "label": "Platinum rho",
    "mean": 6.302775556816619,
    "median": 6.306514821159291,
    "p68": [
      6.268421799364385,
      6.342057650273349
    ],
    "p68_range": [
      6.268421799364385,
      6.342057650273349
    ],
    "p95": [
      6.166212880586806,
      6.398041651677034
    ],
    "p95_range": [
      6.166212880586806,
      6.398041651677034
    ],
    "std": 0.051153648397174754
  },
  "Platinum thickness": {
    "best": 50.01176278805463,
    "index": 12,
    "integer": false,
    "label": "Platinum thickness",
    "mean": 49.945314532961724,
    "median": 49.94264367948046,
    "p68": [
      49.5787966626853,
      50.29868830250857
    ],
    "p68_range": [
      49.5787966626853,
      50.29868830250857
    ],
    "p95": [
      48.92995174058469,
      50.97312956342749
    ],
    "p95_range": [
      48.92995174058469,
      50.97312956342749
    ],
    "std": 0.4587063458134366
  },
  "SiOx interface": {
    "best": 4.297944187867357,
    "index": 3,
    "integer": false,
    "label": "SiOx interface",
    "mean": 4.292364004159688,
    "median": 4.303325902409975,
    "p68": [
      4.135467944844937,
      4.457437939784316
    ],
    "p68_range": [
      4.135467944844937,
      4.457437939784316
    ],
    "p95": [
      3.788852297076341,
      4.728010759531026
    ],
    "p95_range": [
      3.788852297076341,
      4.728010759531026
    ],
    "std": 0.215915067235405
  },
  "SiOx rho": {
    "best": 2.0714483532593198,
    "index": 4,
    "integer": false,
    "label": "SiOx rho",
    "mean": 2.081207604588604,
    "median": 2.0769012169589702,
    "p68": [
      2.0723183464557087,
      2.0902771253495906
    ],
    "p68_range": [
      2.0723183464557087,
      2.0902771253495906
    ],
    "p95": [
      2.0711690153525883,
      2.114947495698458
    ],
    "p95_range": [
      2.0711690153525883,
      2.114947495698458
    ],
    "std": 0.01236492934247725
  },
  "SiOx thickness": {
    "best": 50.69418426047757,
    "index": 5,
    "integer": false,
    "label": "SiOx thickness",
    "mean": 57.777684932994106,
    "median": 51.51642873491575,
    "p68": [
      15.251742938018957,
      104.36233233109768
    ],
    "p68_range": [
      15.251742938018957,
      104.36233233109768
    ],
    "p95": [
      3.3399600590090204,
      129.32171910216823
    ],
    "p95_range": [
      3.3399600590090204,
      129.32171910216823
    ],
    "std": 38.50957371927267
  },
  "Silicon interface": {
    "best": 25.697278584077708,
    "index": 2,
    "integer": false,
    "label": "Silicon interface",
    "mean": 35.07831200433778,
    "median": 34.97827150846522,
    "p68": [
      28.516071381175806,
      41.52951524899535
    ],
    "p68_range": [
      28.516071381175806,
      41.52951524899535
    ],
    "p95": [
      25.92671957543362,
      44.79643197666334
    ],
    "p95_range": [
      25.92671957543362,
      44.79643197666334
    ],
    "std": 5.6005047280420035
  },
  "Water interface": {
    "best": 29.96109084370904,
    "index": 13,
    "integer": false,
    "label": "Water interface",
    "mean": 29.29995645785994,
    "median": 29.868727440573103,
    "p68": [
      29.161936632875435,
      29.976769891705743
    ],
    "p68_range": [
      29.161936632875435,
      29.976769891705743
    ],