{
  "Permalloy interface": {
    "best": 6.701405964165871,
    "index": 8,
    "integer": false,
    "label": "Permalloy interface",
    "mean": 6.7025234640174345,
    "median": 6.70240297122951,
    "p68": [
      6.689810373997692,
      6.7150125340559805
    ],
    "p68_range": [
      6.689810373997692,
      6.7150125340559805
    ],
    "p95": [
      6.678066941142199,
      6.727022684100622
    ],
    "p95_range": [
      6.678066941142199,
      6.727022684100622
    ],
    "std": 0.012486531826915287
  },
  "Permalloy irho": {
    "best": 0.6011071106877471,
    "index": 9,
    "integer": false,
    "label": "Permalloy irho",
    "mean": 0.5356865488360767,
    "median": 0.5878298426366324,
    "p68": [
      0.37542643357555694,
      0.7696681222428989
    ],
    "p68_range": [
      0.37542643357555694,
      0.7696681222428989
    ],
    "p95": [
      -0.5590276960018327,
      0.9212403804065605
    ],
    "p95_range": [
      -0.5590276960018327,
      0.9212403804065605
    ],
    "std": 0.3091444645762681
  },
  "Permalloy rho": {
    "best": 67.21294316831639,
    "index": 10,
    "integer": false,
    "label": "Permalloy rho",
    "mean": 67.10375690098336,
    "median": 67.10350685001315,
    "p68": [
      66.94135199787313,
      67.2719582357284
    ],
    "p68_range": [
      66.94135199787313,
      67.2719582357284
    ],
    "p95": [
      66.78507407741775,
      67.42414625091943
    ],
    "p95_range": [
      66.78507407741775,
      67.42414625091943
    ],
    "std": 0.1617671788980375
  },
  "Permalloy thickness": {
    "best": 107.90131333854275,
    "index": 11,
    "integer": false,
    "label": "Permalloy thickness",
    "mean": 107.88861226236034,
    "median": 107.89201814040426,
    "p68": [
      107.85006818517054,
      107.92976677654305
    ],
    "p68_range": [
      107.85006818517054,
      107.92976677654305
    ],
    "p95": [
      107.78587882409829,
      107.96164401916329
    ],
    "p95_range": [
      107.78587882409829,
      107.96164401916329
    ],
    "std": 0.04265062582852594
  },
  "Pt interface": {
    "best": 3.6610778843493774,
    "index": 12,
    "integer": false,
    "label": "Pt interface",
    "mean": 3.660918268053818,
    "median": 3.6609236391453344,
    "p68": [
      3.6590816925924257,
      3.662718548735053
    ],
    "p68_range": [
      3.6590816925924257,
      3.662718548735053
    ],
    "p95": [
      3.6573168406321943,
      3.66454064869932
    ],
    "p95_range": [
      3.6573168406321943,
      3.66454064869932
    ],
    "std": 0.001830815349163021
  },
  "Pt irho": {
    "best": 8.449969121310142,
    "index": 13,
    "integer": false,
    "label": "Pt irho",
    "mean": 8.448698513251065,
    "median": 8.449327331796175,
    "p68": [
      8.446778259537242,
      8.45057237847672
    ],
    "p68_range": [
      8.446778259537242,
      8.45057237847672
    ],
    "p95": [
      8.442927641017246,
      8.450939989253094
    ],
    "p95_range": [
      8.442927641017246,
      8.450939989253094
    ],
    "std": 0.0022134530480609677
  },
  "Pt rho": {
    "best": 134.63722429575097,
    "index": 14,
    "integer": false,
    "label": "Pt rho",
    "mean": 134.5883468345559,
    "median": 134.58810364191947,
    "p68": [
      134.46389359428997,
      134.71564023034256
    ],
    "p68_range": [
      134.46389359428997,
      134.71564023034256
    ],
    "p95": [
      134.35196329908845,
      134.82640054566173
    ],
    "p95_range": [
      134.35196329908845,
      134.82640054566173
    ],
    "std": 0.12258067115536005
  },
  "Pt thickness": {
    "best": 49.55647701573709,
    "index": 15,
    "integer": false,
    "label": "Pt thickness",
    "mean": 49.56206968623604,
    "median": 49.56025340742798,
    "p68": [
      49.53823366004061,
      49.585025850717535
    ],
    "p68_range": [
      49.53823366004061,
      49.585025850717535
    ],
    "p95": [
      49.521001259462274,
      49.61717736862237
    ],
    "p95_range": [
      49.521001259462274,
      49.61717736862237
    ],
    "std": 0.024061187201959627
  },
  "SiOx interface": {
    "best": 3.245173925061598,
    "index": 4,
    "integer": false,
    "label": "SiOx interface",
    "mean": 3.248726602284683,
    "median": 3.249068887004164,
    "p68": [
      3.2354055665256647,
      3.2623019995462728
    ],
    "p68_range": [
      3.2354055665256647,
      3.2623019995462728
    ],
    "p95": [
      3.2210296446290037,
      3.2753351500778667
    ],
    "p95_range": [
      3.2210296446290037,
      3.2753351500778667
    ],
    "std": 0.013551926155475347
  },
  "SiOx irho": {
    "best": 7.840822133043352,
    "index": 5,
    "integer": false,
    "label": "SiOx irho",
    "mean": 7.775666330661504,
    "median": 7.808687526500662,
    "p68": [
      7.692980788572396,
      7.854658344949465
    ],
    "p68_range": [
      7.692980788572396,
      7.854658344949465
    ],
    "p95": [
      7.487445070079544,
      7.868333731681316
    ],
    "p95_range": [
      7.487445070079544,
      7.868333731681316
    ],
    "std": 0.10050128627304296
  },
  "SiOx rho": {
    "best": 33.87684782509059,
    "index": 6,
    "integer": false,
    "label": "SiOx rho",
    "mean": 33.74494300516279,
    "median": 33.72454588304052,
    "p68": [
      33.36576027376361,
      34.13180313757583
    ],
    "p68_range": [
      33.36576027376361,
      34.13180313757583
    ],
    "p95": [
      33.064083013029354,
      34.5190709240644
    ],
    "p95_range": [
      33.064083013029354,
      34.5190709240644
    ],
    "std": 0.3722943523700308
  },
  "SiOx thickness": {
    "best": 40.00242732845136,
    "index": 7,
    "integer": false,
    "label": "SiOx thickness",
    "mean": 39.2809638087114,
    "median": 39.2961345511912,
    "p68": [
      36.8105721745405,
      41.93798928778131
    ],
    "p68_range": [
      36.8105721745405,
      41.93798928778131
    ],
    "p95": [
      34.54797621985786,
      43.786943543939124
    ],
    "p95_range": [
      34.54797621985786,
      43.786943543939124
    ],
    "std": 2.4467186954907114
  },
  "Silicon interface": {
    "best": 18.87345093879046,
    "index": 2,
    "integer": false,
    "label": "Silicon interface",
    "mean": 18.956715806626935,
    "median": 18.985235835211036,
    "p68": [
      18.253253176424387,
      19.641812268480535
    ],
    "p68_range": [
      18.253253176424387,
      19.641812268480535
    ],
    "p95": [
      17.50820196038197,
      20.23553138896952
    ],
    "p95_range": [
      17.50820196038197,
      20.23553138896952
    ],
    "std": 0.6967251675710479
  },
  "Silicon thickness": {
    "best": 58.55228418316355,
    "index": 3,
    "integer": false,
    "label": "Silicon thickness",
    "mean": 40.763044913141975,
    "median": 37.41907323811157,
    "p68": [
      3.7728482261138425,
      78.7314047033307
    ],
    "p68_range": [
      3.7728482261138425,
      78.7314047033307
    ],
    "p95": [
      0.08721888264915423,
      96.28834154961875
    ],
    "p95_range": [
      0.08721888264915423,
      96.28834154961875
    ],
    "std": 31.169950933300544
  },
  "intensity R1XRR": {
    "best": 1.0219437947928665,
    "index": 1,
    "integer": false,
    "label": "intensity R1XRR",
    "mean": 1.0224828562243462,
    "median": 1.0224848241307087,
    "p68": [
      1.0204152248104692,
      1.024514248809048
    ],
    "p68_range": [
      1.0204152248104692,
      1.024514248809048
    ],
    "p95": [
      1.0185975139727894,
      1.026375996332707
    ],