{
  "Permalloy interface": {
    "best": 6.711128597183049,
    "index": 7,
    "integer": false,
    "label": "Permalloy interface",
    "mean": 6.702328550715493,
    "median": 6.702537693389234,
    "p68": [
      6.690475536784862,
      6.713899550339741
    ],
    "p68_range": [
      6.690475536784862,
      6.713899550339741
    ],
    "p95": [
      6.6798106862092705,
      6.72478053116093
    ],
    "p95_range": [
      6.6798106862092705,
      6.72478053116093
    ],
    "std": 0.011647666180814626
  },
  "Permalloy irho": {
    "best": 0.7285637737911461,
    "index": 8,
    "integer": false,
    "label": "Permalloy irho",
    "mean": 0.6238169333484118,
    "median": 0.6189929724604322,
    "p68": [
      0.4799286129444528,
      0.7714792743640865
    ],
    "p68_range": [
      0.4799286129444528,
      0.7714792743640865
    ],
    "p95": [
      0.3478547901603604,
      0.9154652224269111
    ],
    "p95_range": [
      0.3478547901603604,
      0.9154652224269111
    ],
    "std": 0.1435723730051942
  },
  "Permalloy rho": {
    "best": 67.01339329753687,
    "index": 9,
    "integer": false,
    "label": "Permalloy rho",
    "mean": 67.08422694822258,
    "median": 67.0812763953774,
    "p68": [
      66.9362196119588,
      67.22889983459335
    ],
    "p68_range": [
      66.9362196119588,
      67.22889983459335
    ],
    "p95": [
      66.79955914637036,
      67.3659295512998
    ],
    "p95_range": [
      66.79955914637036,
      67.3659295512998
    ],
    "std": 0.14344257480282596
  },
  "Permalloy thickness": {
    "best": 107.91586611237392,
    "index": 10,
    "integer": false,
    "label": "Permalloy thickness",
    "mean": 107.89882294660347,
    "median": 107.89774604480007,
    "p68": [
      107.8688567917916,
      107.9306559592914
    ],
    "p68_range": [
      107.8688567917916,
      107.9306559592914
    ],
    "p95": [
      107.84116503770713,
      107.95702355549028
    ],
    "p95_range": [
      107.84116503770713,
      107.95702355549028
    ],
    "std": 0.030080352312995183
  },
  "Pt interface": {
    "best": 3.6602525809660498,
    "index": 11,
    "integer": false,
    "label": "Pt interface",
    "mean": 3.660838334750114,
    "median": 3.660816560638359,
    "p68": [
      3.6591157071179095,
      3.6626185443957904
    ],
    "p68_range": [
      3.6591157071179095,
      3.6626185443957904
    ],
    "p95": [
      3.6573151920317724,
      3.6642958459847894
    ],
    "p95_range": [
      3.6573151920317724,
      3.6642958459847894
    ],
    "std": 0.0017343222797268614
  },
  "Pt irho": {
    "best": 8.45097387760258,
    "index": 12,
    "integer": false,
    "label": "Pt irho",
    "mean": 8.449004161218543,
    "median": 8.449609694975683,
    "p68": [
      8.447372795700918,
      8.450618581939134
    ],
    "p68_range": [
      8.447372795700918,
      8.450618581939134
    ],
    "p95": [
      8.443904118422253,
      8.450932412463128
    ],
    "p95_range": [
      8.443904118422253,
      8.450932412463128
    ],
    "std": 0.0019183379973041006
  },
  "Pt rho": {
    "best": 134.5395342087413,
    "index": 13,
    "integer": false,
    "label": "Pt rho",
    "mean": 134.5642522034882,
    "median": 134.5642234353695,
    "p68": [
      134.4597263689006,
      134.66816931721462
    ],
    "p68_range": [
      134.4597263689006,
      134.66816931721462
    ],
    "p95": [
      134.35608488672403,
      134.76776285342055
    ],
    "p95_range": [
      134.35608488672403,
      134.76776285342055
    ],
    "std": 0.10469095409449079
  },
  "Pt thickness": {
    "best": 49.54135384303526,
    "index": 14,
    "integer": false,
    "label": "Pt thickness",
    "mean": 49.55604679344631,
    "median": 49.55590787102374,
    "p68": [
      49.537914509749456,
      49.574085478469144
    ],
    "p68_range": [
      49.537914509749456,
      49.574085478469144
    ],
    "p95": [
      49.52177392147327,
      49.590090097158445
    ],
    "p95_range": [
      49.52177392147327,
      49.590090097158445
    ],
    "std": 0.017739431954414957
  },
  "SiOx interface": {
    "best": 3.2623930393881855,
    "index": 3,
    "integer": false,
    "label": "SiOx interface",
    "mean": 3.2504282268580895,
    "median": 3.2502084905511484,
    "p68": [
      3.2391275066486087,
      3.2621292844816088
    ],
    "p68_range": [
      3.2391275066486087,
      3.2621292844816088
    ],
    "p95": [
      3.227883379047569,
      3.2735327024836764
    ],
    "p95_range": [
      3.227883379047569,
      3.2735327024836764
    ],
    "std": 0.011597885979257105
  },
  "SiOx irho": {
    "best": 7.8524714450783435,
    "index": 4,
    "integer": false,
    "label": "SiOx irho",
    "mean": 7.796980436356874,
    "median": 7.8214619444134765,
    "p68": [
      7.730413995597463,
      7.858265772570517
    ],
    "p68_range": [
      7.730413995597463,
      7.858265772570517
    ],
    "p95": [
      7.604416955544688,
      7.869015084123056
    ],
    "p95_range": [
      7.604416955544688,
      7.869015084123056
    ],
    "std": 0.07303635994730014
  },
  "SiOx rho": {
    "best": 33.38519851941621,
    "index": 5,
    "integer": false,
    "label": "SiOx rho",
    "mean": 33.669854695542774,
    "median": 33.67261184752802,
    "p68": [
      33.38058127587492,
      33.96098563523304
    ],
    "p68_range": [
      33.38058127587492,
      33.96098563523304
    ],
    "p95": [
      33.07866304229524,
      34.235205364886625
    ],
    "p95_range": [
      33.07866304229524,
      34.235205364886625
    ],
    "std": 0.28901629267568524
  },
  "SiOx thickness": {
    "best": 36.96302433019369,
    "index": 6,
    "integer": false,
    "label": "SiOx thickness",
    "mean": 38.865619341180306,
    "median": 38.9270396837804,
    "p68": [
      36.722506892637476,
      41.00129480103879
    ],
    "p68_range": [
      36.722506892637476,
      41.00129480103879
    ],
    "p95": [
      34.599280466966974,
      42.819896802209655
    ],
    "p95_range": [
      34.599280466966974,
      42.819896802209655
    ],
    "std": 2.120315899663849
  },
  "Silicon interface": {
    "best": 18.41791272136459,
    "index": 2,
    "integer": false,
    "label": "Silicon interface",
    "mean": 18.855299681699336,
    "median": 18.880009578102264,
    "p68": [
      18.226931454328138,
      19.476614748322582
    ],
    "p68_range": [
      18.226931454328138,
      19.476614748322582
    ],
    "p95": [
      17.526511010979537,
      20.048021594387734
    ],
    "p95_range": [
      17.526511010979537,
      20.048021594387734
    ],
    "std": 0.6384179260311458
  },
  "intensity R1XRR": {
    "best": 1.0231495824809178,
    "index": 1,
    "integer": false,
    "label": "intensity R1XRR",
    "mean": 1.022795961528308,
    "median": 1.0227668327665438,
    "p68": [
      1.021039458753391,
      1.0245639720003406
    ],
    "p68_range": [
      1.021039458753391,
      1.0245639720003406
    ],
    "p95": [
      1.0194021432229035,
      1.0262530315436424
    ],
    "p95_range": [
      1.0194021432229035,
      1.0262530315436424
    ],
    "std": 0.0017480610228524924
  }
}