{
  "Interface interface": {
    "best": 3.5366970033939715,
    "index": 16,
    "integer": false,
    "label": "Interface interface",
    "mean": 3.537179008216163,
    "median": 3.537326211975281,
    "p68": [
      3.531913142966651,
      3.5423366148316737
    ],
    "p68_range": [
      3.531913142966651,
      3.5423366148316737
    ],
    "p95": [
      3.5266874089417115,
      3.547211575037819
    ],
    "p95_range": [
      3.5266874089417115,
      3.547211575037819
    ],
    "std": 0.005279838487010912
  },
  "Interface irho": {
    "best": -9.994920723444632e-09,
    "index": 17,
    "integer": false,
    "label": "Interface irho",
    "mean": -11.696455179037821,
    "median": -12.07742072448755,
    "p68": [
      -19.323783431817123,
      -3.3635906384502383
    ],
    "p68_range": [
      -19.323783431817123,
      -3.3635906384502383
    ],
    "p95": [
      -23.995129595448322,
      -0.5252557059420377
    ],
    "p95_range": [
      -23.995129595448322,
      -0.5252557059420377
    ],
    "std": 6.918791414406003
  },
  "Interface rho": {
    "best": 127.16067043449914,
    "index": 18,
    "integer": false,
    "label": "Interface rho",
    "mean": 127.15192518316843,
    "median": 127.17797293034312,
    "p68": [
      126.65802516510799,
      127.62689610050658
    ],
    "p68_range": [
      126.65802516510799,
      127.62689610050658
    ],
    "p95": [
      126.1126238837275,
      128.13489851093865
    ],
    "p95_range": [
      126.1126238837275,
      128.13489851093865
    ],
    "std": 0.5022250146381861
  },
  "Interface thickness": {
    "best": 10.827119401679344,
    "index": 19,
    "integer": false,
    "label": "Interface thickness",
    "mean": 10.837275550372068,
    "median": 10.844991031681005,
    "p68": [
      10.551342132333712,
      11.116470843749735
    ],
    "p68_range": [
      10.551342132333712,
      11.116470843749735
    ],
    "p95": [
      10.264250165965516,
      11.40517879241453
    ],
    "p95_range": [
      10.264250165965516,
      11.40517879241453
    ],
    "std": 0.2842356130190054
  },
  "Permalloy interface": {
    "best": 6.561091556861685,
    "index": 8,
    "integer": false,
    "label": "Permalloy interface",
    "mean": 6.561476424726061,
    "median": 6.561205433269017,
    "p68": [
      6.547858680660167,
      6.575031021282044
    ],
    "p68_range": [
      6.547858680660167,
      6.575031021282044
    ],
    "p95": [
      6.535542756029053,
      6.587223473208936
    ],
    "p95_range": [
      6.535542756029053,
      6.587223473208936
    ],
    "std": 0.013177728934185576
  },
  "Permalloy irho": {
    "best": 2.999591564908327,
    "index": 9,
    "integer": false,
    "label": "Permalloy irho",
    "mean": 2.9977728049127834,
    "median": 3.0037681177303943,
    "p68": [
      2.7632621192922575,
      3.2386473309561743
    ],
    "p68_range": [
      2.7632621192922575,
      3.2386473309561743
    ],
    "p95": [
      2.5062483081893214,
      3.4871983865911256
    ],
    "p95_range": [
      2.5062483081893214,
      3.4871983865911256
    ],
    "std": 0.24030803722489616
  },
  "Permalloy rho": {
    "best": 61.47602230829055,
    "index": 10,
    "integer": false,
    "label": "Permalloy rho",
    "mean": 61.43304947278442,
    "median": 61.433050899790246,
    "p68": [
      61.2170381130821,
      61.651043447726714
    ],
    "p68_range": [
      61.2170381130821,
      61.651043447726714
    ],
    "p95": [
      60.94580239955428,
      61.915944851912684
    ],
    "p95_range": [
      60.94580239955428,
      61.915944851912684
    ],
    "std": 0.23105599505399355
  },
  "Permalloy thickness": {
    "best": 107.96037642976421,
    "index": 11,
    "integer": false,
    "label": "Permalloy thickness",
    "mean": 107.96922787138429,
    "median": 107.96633219829528,
    "p68": [
      107.92836885966898,
      108.01085904154232
    ],
    "p68_range": [
      107.92836885966898,
      108.01085904154232
    ],
    "p95": [
      107.89499375871534,
      108.05870860128836
    ],
    "p95_range": [
      107.89499375871534,
      108.05870860128836
    ],
    "std": 0.04203378268696809
  },
  "Platinum interface": {
    "best": 5.368740967914148,
    "index": 12,
    "integer": false,
    "label": "Platinum interface",
    "mean": 5.386270544257425,
    "median": 5.388547092916978,
    "p68": [
      5.2915481119930705,
      5.476350839839264
    ],
    "p68_range": [
      5.2915481119930705,
      5.476350839839264
    ],
    "p95": [
      5.205644159103369,
      5.564405406239511
    ],
    "p95_range": [
      5.205644159103369,
      5.564405406239511
    ],
    "std": 0.09327550257638627
  },
  "Platinum irho": {
    "best": 11.046796081433508,
    "index": 13,
    "integer": false,
    "label": "Platinum irho",
    "mean": 11.056542807749727,
    "median": 11.05522812991595,
    "p68": [
      10.852441379242208,
      11.255829955377944
    ],
    "p68_range": [
      10.852441379242208,
      11.255829955377944
    ],
    "p95": [
      10.66439101592013,
      11.459919059497105
    ],
    "p95_range": [
      10.66439101592013,
      11.459919059497105
    ],
    "std": 0.20122389147797282
  },
  "Platinum rho": {
    "best": 129.1543247679768,
    "index": 14,
    "integer": false,
    "label": "Platinum rho",
    "mean": 129.13035999479663,
    "median": 129.12967323174777,
    "p68": [
      128.94176683941052,
      129.31020625407558
    ],
    "p68_range": [
      128.94176683941052,
      129.31020625407558
    ],
    "p95": [
      128.75312525765045,
      129.46268238924324
    ],
    "p95_range": [
      128.75312525765045,
      129.46268238924324
    ],
    "std": 0.18046659373793403
  },
  "Platinum thickness": {
    "best": 39.06862099836561,
    "index": 15,
    "integer": false,
    "label": "Platinum thickness",
    "mean": 39.05705837300089,
    "median": 39.05171259371061,
    "p68": [
      38.76265416434185,
      39.35932924808142
    ],
    "p68_range": [
      38.76265416434185,
      39.35932924808142
    ],
    "p95": [
      38.44645343706984,
      39.66345332019423
    ],
    "p95_range": [
      38.44645343706984,
      39.66345332019423
    ],
    "std": 0.3026369617239486
  },
  "SiOx interface": {
    "best": 3.425438018274664,
    "index": 4,
    "integer": false,
    "label": "SiOx interface",
    "mean": 3.425058537660844,
    "median": 3.4245910059231637,
    "p68": [
      3.4132248984217832,
      3.4363541351757823
    ],
    "p68_range": [
      3.4132248984217832,
      3.4363541351757823
    ],
    "p95": [
      3.4034227621780806,
      3.4476314095016876
    ],
    "p95_range": [
      3.4034227621780806,
      3.4476314095016876
    ],
    "std": 0.011407885502497448
  },
  "SiOx irho": {
    "best": 6.254736283667166,
    "index": 5,
    "integer": false,
    "label": "SiOx irho",
    "mean": 6.139238103400011,
    "median": 6.144835424916906,
    "p68": [
      5.627297272336167,
      6.666076872965487
    ],
    "p68_range": [
      5.627297272336167,
      6.666076872965487
    ],
    "p95": [
      5.168451799077512,
      7.045584678047292
    ],
    "p95_range": [
      5.168451799077512,
      7.045584678047292
    ],
    "std": 0.4914302086730132
  },
  "SiOx rho": {
    "best": 24.269524234758535,
    "index": 6,
    "integer": false,
    "label": "SiOx rho",
    "mean": 24.224499941921025,
    "median": 24.212770148812734,
    "p68": [
      23.90306801304913,
      24.54718372820547
    ],
    "p68_range": [
      23.90306801304913,
      24.54718372820547
    ],