{
  "Interface interface": {
    "best": 3.526033135807476,
    "index": 16,
    "integer": false,
    "label": "Interface interface",
    "mean": 3.525937649402221,
    "median": 3.525907367211133,
    "p68": [
      3.5208031795442305,
      3.5308376720056747
    ],
    "p68_range": [
      3.5208031795442305,
      3.5308376720056747
    ],
    "p95": [
      3.516323161144803,
      3.5352830631866827
    ],
    "p95_range": [
      3.516323161144803,
      3.5352830631866827
    ],
    "std": 0.004841189387120798
  },
  "Interface irho": {
    "best": -6.351580393038969,
    "index": 17,
    "integer": false,
    "label": "Interface irho",
    "mean": -6.663198269848265,
    "median": -6.865642915534461,
    "p68": [
      -11.487471183713538,
      -1.8046387438012146
    ],
    "p68_range": [
      -11.487471183713538,
      -1.8046387438012146
    ],
    "p95": [
      -13.525234813620054,
      0.3489482967278913
    ],
    "p95_range": [
      -13.525234813620054,
      0.3489482967278913
    ],
    "std": 4.081279483366264
  },
  "Interface rho": {
    "best": 126.89155782536793,
    "index": 18,
    "integer": false,
    "label": "Interface rho",
    "mean": 126.87107964639473,
    "median": 126.87179720356464,
    "p68": [
      126.33607803770023,
      127.42792447105724
    ],
    "p68_range": [
      126.33607803770023,
      127.42792447105724
    ],
    "p95": [
      125.72367678158417,
      127.93169775515473
    ],
    "p95_range": [
      125.72367678158417,
      127.93169775515473
    ],
    "std": 0.5550094936487664
  },
  "Interface thickness": {
    "best": 10.266684373162759,
    "index": 19,
    "integer": false,
    "label": "Interface thickness",
    "mean": 10.26589236318289,
    "median": 10.258786635436008,
    "p68": [
      9.993088613166888,
      10.535991211488847
    ],
    "p68_range": [
      9.993088613166888,
      10.535991211488847
    ],
    "p95": [
      9.753038918000446,
      10.808305051443401
    ],
    "p95_range": [
      9.753038918000446,
      10.808305051443401
    ],
    "std": 0.2669384194817678
  },
  "Permalloy interface": {
    "best": 6.567149628851836,
    "index": 8,
    "integer": false,
    "label": "Permalloy interface",
    "mean": 6.565727304817996,
    "median": 6.565564842798923,
    "p68": [
      6.55146555968927,
      6.579782973518061
    ],
    "p68_range": [
      6.55146555968927,
      6.579782973518061
    ],
    "p95": [
      6.539068306502248,
      6.592887247172966
    ],
    "p95_range": [
      6.539068306502248,
      6.592887247172966
    ],
    "std": 0.013947641836702274
  },
  "Permalloy irho": {
    "best": 3.0870891029136445,
    "index": 9,
    "integer": false,
    "label": "Permalloy irho",
    "mean": 3.0382509520741765,
    "median": 3.0404878541446063,
    "p68": [
      2.7986511624867223,
      3.2687698980157185
    ],
    "p68_range": [
      2.7986511624867223,
      3.2687698980157185
    ],
    "p95": [
      2.553098309186548,
      3.492184746057695
    ],
    "p95_range": [
      2.553098309186548,
      3.492184746057695
    ],
    "std": 0.24074942559508825
  },
  "Permalloy rho": {
    "best": 62.25080419877612,
    "index": 10,
    "integer": false,
    "label": "Permalloy rho",
    "mean": 62.20676065687018,
    "median": 62.19640806787273,
    "p68": [
      62.04126972567892,
      62.376518201342506
    ],
    "p68_range": [
      62.04126972567892,
      62.376518201342506
    ],
    "p95": [
      61.88761159956988,
      62.575537177150345
    ],
    "p95_range": [
      61.88761159956988,
      62.575537177150345
    ],
    "std": 0.17176033981275202
  },
  "Permalloy thickness": {
    "best": 107.84526259773548,
    "index": 11,
    "integer": false,
    "label": "Permalloy thickness",
    "mean": 107.85179234883024,
    "median": 107.85172245159097,
    "p68": [
      107.81920540275893,
      107.8866745501068
    ],
    "p68_range": [
      107.81920540275893,
      107.8866745501068
    ],
    "p95": [
      107.78726313340835,
      107.91639373858037
    ],
    "p95_range": [
      107.78726313340835,
      107.91639373858037
    ],
    "std": 0.033493421544550504
  },
  "Platinum interface": {
    "best": 5.201865736019844,
    "index": 12,
    "integer": false,
    "label": "Platinum interface",
    "mean": 5.2083070000354335,
    "median": 5.205399745435596,
    "p68": [
      5.124087364528404,
      5.291086156171261
    ],
    "p68_range": [
      5.124087364528404,
      5.291086156171261
    ],
    "p95": [
      5.05342599597149,
      5.368146927422107
    ],
    "p95_range": [
      5.05342599597149,
      5.368146927422107
    ],
    "std": 0.08133706532295146
  },
  "Platinum irho": {
    "best": 11.037926834151786,
    "index": 13,
    "integer": false,
    "label": "Platinum irho",
    "mean": 11.0863090549428,
    "median": 11.083565960167894,
    "p68": [
      10.893738705012847,
      11.288975863605485
    ],
    "p68_range": [
      10.893738705012847,
      11.288975863605485
    ],
    "p95": [
      10.697429239170472,
      11.495356568620974
    ],
    "p95_range": [
      10.697429239170472,
      11.495356568620974
    ],
    "std": 0.20154342889400215
  },
  "Platinum rho": {
    "best": 130.02758805515768,
    "index": 14,
    "integer": false,
    "label": "Platinum rho",
    "mean": 130.0306458345511,
    "median": 130.0212268206289,
    "p68": [
      130.0054966417266,
      130.05929302717558
    ],
    "p68_range": [
      130.0054966417266,
      130.05929302717558
    ],
    "p95": [
      130.00065403500614,
      130.10820621752137
    ],
    "p95_range": [
      130.00065403500614,
      130.10820621752137
    ],
    "std": 0.029161045972619495
  },
  "Platinum thickness": {
    "best": 39.67816799085595,
    "index": 15,
    "integer": false,
    "label": "Platinum thickness",
    "mean": 39.68243137980013,
    "median": 39.686625576980525,
    "p68": [
      39.39619675013661,
      39.97689524091273
    ],
    "p68_range": [
      39.39619675013661,
      39.97689524091273
    ],
    "p95": [
      39.11210778675965,
      40.232962513915474
    ],
    "p95_range": [
      39.11210778675965,
      40.232962513915474
    ],
    "std": 0.2829878189946009
  },
  "SiOx interface": {
    "best": 3.43531168193277,
    "index": 4,
    "integer": false,
    "label": "SiOx interface",
    "mean": 3.4311821135761953,
    "median": 3.431290087958199,
    "p68": [
      3.419161023486205,
      3.443158201423125
    ],
    "p68_range": [
      3.419161023486205,
      3.443158201423125
    ],
    "p95": [
      3.407739090601369,
      3.4548929205557197
    ],
    "p95_range": [
      3.407739090601369,
      3.4548929205557197
    ],
    "std": 0.012016298425864333
  },
  "SiOx irho": {
    "best": 7.696568615240926,
    "index": 5,
    "integer": false,
    "label": "SiOx irho",
    "mean": 7.484181141551068,
    "median": 7.483741131986103,
    "p68": [
      7.081837015524958,
      7.894977026188467
    ],
    "p68_range": [
      7.081837015524958,
      7.894977026188467
    ],
    "p95": [
      6.744459645786753,
      8.253685697463794
    ],
    "p95_range": [
      6.744459645786753,
      8.253685697463794
    ],
    "std": 0.4004927845285965
  },
  "SiOx rho": {
    "best": 24.857452819740644,
    "index": 6,
    "integer": false,
    "label": "SiOx rho",
    "mean": 24.90210081528886,
    "median": 24.911907120095908,
    "p68": [
      24.610944665177904,
      25.195393304370796
    ],
    "p68_range": [
      24.610944665177904,
      25.195393304370796
    ],