{
  "Interface interface": {
    "best": 4.4795150874806975,
    "index": 15,
    "integer": false,
    "label": "Interface interface",
    "mean": 4.475145465270221,
    "median": 4.475983085781442,
    "p68": [
      4.45605815696246,
      4.494087318992136
    ],
    "p68_range": [
      4.45605815696246,
      4.494087318992136
    ],
    "p95": [
      4.43341380085324,
      4.513770216108116
    ],
    "p95_range": [
      4.43341380085324,
      4.513770216108116
    ],
    "std": 0.02011781010717077
  },
  "Interface irho": {
    "best": 4.135347993365946,
    "index": 16,
    "integer": false,
    "label": "Interface irho",
    "mean": 3.940505469014577,
    "median": 4.133855833503116,
    "p68": [
      3.3082173222679114,
      4.436378769029619
    ],
    "p68_range": [
      3.3082173222679114,
      4.436378769029619
    ],
    "p95": [
      2.661123774109726,
      4.49055694833443
    ],
    "p95_range": [
      2.661123774109726,
      4.49055694833443
    ],
    "std": 0.534245988166555
  },
  "Interface rho": {
    "best": 50.80296540624973,
    "index": 17,
    "integer": false,
    "label": "Interface rho",
    "mean": 50.69311294480206,
    "median": 50.798225427591554,
    "p68": [
      50.430927174338755,
      50.95159555600885
    ],
    "p68_range": [
      50.430927174338755,
      50.95159555600885
    ],
    "p95": [
      49.79204822700401,
      50.993303698513145
    ],
    "p95_range": [
      49.79204822700401,
      50.993303698513145
    ],
    "std": 0.319996755332705
  },
  "Interface thickness": {
    "best": 0.00045450383932011697,
    "index": 18,
    "integer": false,
    "label": "Interface thickness",
    "mean": 0.03417053223757049,
    "median": 0.020470811128869105,
    "p68": [
      0.005309822781553064,
      0.05948941867436627
    ],
    "p68_range": [
      0.005309822781553064,
      0.05948941867436627
    ],
    "p95": [
      0.0008174207028384117,
      0.16021163564481236
    ],
    "p95_range": [
      0.0008174207028384117,
      0.16021163564481236
    ],
    "std": 0.0418943996404619
  },
  "Permalloy interface": {
    "best": 6.764992884988093,
    "index": 7,
    "integer": false,
    "label": "Permalloy interface",
    "mean": 6.769102342082946,
    "median": 6.768814483596888,
    "p68": [
      6.754336615187307,
      6.783505458781145
    ],
    "p68_range": [
      6.754336615187307,
      6.783505458781145
    ],
    "p95": [
      6.741122747198252,
      6.798195107990578
    ],
    "p95_range": [
      6.741122747198252,
      6.798195107990578
    ],
    "std": 0.014673927227106944
  },
  "Permalloy irho": {
    "best": 0.31963042524815516,
    "index": 8,
    "integer": false,
    "label": "Permalloy irho",
    "mean": -0.012642446245935406,
    "median": 0.14000650951979102,
    "p68": [
      -0.5674137825007454,
      0.3858436876731625
    ],
    "p68_range": [
      -0.5674137825007454,
      0.3858436876731625
    ],
    "p95": [
      -0.9191478265250554,
      0.5271018677852206
    ],
    "p95_range": [
      -0.9191478265250554,
      0.5271018677852206
    ],
    "std": 0.42489051569669095
  },
  "Permalloy rho": {
    "best": 66.79825403808996,
    "index": 9,
    "integer": false,
    "label": "Permalloy rho",
    "mean": 66.72003704949148,
    "median": 66.7239079575077,
    "p68": [
      66.57698309653914,
      66.8598387789392
    ],
    "p68_range": [
      66.57698309653914,
      66.8598387789392
    ],
    "p95": [
      66.39602742136103,
      66.99365146759436
    ],
    "p95_range": [
      66.39602742136103,
      66.99365146759436
    ],
    "std": 0.1481301695453264
  },
  "Permalloy thickness": {
    "best": 107.86589317230826,
    "index": 10,
    "integer": false,
    "label": "Permalloy thickness",
    "mean": 107.88161737069525,
    "median": 107.87702776647184,
    "p68": [
      107.84577215950011,
      107.91960252706528
    ],
    "p68_range": [
      107.84577215950011,
      107.91960252706528
    ],
    "p95": [
      107.81652859347504,
      107.96849835315663
    ],
    "p95_range": [
      107.81652859347504,
      107.96849835315663
    ],
    "std": 0.038024595011212775
  },
  "Platinum interface": {
    "best": 3.2998681376781196,
    "index": 11,
    "integer": false,
    "label": "Platinum interface",
    "mean": 3.3039660421407606,
    "median": 3.3038213221350454,
    "p68": [
      3.297404227095163,
      3.310598814692083
    ],
    "p68_range": [
      3.297404227095163,
      3.310598814692083
    ],
    "p95": [
      3.2914379717580404,
      3.3174203500900847
    ],
    "p95_range": [
      3.2914379717580404,
      3.3174203500900847
    ],
    "std": 0.006716721046255692
  },
  "Platinum irho": {
    "best": 8.44914650526721,
    "index": 12,
    "integer": false,
    "label": "Platinum irho",
    "mean": 8.44792229897427,
    "median": 8.449012984866508,
    "p68": [
      8.44551702194667,
      8.45047770294707
    ],
    "p68_range": [
      8.44551702194667,
      8.45047770294707
    ],
    "p95": [
      8.438553351706469,
      8.450920859492443
    ],
    "p95_range": [
      8.438553351706469,
      8.450920859492443
    ],
    "std": 0.003406160430573061
  },
  "Platinum rho": {
    "best": 134.89941152414843,
    "index": 13,
    "integer": false,
    "label": "Platinum rho",
    "mean": 134.82425566363537,
    "median": 134.85121476400724,
    "p68": [
      134.76953265035894,
      134.88655907033043
    ],
    "p68_range": [
      134.76953265035894,
      134.88655907033043
    ],
    "p95": [
      134.57564134929603,
      134.8981406058546
    ],
    "p95_range": [
      134.57564134929603,
      134.8981406058546
    ],
    "std": 0.08589543776239489
  },
  "Platinum thickness": {
    "best": 49.55892789053599,
    "index": 14,
    "integer": false,
    "label": "Platinum thickness",
    "mean": 49.54534683377368,
    "median": 49.547732701815285,
    "p68": [
      49.522286742494614,
      49.56963918334668
    ],
    "p68_range": [
      49.522286742494614,
      49.56963918334668
    ],
    "p95": [
      49.48753789268472,
      49.587846159995166
    ],
    "p95_range": [
      49.48753789268472,
      49.587846159995166
    ],
    "std": 0.025529518753750615
  },
  "SiOx interface": {
    "best": 3.340428074886064,
    "index": 3,
    "integer": false,
    "label": "SiOx interface",
    "mean": 3.3347346973191483,
    "median": 3.334948716249457,
    "p68": [
      3.322514855841385,
      3.3473802810713926
    ],
    "p68_range": [
      3.322514855841385,
      3.3473802810713926
    ],
    "p95": [
      3.3076864106141723,
      3.3589407020059716
    ],
    "p95_range": [
      3.3076864106141723,
      3.3589407020059716
    ],
    "std": 0.012857176750090666
  },
  "SiOx irho": {
    "best": 7.837024654852173,
    "index": 4,
    "integer": false,
    "label": "SiOx irho",
    "mean": 7.550708847622024,
    "median": 7.651554085329069,
    "p68": [
      7.268576942337018,
      7.822311932783434
    ],
    "p68_range": [
      7.268576942337018,
      7.822311932783434
    ],
    "p95": [
      6.6116634484394385,
      7.864309067761543
    ],
    "p95_range": [
      6.6116634484394385,
      7.864309067761543
    ],
    "std": 0.32567955727633396
  },
  "SiOx rho": {
    "best": 33.10620733724539,
    "index": 5,
    "integer": false,
    "label": "SiOx rho",
    "mean": 33.10307006718581,
    "median": 33.06436153055915,
    "p68": [
      32.974079977053336,
      33.23742999685093
    ],
    "p68_range": [
      32.974079977053336,
      33.23742999685093
    ],