{
  "Interface interface": {
    "best": 0.7808297359463601,
    "index": 3,
    "integer": false,
    "label": "Interface interface",
    "mean": 1.2205294515568232,
    "median": 1.056177620532548,
    "p68": [
      0.3453174115034887,
      2.1163532253143393
    ],
    "p68_range": [
      0.3453174115034887,
      2.1163532253143393
    ],
    "p95": [
      0.06263568164412847,
      3.161590781092226
    ],
    "p95_range": [
      0.06263568164412847,
      3.161590781092226
    ],
    "std": 0.867862053649269
  },
  "Interface rho": {
    "best": 2.071289409591902,
    "index": 4,
    "integer": false,
    "label": "Interface rho",
    "mean": 2.077946811304598,
    "median": 2.0743383221631646,
    "p68": [
      2.0716247541615402,
      2.083812855528669
    ],
    "p68_range": [
      2.0716247541615402,
      2.083812855528669
    ],
    "p95": [
      2.071095757919455,
      2.105554924524409
    ],
    "p95_range": [
      2.071095757919455,
      2.105554924524409
    ],
    "std": 0.009719582233035049
  },
  "Interface thickness": {
    "best": 45.65484515553037,
    "index": 5,
    "integer": false,
    "label": "Interface thickness",
    "mean": 16.6937593434746,
    "median": 2.8058711380160357,
    "p68": [
      0.1973900564874024,
      32.33157693026172
    ],
    "p68_range": [
      0.1973900564874024,
      32.33157693026172
    ],
    "p95": [
      0.025958208993566424,
      120.78439273493345
    ],
    "p95_range": [
      0.025958208993566424,
      120.78439273493345
    ],
    "std": 30.65228680287715
  },
  "Nafion interface": {
    "best": 6.4410573047561295,
    "index": 19,
    "integer": false,
    "label": "Nafion interface",
    "mean": 6.361026919968676,
    "median": 6.365316153178157,
    "p68": [
      6.17793226111955,
      6.547610336698471
    ],
    "p68_range": [
      6.17793226111955,
      6.547610336698471
    ],
    "p95": [
      5.913934992023977,
      6.754139568739128
    ],
    "p95_range": [
      5.913934992023977,
      6.754139568739128
    ],
    "std": 0.20376907141869421
  },
  "Nafion rho": {
    "best": 4.467360095321101,
    "index": 20,
    "integer": false,
    "label": "Nafion rho",
    "mean": 4.475241320888102,
    "median": 4.47503216700623,
    "p68": [
      4.4667778305891925,
      4.4836368983434225
    ],
    "p68_range": [
      4.4667778305891925,
      4.4836368983434225
    ],
    "p95": [
      4.456709511885428,
      4.4954517997587295
    ],
    "p95_range": [
      4.456709511885428,
      4.4954517997587295
    ],
    "std": 0.00961594756110842
  },
  "Nafion thickness": {
    "best": 301.1777280181463,
    "index": 21,
    "integer": false,
    "label": "Nafion thickness",
    "mean": 301.181592222343,
    "median": 301.16645571696375,
    "p68": [
      300.76570090186664,
      301.603088241877
    ],
    "p68_range": [
      300.76570090186664,
      301.603088241877
    ],
    "p95": [
      300.3564820434029,
      302.1043540598394
    ],
    "p95_range": [
      300.3564820434029,
      302.1043540598394
    ],
    "std": 0.4407892307699778
  },
  "Permalloy interface": {
    "best": 15.256434110520264,
    "index": 9,
    "integer": false,
    "label": "Permalloy interface",
    "mean": 15.358427307594317,
    "median": 15.328232942607446,
    "p68": [
      14.915976157372421,
      15.827176732057039
    ],
    "p68_range": [
      14.915976157372421,
      15.827176732057039
    ],
    "p95": [
      14.476818263700297,
      16.318118851288656
    ],
    "p95_range": [
      14.476818263700297,
      16.318118851288656
    ],
    "std": 0.4631132360613402
  },
  "Permalloy rho": {
    "best": 9.448996834079372,
    "index": 11,
    "integer": false,
    "label": "Permalloy rho",
    "mean": 9.453131376261933,
    "median": 9.452252794836898,
    "p68": [
      9.439063399760816,
      9.467636094519621
    ],
    "p68_range": [
      9.439063399760816,
      9.467636094519621
    ],
    "p95": [
      9.424316821791837,
      9.484840038734273
    ],
    "p95_range": [
      9.424316821791837,
      9.484840038734273
    ],
    "std": 0.015293030409949024
  },
  "Permalloy rhoM": {
    "best": 1.9900455425294201,
    "index": 10,
    "integer": false,
    "label": "Permalloy rhoM",
    "mean": 1.99554687975894,
    "median": 1.9959153472862199,
    "p68": [
      1.983176567956222,
      2.008444465408651
    ],
    "p68_range": [
      1.983176567956222,
      2.008444465408651
    ],
    "p95": [
      1.966083383010146,
      2.021787129526651
    ],
    "p95_range": [
      1.966083383010146,
      2.021787129526651
    ],
    "std": 0.014048002812808843
  },
  "Permalloy thickness": {
    "best": 101.95847354417525,
    "index": 12,
    "integer": false,
    "label": "Permalloy thickness",
    "mean": 102.12988314380186,
    "median": 102.1327522598512,
    "p68": [
      101.90785116774056,
      102.34381311428898
    ],
    "p68_range": [
      101.90785116774056,
      102.34381311428898
    ],
    "p95": [
      101.66938112364234,
      102.63477010250942
    ],
    "p95_range": [
      101.66938112364234,
      102.63477010250942
    ],
    "std": 0.23904998081996104
  },
  "Platinum interface": {
    "best": 5.80453151095767,
    "index": 13,
    "integer": false,
    "label": "Platinum interface",
    "mean": 6.122147866558049,
    "median": 6.121189109513643,
    "p68": [
      5.859681716133847,
      6.380104507038174
    ],
    "p68_range": [
      5.859681716133847,
      6.380104507038174
    ],
    "p95": [
      5.581494490623168,
      6.702662238878921
    ],
    "p95_range": [
      5.581494490623168,
      6.702662238878921
    ],
    "std": 0.27740015469557605
  },
  "Platinum rho": {
    "best": 6.271756595055226,
    "index": 14,
    "integer": false,
    "label": "Platinum rho",
    "mean": 6.262457058079145,
    "median": 6.265615521516306,
    "p68": [
      6.234676565008141,
      6.289289544479974
    ],
    "p68_range": [
      6.234676565008141,
      6.289289544479974
    ],
    "p95": [
      6.192375358301162,
      6.314907504090736
    ],
    "p95_range": [
      6.192375358301162,
      6.314907504090736
    ],
    "std": 0.02987337155167409
  },
  "Platinum thickness": {
    "best": 60.34199644727673,
    "index": 15,
    "integer": false,
    "label": "Platinum thickness",
    "mean": 60.24161665465675,
    "median": 60.240027879491564,
    "p68": [
      60.00705030087499,
      60.47771546688
    ],
    "p68_range": [
      60.00705030087499,
      60.47771546688
    ],
    "p95": [
      59.729144414314035,
      60.77095946143055
    ],
    "p95_range": [
      59.729144414314035,
      60.77095946143055
    ],
    "std": 0.25804501138702857
  },
  "SiOx interface": {
    "best": 4.559339945521028,
    "index": 6,
    "integer": false,
    "label": "SiOx interface",
    "mean": 4.519908160547954,
    "median": 4.514618020080109,
    "p68": [
      4.421115747687218,
      4.618624229662765
    ],
    "p68_range": [
      4.421115747687218,
      4.618624229662765
    ],
    "p95": [
      4.322564925775787,
      4.750796415003962
    ],
    "p95_range": [
      4.322564925775787,
      4.750796415003962
    ],
    "std": 0.10539761460616594
  },
  "SiOx rho": {
    "best": 3.000149236358694,
    "index": 7,
    "integer": false,
    "label": "SiOx rho",
    "mean": 3.0029591685806927,
    "median": 3.001689967741359,
    "p68": [
      3.000460928379944,
      3.0051826039488057
    ],
    "p68_range": [
      3.000460928379944,
      3.0051826039488057
    ],
    "p95": [
      3.0000681989434965,
      3.013585846807555
    ],