{
  "Background MM": {
    "best": 5.753966837004131e-08,
    "index": 1,
    "integer": false,
    "label": "Background MM",
    "mean": 6.970931299301046e-08,
    "median": 6.592217532099824e-08,
    "p68": [
      2.4195513573679273e-08,
      1.1474920743106759e-07
    ],
    "p68_range": [
      2.4195513573679273e-08,
      1.1474920743106759e-07
    ],
    "p95": [
      6.18946924543999e-09,
      1.565490795167211e-07
    ],
    "p95_range": [
      6.18946924543999e-09,
      1.565490795167211e-07
    ],
    "std": 4.146896482386132e-08
  },
  "Background PP": {
    "best": 1.8261785358127253e-08,
    "index": 3,
    "integer": false,
    "label": "Background PP",
    "mean": 7.082788901289343e-08,
    "median": 6.661517803484857e-08,
    "p68": [
      2.9586777571465572e-08,
      1.1227081247850847e-07
    ],
    "p68_range": [
      2.9586777571465572e-08,
      1.1227081247850847e-07
    ],
    "p95": [
      8.735359624864348e-09,
      1.5767899560663526e-07
    ],
    "p95_range": [
      8.735359624864348e-09,
      1.5767899560663526e-07
    ],
    "std": 3.9458870817884844e-08
  },
  "Bulk Nafion interface": {
    "best": 9.717534885510542,
    "index": 26,
    "integer": false,
    "label": "Bulk Nafion interface",
    "mean": 9.660646125315333,
    "median": 9.664456892604065,
    "p68": [
      9.431948725596387,
      9.876751630636003
    ],
    "p68_range": [
      9.431948725596387,
      9.876751630636003
    ],
    "p95": [
      9.170994372115235,
      10.114677474666928
    ],
    "p95_range": [
      9.170994372115235,
      10.114677474666928
    ],
    "std": 0.23702568780611646
  },
  "Bulk Nafion rho": {
    "best": 4.113884412338948,
    "index": 27,
    "integer": false,
    "label": "Bulk Nafion rho",
    "mean": 4.137663032176564,
    "median": 4.131751409166941,
    "p68": [
      4.100537725675888,
      4.1764133923438695
    ],
    "p68_range": [
      4.100537725675888,
      4.1764133923438695
    ],
    "p95": [
      4.075557546223672,
      4.2391817463106785
    ],
    "p95_range": [
      4.075557546223672,
      4.2391817463106785
    ],
    "std": 0.04036905526804901
  },
  "Bulk Nafion thickness": {
    "best": 145.82071296090496,
    "index": 28,
    "integer": false,
    "label": "Bulk Nafion thickness",
    "mean": 134.92845188656688,
    "median": 136.0901590210565,
    "p68": [
      125.46584622929441,
      145.17871995557795
    ],
    "p68_range": [
      125.46584622929441,
      145.17871995557795
    ],
    "p95": [
      108.68848229047651,
      152.45195505055887
    ],
    "p95_range": [
      108.68848229047651,
      152.45195505055887
    ],
    "std": 10.73478851185987
  },
  "Grad thickness": {
    "best": 90.02003647159053,
    "index": 25,
    "integer": false,
    "label": "Grad thickness",
    "mean": 101.3965381613168,
    "median": 100.01381032853935,
    "p68": [
      91.10936943404354,
      111.89371981866577
    ],
    "p68_range": [
      91.10936943404354,
      111.89371981866577
    ],
    "p95": [
      83.1196838535143,
      127.27188397347327
    ],
    "p95_range": [
      83.1196838535143,
      127.27188397347327
    ],
    "std": 11.261830725759276
  },
  "Grad:Nafion": {
    "best": 0.530457960224684,
    "index": 33,
    "integer": false,
    "label": "Grad:Nafion",
    "mean": 0.5065865604815863,
    "median": 0.5142920432798612,
    "p68": [
      0.4735341963778698,
      0.5400601128859865
    ],
    "p68_range": [
      0.4735341963778698,
      0.5400601128859865
    ],
    "p95": [
      0.4142992173259394,
      0.5482296528491708
    ],
    "p95_range": [
      0.4142992173259394,
      0.5482296528491708
    ],
    "std": 0.03575547161190056
  },
  "Gradient rho": {
    "best": 3.6503721703958796,
    "index": 24,
    "integer": false,
    "label": "Gradient rho",
    "mean": 3.6846910864882347,
    "median": 3.6846046306323816,
    "p68": [
      3.6644428992561067,
      3.7046081850379036
    ],
    "p68_range": [
      3.6644428992561067,
      3.7046081850379036
    ],
    "p95": [
      3.6422752820980513,
      3.7282710927559894
    ],
    "p95_range": [
      3.6422752820980513,
      3.7282710927559894
    ],
    "std": 0.021133102584211336
  },
  "NRL1 rho": {
    "best": 4.0235115355489635,
    "index": 18,
    "integer": false,
    "label": "NRL1 rho",
    "mean": 4.060547914844254,
    "median": 4.039704700669625,
    "p68": [
      3.9592385230834752,
      4.199203935362705
    ],
    "p68_range": [
      3.9592385230834752,
      4.199203935362705
    ],
    "p95": [
      3.8531808542491253,
      4.380295407315956
    ],
    "p95_range": [
      3.8531808542491253,
      4.380295407315956
    ],
    "std": 0.1543948959793124
  },
  "NRL1 thickness": {
    "best": 18.01818335255672,
    "index": 19,
    "integer": false,
    "label": "NRL1 thickness",
    "mean": 17.67871120252915,
    "median": 18.19020503520429,
    "p68": [
      15.300057443899748,
      20.13486866236538
    ],
    "p68_range": [
      15.300057443899748,
      20.13486866236538
    ],
    "p95": [
      8.848335623310012,
      21.738799873230295
    ],
    "p95_range": [
      8.848335623310012,
      21.738799873230295
    ],
    "std": 2.871435086107568
  },
  "NRL1:WRL2": {
    "best": 0.24099650994185357,
    "index": 30,
    "integer": false,
    "label": "NRL1:WRL2",
    "mean": 0.32030310618701124,
    "median": 0.3362810808790257,
    "p68": [
      0.15436023856971076,
      0.47276675562163056
    ],
    "p68_range": [
      0.15436023856971076,
      0.47276675562163056
    ],
    "p95": [
      0.04986865430152662,
      0.5324541679446554
    ],
    "p95_range": [
      0.04986865430152662,
      0.5324541679446554
    ],
    "std": 0.13804405633327269
  },
  "NRL2 rho": {
    "best": 4.1516471412920835,
    "index": 22,
    "integer": false,
    "label": "NRL2 rho",
    "mean": 4.051327069959132,
    "median": 4.0760897347093765,
    "p68": [
      3.9638630647013398,
      4.209157298256451
    ],
    "p68_range": [
      3.9638630647013398,
      4.209157298256451
    ],
    "p95": [
      3.1485839951064283,
      4.340517496557344
    ],
    "p95_range": [
      3.1485839951064283,
      4.340517496557344
    ],
    "std": 0.22965926774724998
  },
  "NRL2 thickness": {
    "best": 5.939904975065482,
    "index": 23,
    "integer": false,
    "label": "NRL2 thickness",
    "mean": 7.489369926754952,
    "median": 7.35380808962498,
    "p68": [
      5.575823357649469,
      9.430012541805285
    ],
    "p68_range": [
      5.575823357649469,
      9.430012541805285
    ],
    "p95": [
      4.40436999503667,
      11.869097487448956
    ],
    "p95_range": [
      4.40436999503667,
      11.869097487448956
    ],
    "std": 2.013883741873668
  },
  "NRL2:Grad": {
    "best": 0.2014917196061667,
    "index": 32,
    "integer": false,
    "label": "NRL2:Grad",
    "mean": 0.2297560903560217,
    "median": 0.20330529469722303,
    "p68": [
      0.07629279631684494,
      0.3943816954817337
    ],
    "p68_range": [
      0.07629279631684494,
      0.3943816954817337
    ],
    "p95": [
      0.017643229645477432,
      0.5128414504911013
    ],
    "p95_range": [
      0.017643229645477432,
      0.5128414504911013
    ],
    "std": 0.1418090069786883
  },
  "Permalloy interface": {
    "best": 7.4639079139831095,
    "index": 9,
    "integer": false,
    "label": "Permalloy interface",
    "mean": 7.37617530205444,
    "median": 7.377539933832724,
    "p68": [
      7.135363886779809,
      7.6100776949375
    ],