{
  "Background MM": {
    "best": 3.5234293690810664e-08,
    "index": 1,
    "integer": false,
    "label": "Background MM",
    "mean": 4.87486384643426e-08,
    "median": 4.386945667991389e-08,
    "p68": [
      1.647125645223998e-08,
      8.157452297696121e-08
    ],
    "p68_range": [
      1.647125645223998e-08,
      8.157452297696121e-08
    ],
    "p95": [
      3.0307245389799552e-09,
      1.2272457536920943e-07
    ],
    "p95_range": [
      3.0307245389799552e-09,
      1.2272457536920943e-07
    ],
    "std": 3.2161065856044495e-08
  },
  "Background PP": {
    "best": 4.8188910335198956e-08,
    "index": 3,
    "integer": false,
    "label": "Background PP",
    "mean": 4.971621609946826e-08,
    "median": 4.4853809701880605e-08,
    "p68": [
      1.611007221895806e-08,
      8.263953915421982e-08
    ],
    "p68_range": [
      1.611007221895806e-08,
      8.263953915421982e-08
    ],
    "p95": [
      3.7085941660636084e-09,
      1.2647708654990877e-07
    ],
    "p95_range": [
      3.7085941660636084e-09,
      1.2647708654990877e-07
    ],
    "std": 3.3192866294864744e-08
  },
  "Bulk Nafion interface": {
    "best": 9.468097008796537,
    "index": 26,
    "integer": false,
    "label": "Bulk Nafion interface",
    "mean": 9.643224491853825,
    "median": 9.630939856534974,
    "p68": [
      9.427918318582751,
      9.869058737283137
    ],
    "p68_range": [
      9.427918318582751,
      9.869058737283137
    ],
    "p95": [
      9.233202727017407,
      10.095844253023918
    ],
    "p95_range": [
      9.233202727017407,
      10.095844253023918
    ],
    "std": 0.21854506826106865
  },
  "Bulk Nafion rho": {
    "best": 4.1069489253731115,
    "index": 27,
    "integer": false,
    "label": "Bulk Nafion rho",
    "mean": 4.1301065394362935,
    "median": 4.1283030733668715,
    "p68": [
      4.098167570783844,
      4.158272502662426
    ],
    "p68_range": [
      4.098167570783844,
      4.158272502662426
    ],
    "p95": [
      4.075245728896123,
      4.203886556621462
    ],
    "p95_range": [
      4.075245728896123,
      4.203886556621462
    ],
    "std": 0.03241579396814473
  },
  "Bulk Nafion thickness": {
    "best": 140.96928140535712,
    "index": 28,
    "integer": false,
    "label": "Bulk Nafion thickness",
    "mean": 137.09949227069345,
    "median": 138.02810456093724,
    "p68": [
      129.30805075219817,
      144.89681419774686
    ],
    "p68_range": [
      129.30805075219817,
      144.89681419774686
    ],
    "p95": [
      116.80467650949024,
      152.21019221094838
    ],
    "p95_range": [
      116.80467650949024,
      152.21019221094838
    ],
    "std": 8.685823304362843
  },
  "Grad thickness": {
    "best": 95.76620036168659,
    "index": 25,
    "integer": false,
    "label": "Grad thickness",
    "mean": 99.43888278946183,
    "median": 98.48892192503966,
    "p68": [
      91.53843131971044,
      107.34254171374585
    ],
    "p68_range": [
      91.53843131971044,
      107.34254171374585
    ],
    "p95": [
      84.37937921415835,
      119.83313467384349
    ],
    "p95_range": [
      84.37937921415835,
      119.83313467384349
    ],
    "std": 8.898229246353408
  },
  "Grad:Nafion": {
    "best": 0.5358456062782484,
    "index": 33,
    "integer": false,
    "label": "Grad:Nafion",
    "mean": 0.5151793010212542,
    "median": 0.5248395248104648,
    "p68": [
      0.48372259114578436,
      0.5432335532669734
    ],
    "p68_range": [
      0.48372259114578436,
      0.5432335532669734
    ],
    "p95": [
      0.43465561000411906,
      0.5490153323254171
    ],
    "p95_range": [
      0.43465561000411906,
      0.5490153323254171
    ],
    "std": 0.030984123882652155
  },
  "Gradient rho": {
    "best": 3.672095341444176,
    "index": 24,
    "integer": false,
    "label": "Gradient rho",
    "mean": 3.6785112175240116,
    "median": 3.6775779771976684,
    "p68": [
      3.660637327519797,
      3.6976618373997057
    ],
    "p68_range": [
      3.660637327519797,
      3.6976618373997057
    ],
    "p95": [
      3.643308743264453,
      3.7158392902400657
    ],
    "p95_range": [
      3.643308743264453,
      3.7158392902400657
    ],
    "std": 0.018496560319749826
  },
  "NRL1 rho": {
    "best": 4.014197290160463,
    "index": 18,
    "integer": false,
    "label": "NRL1 rho",
    "mean": 3.9802510514542595,
    "median": 3.972103306327857,
    "p68": [
      3.926544761886648,
      4.03462843670051
    ],
    "p68_range": [
      3.926544761886648,
      4.03462843670051
    ],
    "p95": [
      3.888654129815352,
      4.120487169505129
    ],
    "p95_range": [
      3.888654129815352,
      4.120487169505129
    ],
    "std": 0.057246200046652505
  },
  "NRL1 thickness": {
    "best": 17.17961843219958,
    "index": 19,
    "integer": false,
    "label": "NRL1 thickness",
    "mean": 19.586179221530863,
    "median": 19.63137929281428,
    "p68": [
      18.10362959198335,
      21.121595805016817
    ],
    "p68_range": [
      18.10362959198335,
      21.121595805016817
    ],
    "p95": [
      16.267251984992313,
      22.29902595834219
    ],
    "p95_range": [
      16.267251984992313,
      22.29902595834219
    ],
    "std": 1.5138307358646603
  },
  "NRL1:WRL2": {
    "best": 0.3374209127822731,
    "index": 30,
    "integer": false,
    "label": "NRL1:WRL2",
    "mean": 0.30334970116032206,
    "median": 0.32419421106838825,
    "p68": [
      0.11520928925843436,
      0.4661522774127977
    ],
    "p68_range": [
      0.11520928925843436,
      0.4661522774127977
    ],
    "p95": [
      0.020722338683535017,
      0.5353383780301707
    ],
    "p95_range": [
      0.020722338683535017,
      0.5353383780301707
    ],
    "std": 0.1511799178854969
  },
  "NRL2 rho": {
    "best": 4.204911108310249,
    "index": 22,
    "integer": false,
    "label": "NRL2 rho",
    "mean": 4.1665292362267925,
    "median": 4.1619179836461715,
    "p68": [
      4.00292666472156,
      4.332623923663753
    ],
    "p68_range": [
      4.00292666472156,
      4.332623923663753
    ],
    "p95": [
      3.9112388150744906,
      4.462190893514492
    ],
    "p95_range": [
      3.9112388150744906,
      4.462190893514492
    ],
    "std": 0.15002186095496137
  },
  "NRL2 thickness": {
    "best": 5.557987382707772,
    "index": 23,
    "integer": false,
    "label": "NRL2 thickness",
    "mean": 6.900660904255512,
    "median": 6.562048063266246,
    "p68": [
      4.959808625963089,
      8.805915257521375
    ],
    "p68_range": [
      4.959808625963089,
      8.805915257521375
    ],
    "p95": [
      4.18639237965896,
      11.377791144649374
    ],
    "p95_range": [
      4.18639237965896,
      11.377791144649374
    ],
    "std": 1.9445842855641118
  },
  "NRL2:Grad": {
    "best": 0.349669961788193,
    "index": 32,
    "integer": false,
    "label": "NRL2:Grad",
    "mean": 0.3028771276404166,
    "median": 0.3207968126044667,
    "p68": [
      0.12544492720189987,
      0.4650239739628943
    ],
    "p68_range": [
      0.12544492720189987,
      0.4650239739628943
    ],
    "p95": [
      0.03080053973958372,
      0.5291632316000126
    ],
    "p95_range": [
      0.03080053973958372,
      0.5291632316000126
    ],
    "std": 0.1477202429002729
  },
  "Permalloy interface": {
    "best": 7.195397823871607,
    "index": 9,
    "integer": false,
    "label": "Permalloy interface",
    "mean": 7.412685486715584,
    "median": 7.406083575955313,
    "p68": [
      7.181893079571622,
      7.658015954120914
    ],