{
  "Background MM": {
    "best": 1.711810335639019e-08,
    "index": 1,
    "integer": false,
    "label": "Background MM",
    "mean": 5.2411144759712623e-08,
    "median": 4.647929616909226e-08,
    "p68": [
      1.5751008927181053e-08,
      8.947942260639204e-08
    ],
    "p68_range": [
      1.5751008927181053e-08,
      8.947942260639204e-08
    ],
    "p95": [
      4.1589177172733895e-09,
      1.3538557320277202e-07
    ],
    "p95_range": [
      4.1589177172733895e-09,
      1.3538557320277202e-07
    ],
    "std": 3.567449129616221e-08
  },
  "Background PP": {
    "best": 2.7389604600486173e-08,
    "index": 3,
    "integer": false,
    "label": "Background PP",
    "mean": 5.431751236708875e-08,
    "median": 4.922442243227954e-08,
    "p68": [
      1.961524671190269e-08,
      8.870510662864868e-08
    ],
    "p68_range": [
      1.961524671190269e-08,
      8.870510662864868e-08
    ],
    "p95": [
      4.7679700508407295e-09,
      1.280033827674926e-07
    ],
    "p95_range": [
      4.7679700508407295e-09,
      1.280033827674926e-07
    ],
    "std": 3.374726730148736e-08
  },
  "Bulk Nafion interface": {
    "best": 9.777689155427879,
    "index": 26,
    "integer": false,
    "label": "Bulk Nafion interface",
    "mean": 9.638640449325186,
    "median": 9.633889000990672,
    "p68": [
      9.405844261155737,
      9.867526703416198
    ],
    "p68_range": [
      9.405844261155737,
      9.867526703416198
    ],
    "p95": [
      9.189746453524176,
      10.082519829623545
    ],
    "p95_range": [
      9.189746453524176,
      10.082519829623545
    ],
    "std": 0.23056774782869183
  },
  "Bulk Nafion rho": {
    "best": 4.111718615935484,
    "index": 27,
    "integer": false,
    "label": "Bulk Nafion rho",
    "mean": 4.133286933090789,
    "median": 4.128938870019864,
    "p68": [
      4.1013742221603176,
      4.167351720783387
    ],
    "p68_range": [
      4.1013742221603176,
      4.167351720783387
    ],
    "p95": [
      4.073343362988814,
      4.211086464199173
    ],
    "p95_range": [
      4.073343362988814,
      4.211086464199173
    ],
    "std": 0.03463800509338459
  },
  "Bulk Nafion thickness": {
    "best": 142.10278647075202,
    "index": 28,
    "integer": false,
    "label": "Bulk Nafion thickness",
    "mean": 136.49455268663166,
    "median": 137.2568006912873,
    "p68": [
      127.79973284701383,
      145.05858350008063
    ],
    "p68_range": [
      127.79973284701383,
      145.05858350008063
    ],
    "p95": [
      116.42912788159246,
      152.09438884630825
    ],
    "p95_range": [
      116.42912788159246,
      152.09438884630825
    ],
    "std": 8.93771670830991
  },
  "Grad thickness": {
    "best": 94.80346669806751,
    "index": 25,
    "integer": false,
    "label": "Grad thickness",
    "mean": 99.80897967096726,
    "median": 99.15428706896631,
    "p68": [
      91.06641770813327,
      108.35803759227267
    ],
    "p68_range": [
      91.06641770813327,
      108.35803759227267
    ],
    "p95": [
      84.18508574075071,
      119.67498553573462
    ],
    "p95_range": [
      84.18508574075071,
      119.67498553573462
    ],
    "std": 8.971132568875419
  },
  "Grad:Nafion": {
    "best": 0.5217006241523523,
    "index": 33,
    "integer": false,
    "label": "Grad:Nafion",
    "mean": 0.5173696485742777,
    "median": 0.526134222089298,
    "p68": [
      0.48882576724300203,
      0.5434912730112097
    ],
    "p68_range": [
      0.48882576724300203,
      0.5434912730112097
    ],
    "p95": [
      0.4383840266252951,
      0.5491741492615697
    ],
    "p95_range": [
      0.4383840266252951,
      0.5491741492615697
    ],
    "std": 0.030604600462460878
  },
  "Gradient rho": {
    "best": 3.675890637490712,
    "index": 24,
    "integer": false,
    "label": "Gradient rho",
    "mean": 3.6776185015294427,
    "median": 3.677810937125079,
    "p68": [
      3.65873875938691,
      3.6959663207041173
    ],
    "p68_range": [
      3.65873875938691,
      3.6959663207041173
    ],
    "p95": [
      3.6420200404837884,
      3.7121002922009807
    ],
    "p95_range": [
      3.6420200404837884,
      3.7121002922009807
    ],
    "std": 0.01811681375724316
  },
  "NRL1 rho": {
    "best": 4.096629479437,
    "index": 18,
    "integer": false,
    "label": "NRL1 rho",
    "mean": 4.051486947719442,
    "median": 4.031083987145923,
    "p68": [
      3.9623496833630254,
      4.147352254523281
    ],
    "p68_range": [
      3.9623496833630254,
      4.147352254523281
    ],
    "p95": [
      3.915892562855586,
      4.296052131323632
    ],
    "p95_range": [
      3.915892562855586,
      4.296052131323632
    ],
    "std": 0.09733505886865958
  },
  "NRL1 thickness": {
    "best": 18.958653565452906,
    "index": 19,
    "integer": false,
    "label": "NRL1 thickness",
    "mean": 18.840408748359135,
    "median": 18.776612898201968,
    "p68": [
      16.716655532702873,
      21.091843444968585
    ],
    "p68_range": [
      16.716655532702873,
      21.091843444968585
    ],
    "p95": [
      14.612649562256426,
      22.898098749667025
    ],
    "p95_range": [
      14.612649562256426,
      22.898098749667025
    ],
    "std": 2.1417763628738697
  },
  "NRL1:WRL2": {
    "best": 0.41894052034589035,
    "index": 30,
    "integer": false,
    "label": "NRL1:WRL2",
    "mean": 0.34459084805476814,
    "median": 0.3736839292674814,
    "p68": [
      0.16188413373551072,
      0.5039828119960952
    ],
    "p68_range": [
      0.16188413373551072,
      0.5039828119960952
    ],
    "p95": [
      0.04433868055237087,
      0.5432864490680698
    ],
    "p95_range": [
      0.04433868055237087,
      0.5432864490680698
    ],
    "std": 0.1488275077461074
  },
  "NRL2 rho": {
    "best": 4.228406965950098,
    "index": 22,
    "integer": false,
    "label": "NRL2 rho",
    "mean": 4.221394057404824,
    "median": 4.230589917590828,
    "p68": [
      4.0564041503814305,
      4.384660670947696
    ],
    "p68_range": [
      4.0564041503814305,
      4.384660670947696
    ],
    "p95": [
      3.9202787610893974,
      4.468843590045097
    ],
    "p95_range": [
      3.9202787610893974,
      4.468843590045097
    ],
    "std": 0.1501319181464473
  },
  "NRL2 thickness": {
    "best": 5.300155843587514,
    "index": 23,
    "integer": false,
    "label": "NRL2 thickness",
    "mean": 6.449701771456015,
    "median": 5.896494512133574,
    "p68": [
      4.615675498705931,
      8.47570660389016
    ],
    "p68_range": [
      4.615675498705931,
      8.47570660389016
    ],
    "p95": [
      4.0809662070685135,
      11.369950007462691
    ],
    "p95_range": [
      4.0809662070685135,
      11.369950007462691
    ],
    "std": 2.014083452125919
  },
  "NRL2:Grad": {
    "best": 0.363225941001331,
    "index": 32,
    "integer": false,
    "label": "NRL2:Grad",
    "mean": 0.22968922620061133,
    "median": 0.21213624388433158,
    "p68": [
      0.06982734482474418,
      0.4110732880035382
    ],
    "p68_range": [
      0.06982734482474418,
      0.4110732880035382
    ],
    "p95": [
      0.013021510770489957,
      0.5130983168676821
    ],
    "p95_range": [
      0.013021510770489957,
      0.5130983168676821
    ],
    "std": 0.14487229563844112
  },
  "Permalloy interface": {
    "best": 7.547684356643295,
    "index": 9,
    "integer": false,
    "label": "Permalloy interface",
    "mean": 7.401259220304074,
    "median": 7.406388947279657,
    "p68": [
      7.188129663014077,
      7.624347177463681
    ],