{
  "Background MM": {
    "best": 8.365477109435699e-08,
    "index": 1,
    "integer": false,
    "label": "Background MM",
    "mean": 1.122748737550169e-07,
    "median": 1.102863215398384e-07,
    "p68": [
      6.088616973709013e-08,
      1.6388332150775844e-07
    ],
    "p68_range": [
      6.088616973709013e-08,
      1.6388332150775844e-07
    ],
    "p95": [
      2.2398247938762786e-08,
      2.023466533890088e-07
    ],
    "p95_range": [
      2.2398247938762786e-08,
      2.023466533890088e-07
    ],
    "std": 4.852892357279014e-08
  },
  "Background PP": {
    "best": 8.747819229617311e-08,
    "index": 3,
    "integer": false,
    "label": "Background PP",
    "mean": 1.1559703661535571e-07,
    "median": 1.1440184889675933e-07,
    "p68": [
      6.613959076914504e-08,
      1.6538295580876168e-07
    ],
    "p68_range": [
      6.613959076914504e-08,
      1.6538295580876168e-07
    ],
    "p95": [
      2.476720164505202e-08,
      2.0876762200883594e-07
    ],
    "p95_range": [
      2.476720164505202e-08,
      2.0876762200883594e-07
    ],
    "std": 4.713679875910634e-08
  },
  "Bulk Nafion interface": {
    "best": 9.75742858945028,
    "index": 26,
    "integer": false,
    "label": "Bulk Nafion interface",
    "mean": 9.571464283117706,
    "median": 9.558692013023482,
    "p68": [
      9.324916192513651,
      9.847436058481474
    ],
    "p68_range": [
      9.324916192513651,
      9.847436058481474
    ],
    "p95": [
      9.015283945957774,
      10.090687267220122
    ],
    "p95_range": [
      9.015283945957774,
      10.090687267220122
    ],
    "std": 0.2667081128915976
  },
  "Bulk Nafion rho": {
    "best": 4.155661850056531,
    "index": 27,
    "integer": false,
    "label": "Bulk Nafion rho",
    "mean": 4.1189740487157325,
    "median": 4.117104305001549,
    "p68": [
      4.088263124450393,
      4.151600749363933
    ],
    "p68_range": [
      4.088263124450393,
      4.151600749363933
    ],
    "p95": [
      4.058513466561911,
      4.191747765464126
    ],
    "p95_range": [
      4.058513466561911,
      4.191747765464126
    ],
    "std": 0.0329874304213948
  },
  "Bulk Nafion thickness": {
    "best": 132.56434801570566,
    "index": 28,
    "integer": false,
    "label": "Bulk Nafion thickness",
    "mean": 135.38554691218042,
    "median": 134.81937819894043,
    "p68": [
      119.83962486621832,
      150.53746926317214
    ],
    "p68_range": [
      119.83962486621832,
      150.53746926317214
    ],
    "p95": [
      106.54395030481506,
      165.0355339103875
    ],
    "p95_range": [
      106.54395030481506,
      165.0355339103875
    ],
    "std": 15.403410808601791
  },
  "Grad thickness": {
    "best": 103.06340108375073,
    "index": 25,
    "integer": false,
    "label": "Grad thickness",
    "mean": 93.75244698085635,
    "median": 93.66468675132752,
    "p68": [
      83.66314520159192,
      104.68274899233819
    ],
    "p68_range": [
      83.66314520159192,
      104.68274899233819
    ],
    "p95": [
      69.60752553326684,
      116.42164930570763
    ],
    "p95_range": [
      69.60752553326684,
      116.42164930570763
    ],
    "std": 11.768625497632112
  },
  "Grad:Nafion": {
    "best": 0.5263256563426822,
    "index": 33,
    "integer": false,
    "label": "Grad:Nafion",
    "mean": 0.4735374647137264,
    "median": 0.4924688606296065,
    "p68": [
      0.41478566993912774,
      0.5341722309872262
    ],
    "p68_range": [
      0.41478566993912774,
      0.5341722309872262
    ],
    "p95": [
      0.2907121504137535,
      0.5467472124241891
    ],
    "p95_range": [
      0.2907121504137535,
      0.5467472124241891
    ],
    "std": 0.07094056590734102
  },
  "Gradient rho": {
    "best": 3.675720885489048,
    "index": 24,
    "integer": false,
    "label": "Gradient rho",
    "mean": 3.739942615556207,
    "median": 3.7035474192947597,
    "p68": [
      3.6668503777319748,
      3.836869723228001
    ],
    "p68_range": [
      3.6668503777319748,
      3.836869723228001
    ],
    "p95": [
      3.636024324701237,
      3.864788000743261
    ],
    "p95_range": [
      3.636024324701237,
      3.864788000743261
    ],
    "std": 0.07716846011209849
  },
  "NRL1 rho": {
    "best": 3.991514820167621,
    "index": 18,
    "integer": false,
    "label": "NRL1 rho",
    "mean": 3.7874057547486437,
    "median": 3.9657460382853436,
    "p68": [
      3.2147558210410394,
      4.117375920797544
    ],
    "p68_range": [
      3.2147558210410394,
      4.117375920797544
    ],
    "p95": [
      2.547618347326756,
      4.290110518960469
    ],
    "p95_range": [
      2.547618347326756,
      4.290110518960469
    ],
    "std": 0.47134478205080177
  },
  "NRL1 thickness": {
    "best": 17.994630620133908,
    "index": 19,
    "integer": false,
    "label": "NRL1 thickness",
    "mean": 15.128365692291135,
    "median": 16.792271901680568,
    "p68": [
      7.717266645670567,
      19.693516900928383
    ],
    "p68_range": [
      7.717266645670567,
      19.693516900928383
    ],
    "p95": [
      5.648572221593484,
      21.482456027621854
    ],
    "p95_range": [
      5.648572221593484,
      21.482456027621854
    ],
    "std": 4.981226072934333
  },
  "NRL1:WRL2": {
    "best": 0.2956262687609522,
    "index": 30,
    "integer": false,
    "label": "NRL1:WRL2",
    "mean": 0.27596186600517875,
    "median": 0.2759321547326586,
    "p68": [
      0.11469136569806723,
      0.4423856738039151
    ],
    "p68_range": [
      0.11469136569806723,
      0.4423856738039151
    ],
    "p95": [
      0.024513458386114233,
      0.5340861990087051
    ],
    "p95_range": [
      0.024513458386114233,
      0.5340861990087051
    ],
    "std": 0.143305859321673
  },
  "NRL2 rho": {
    "best": 3.9449577808974494,
    "index": 22,
    "integer": false,
    "label": "NRL2 rho",
    "mean": 3.581761542228772,
    "median": 3.673011283702138,
    "p68": [
      3.0965213959636073,
      3.9022607202299096
    ],
    "p68_range": [
      3.0965213959636073,
      3.9022607202299096
    ],
    "p95": [
      2.906971909718022,
      4.0029270728065525
    ],
    "p95_range": [
      2.906971909718022,
      4.0029270728065525
    ],
    "std": 0.33453350004104615
  },
  "NRL2 thickness": {
    "best": 8.63771742905043,
    "index": 23,
    "integer": false,
    "label": "NRL2 thickness",
    "mean": 19.874953282916948,
    "median": 12.112212504372863,
    "p68": [
      8.257165265035171,
      36.090977633245025
    ],
    "p68_range": [
      8.257165265035171,
      36.090977633245025
    ],
    "p95": [
      5.635388766824303,
      38.752671816336196
    ],
    "p95_range": [
      5.635388766824303,
      38.752671816336196
    ],
    "std": 12.730236691448914
  },
  "NRL2:Grad": {
    "best": 0.40828100488176994,
    "index": 32,
    "integer": false,
    "label": "NRL2:Grad",
    "mean": 0.16541693121230985,
    "median": 0.13697476963358377,
    "p68": [
      0.052172215257315774,
      0.28726694793454016
    ],
    "p68_range": [
      0.052172215257315774,
      0.28726694793454016
    ],
    "p95": [
      0.00974481937650215,
      0.4563496973754688
    ],
    "p95_range": [
      0.00974481937650215,
      0.4563496973754688
    ],
    "std": 0.11768852858832676
  },
  "Permalloy interface": {
    "best": 7.249905405433727,
    "index": 9,
    "integer": false,
    "label": "Permalloy interface",
    "mean": 7.4059647911679445,
    "median": 7.402120625793209,
    "p68": [
      7.124253785740105,
      7.673785553816187
    ],