{
  "Background MM": {
    "best": 4.363128321625517e-08,
    "index": 1,
    "integer": false,
    "label": "Background MM",
    "mean": 9.143475205460384e-08,
    "median": 8.76887718378287e-08,
    "p68": [
      4.0390061058083805e-08,
      1.4111699602632403e-07
    ],
    "p68_range": [
      4.0390061058083805e-08,
      1.4111699602632403e-07
    ],
    "p95": [
      1.2889759002357606e-08,
      1.983410827330737e-07
    ],
    "p95_range": [
      1.2889759002357606e-08,
      1.983410827330737e-07
    ],
    "std": 4.829001184764185e-08
  },
  "Background PP": {
    "best": 3.706157430661912e-08,
    "index": 3,
    "integer": false,
    "label": "Background PP",
    "mean": 8.523994660917903e-08,
    "median": 8.104087364346017e-08,
    "p68": [
      3.5315342043144866e-08,
      1.3355107995673975e-07
    ],
    "p68_range": [
      3.5315342043144866e-08,
      1.3355107995673975e-07
    ],
    "p95": [
      1.0066595590956969e-08,
      1.786904600979393e-07
    ],
    "p95_range": [
      1.0066595590956969e-08,
      1.786904600979393e-07
    ],
    "std": 4.5972634375863115e-08
  },
  "Bulk Nafion interface": {
    "best": 9.66315878940811,
    "index": 26,
    "integer": false,
    "label": "Bulk Nafion interface",
    "mean": 9.740885268821682,
    "median": 9.729417419374728,
    "p68": [
      9.464525930749756,
      10.031140201573425
    ],
    "p68_range": [
      9.464525930749756,
      10.031140201573425
    ],
    "p95": [
      9.219161223092632,
      10.303489679706226
    ],
    "p95_range": [
      9.219161223092632,
      10.303489679706226
    ],
    "std": 0.27794828942266175
  },
  "Bulk Nafion rho": {
    "best": 4.147475793548037,
    "index": 27,
    "integer": false,
    "label": "Bulk Nafion rho",
    "mean": 4.162541040001059,
    "median": 4.15972008621364,
    "p68": [
      4.106569026434128,
      4.219455260389935
    ],
    "p68_range": [
      4.106569026434128,
      4.219455260389935
    ],
    "p95": [
      4.072498995565578,
      4.2773742946515165
    ],
    "p95_range": [
      4.072498995565578,
      4.2773742946515165
    ],
    "std": 0.05365802451689557
  },
  "Bulk Nafion thickness": {
    "best": 139.1564156004774,
    "index": 28,
    "integer": false,
    "label": "Bulk Nafion thickness",
    "mean": 111.20497948658297,
    "median": 112.21523695725352,
    "p68": [
      87.01667716430279,
      132.82066704957188
    ],
    "p68_range": [
      87.01667716430279,
      132.82066704957188
    ],
    "p95": [
      76.6140417771761,
      149.30709453636612
    ],
    "p95_range": [
      76.6140417771761,
      149.30709453636612
    ],
    "std": 20.603664728398314
  },
  "Grad thickness": {
    "best": 94.42954374910929,
    "index": 25,
    "integer": false,
    "label": "Grad thickness",
    "mean": 105.67955868382774,
    "median": 104.16444540828643,
    "p68": [
      89.14482340226483,
      124.43203963564095
    ],
    "p68_range": [
      89.14482340226483,
      124.43203963564095
    ],
    "p95": [
      77.38416396131697,
      135.02603879965645
    ],
    "p95_range": [
      77.38416396131697,
      135.02603879965645
    ],
    "std": 16.254927199583975
  },
  "Grad:Nafion": {
    "best": 0.5390323145976534,
    "index": 33,
    "integer": false,
    "label": "Grad:Nafion",
    "mean": 0.48031412073726065,
    "median": 0.4969323101158578,
    "p68": [
      0.42942948148723686,
      0.5350779676428146
    ],
    "p68_range": [
      0.42942948148723686,
      0.5350779676428146
    ],
    "p95": [
      0.31688417370703625,
      0.5468972323921731
    ],
    "p95_range": [
      0.31688417370703625,
      0.5468972323921731
    ],
    "std": 0.06684600736844883
  },
  "Gradient rho": {
    "best": 3.664762910888846,
    "index": 24,
    "integer": false,
    "label": "Gradient rho",
    "mean": 3.8011044424495726,
    "median": 3.826987412789749,
    "p68": [
      3.7011464985853992,
      3.851199555796312
    ],
    "p68_range": [
      3.7011464985853992,
      3.851199555796312
    ],
    "p95": [
      3.657872128462853,
      3.879149893345068
    ],
    "p95_range": [
      3.657872128462853,
      3.879149893345068
    ],
    "std": 0.06600089755376537
  },
  "NRL1 rho": {
    "best": 3.9525403599240865,
    "index": 18,
    "integer": false,
    "label": "NRL1 rho",
    "mean": 3.9648520713152045,
    "median": 3.9589662525845393,
    "p68": [
      3.871251095574294,
      4.089711147320948
    ],
    "p68_range": [
      3.871251095574294,
      4.089711147320948
    ],
    "p95": [
      3.3959168990371693,
      4.327975914902769
    ],
    "p95_range": [
      3.3959168990371693,
      4.327975914902769
    ],
    "std": 0.18492467100039678
  },
  "NRL1 thickness": {
    "best": 21.555140453738506,
    "index": 19,
    "integer": false,
    "label": "NRL1 thickness",
    "mean": 18.347025297586047,
    "median": 18.95400809131366,
    "p68": [
      15.713629496717544,
      21.112983348582354
    ],
    "p68_range": [
      15.713629496717544,
      21.112983348582354
    ],
    "p95": [
      8.49835750379559,
      22.79467270089352
    ],
    "p95_range": [
      8.49835750379559,
      22.79467270089352
    ],
    "std": 3.195195133867011
  },
  "NRL1:WRL2": {
    "best": 0.4157600593222877,
    "index": 30,
    "integer": false,
    "label": "NRL1:WRL2",
    "mean": 0.28382741602266043,
    "median": 0.2922090017701824,
    "p68": [
      0.11190187053793409,
      0.4560262355023
    ],
    "p68_range": [
      0.11190187053793409,
      0.4560262355023
    ],
    "p95": [
      0.025852604017688054,
      0.535054415853222
    ],
    "p95_range": [
      0.025852604017688054,
      0.535054415853222
    ],
    "std": 0.14896279219542985
  },
  "NRL2 rho": {
    "best": 3.9276126119068735,
    "index": 22,
    "integer": false,
    "label": "NRL2 rho",
    "mean": 3.692734653857653,
    "median": 3.682115994145199,
    "p68": [
      3.656085791174442,
      3.8192379459096184
    ],
    "p68_range": [
      3.656085791174442,
      3.8192379459096184
    ],
    "p95": [
      3.188403370198369,
      3.958685272105887
    ],
    "p95_range": [
      3.188403370198369,
      3.958685272105887
    ],
    "std": 0.14637381272294842
  },
  "NRL2 thickness": {
    "best": 12.604928797200223,
    "index": 23,
    "integer": false,
    "label": "NRL2 thickness",
    "mean": 30.182598973357482,
    "median": 35.26876940514385,
    "p68": [
      11.959010842669008,
      37.583842262328325
    ],
    "p68_range": [
      11.959010842669008,
      37.583842262328325
    ],
    "p95": [
      8.165958476932609,
      39.474399848506344
    ],
    "p95_range": [
      8.165958476932609,
      39.474399848506344
    ],
    "std": 10.752975987911107
  },
  "NRL2:Grad": {
    "best": 0.08400162142837296,
    "index": 32,
    "integer": false,
    "label": "NRL2:Grad",
    "mean": 0.10681894299572578,
    "median": 0.08586776520144895,
    "p68": [
      0.031192522462145014,
      0.18062992190009938
    ],
    "p68_range": [
      0.031192522462145014,
      0.18062992190009938
    ],
    "p95": [
      0.0065122136873456355,
      0.32418063623601556
    ],
    "p95_range": [
      0.0065122136873456355,
      0.32418063623601556
    ],
    "std": 0.08492678395298477
  },
  "Permalloy interface": {
    "best": 7.724097391482674,
    "index": 9,
    "integer": false,
    "label": "Permalloy interface",
    "mean": 7.443698934989119,
    "median": 7.452352989787311,
    "p68": [
      7.179017814174532,
      7.704423088053737
    ],