{
  "Background MM": {
    "best": 5.255454538922004e-09,
    "index": 1,
    "integer": false,
    "label": "Background MM",
    "mean": 1.0044444243270772e-08,
    "median": 6.751028202557881e-09,
    "p68": [
      2.068396874983547e-09,
      1.9199615122202495e-08
    ],
    "p68_range": [
      2.068396874983547e-09,
      1.9199615122202495e-08
    ],
    "p95": [
      3.4970307159213984e-10,
      3.4563437716766394e-08
    ],
    "p95_range": [
      3.4970307159213984e-10,
      3.4563437716766394e-08
    ],
    "std": 9.486504366649734e-09
  },
  "Background PP": {
    "best": 1.8614673511122792e-07,
    "index": 3,
    "integer": false,
    "label": "Background PP",
    "mean": 1.8991235491475276e-07,
    "median": 1.9227012394428444e-07,
    "p68": [
      1.4438068335174996e-07,
      2.322028429488278e-07
    ],
    "p68_range": [
      1.4438068335174996e-07,
      2.322028429488278e-07
    ],
    "p95": [
      1.058999856760877e-07,
      2.727192609578147e-07
    ],
    "p95_range": [
      1.058999856760877e-07,
      2.727192609578147e-07
    ],
    "std": 4.248402648232869e-08
  },
  "Bulk Nafion interface": {
    "best": 7.705450684466932,
    "index": 21,
    "integer": false,
    "label": "Bulk Nafion interface",
    "mean": 7.567269479041614,
    "median": 7.5640448737014285,
    "p68": [
      7.4147923348278315,
      7.7249063714151065
    ],
    "p68_range": [
      7.4147923348278315,
      7.7249063714151065
    ],
    "p95": [
      7.265829623273133,
      7.888407057119424
    ],
    "p95_range": [
      7.265829623273133,
      7.888407057119424
    ],
    "std": 0.1581317866966516
  },
  "Bulk Nafion rho": {
    "best": 4.470939167269083,
    "index": 22,
    "integer": false,
    "label": "Bulk Nafion rho",
    "mean": 4.470266729863778,
    "median": 4.469917299976947,
    "p68": [
      4.459192620789117,
      4.4815680294897975
    ],
    "p68_range": [
      4.459192620789117,
      4.4815680294897975
    ],
    "p95": [
      4.449273305196805,
      4.49346747244516
    ],
    "p95_range": [
      4.449273305196805,
      4.49346747244516
    ],
    "std": 0.011053180019128857
  },
  "Bulk Nafion thickness": {
    "best": 216.58796096001083,
    "index": 23,
    "integer": false,
    "label": "Bulk Nafion thickness",
    "mean": 219.55624483863824,
    "median": 219.2135923234987,
    "p68": [
      217.0062926595261,
      222.2256380619562
    ],
    "p68_range": [
      217.0062926595261,
      222.2256380619562
    ],
    "p95": [
      215.28074549571218,
      225.3631136801043
    ],
    "p95_range": [
      215.28074549571218,
      225.3631136801043
    ],
    "std": 2.603207650387674
  },
  "Grad thickness": {
    "best": 10.183665336659812,
    "index": 20,
    "integer": false,
    "label": "Grad thickness",
    "mean": 10.466674751316818,
    "median": 10.34337235196426,
    "p68": [
      10.10758760771013,
      10.841885479981308
    ],
    "p68_range": [
      10.10758760771013,
      10.841885479981308
    ],
    "p95": [
      10.019332073649005,
      11.507772989720475
    ],
    "p95_range": [
      10.019332073649005,
      11.507772989720475
    ],
    "std": 0.4119669348900252
  },
  "Grad:Nafion": {
    "best": 0.5438376738262996,
    "index": 32,
    "integer": false,
    "label": "Grad:Nafion",
    "mean": 0.5313905774166252,
    "median": 0.5379554347754888,
    "p68": [
      0.5172401703426475,
      0.5463913304379459
    ],
    "p68_range": [
      0.5172401703426475,
      0.5463913304379459
    ],
    "p95": [
      0.47561911323106254,
      0.5494974201695116
    ],
    "p95_range": [
      0.47561911323106254,
      0.5494974201695116
    ],
    "std": 0.019937622170937027
  },
  "NRL1 thickness": {
    "best": 5.491955604199781,
    "index": 16,
    "integer": false,
    "label": "NRL1 thickness",
    "mean": 5.76355524435885,
    "median": 5.6284275161399,
    "p68": [
      4.5370988843520115,
      6.967436415232817
    ],
    "p68_range": [
      4.5370988843520115,
      6.967436415232817
    ],
    "p95": [
      4.060156558394779,
      8.351552709954177
    ],
    "p95_range": [
      4.060156558394779,
      8.351552709954177
    ],
    "std": 1.1800096132745783
  },
  "NRL1:WRL1": {
    "best": 0.5385379516256317,
    "index": 24,
    "integer": false,
    "label": "NRL1:WRL1",
    "mean": 0.5238560803206197,
    "median": 0.5322296298790969,
    "p68": [
      0.5023017455145576,
      0.545180022799534
    ],
    "p68_range": [
      0.5023017455145576,
      0.545180022799534
    ],
    "p95": [
      0.4539761759847214,
      0.5491102796652242
    ],
    "p95_range": [
      0.4539761759847214,
      0.5491102796652242
    ],
    "std": 0.027887183775381824
  },
  "NRL2 thickness": {
    "best": 29.94671062722936,
    "index": 18,
    "integer": false,
    "label": "NRL2 thickness",
    "mean": 29.771780896301156,
    "median": 29.832534975463957,
    "p68": [
      29.61738624504651,
      29.953801601520265
    ],
    "p68_range": [
      29.61738624504651,
      29.953801601520265
    ],
    "p95": [
      29.1389725988874,
      29.992675955126956
    ],
    "p95_range": [
      29.1389725988874,
      29.992675955126956
    ],
    "std": 0.23496972469526334
  },
  "NRL2:WRL2": {
    "best": 0.5456811685913805,
    "index": 28,
    "integer": false,
    "label": "NRL2:WRL2",
    "mean": 0.5397216414785918,
    "median": 0.5429833512026446,
    "p68": [
      0.5308963252492425,
      0.5482609962086732
    ],
    "p68_range": [
      0.5308963252492425,
      0.5482609962086732
    ],
    "p95": [
      0.5099033864262392,
      0.5497034392911158
    ],
    "p95_range": [
      0.5099033864262392,
      0.5497034392911158
    ],
    "std": 0.01064335202866358
  },
  "Nafion Fraction-Gradient": {
    "best": 1.0286184859548746,
    "index": 33,
    "integer": false,
    "label": "Nafion Fraction-Gradient",
    "mean": 1.0240879463019328,
    "median": 1.0243050323128475,
    "p68": [
      1.0147554536237404,
      1.0326759891869572
    ],
    "p68_range": [
      1.0147554536237404,
      1.0326759891869572
    ],
    "p95": [
      1.0080957729012006,
      1.0412710278591624
    ],
    "p95_range": [
      1.0080957729012006,
      1.0412710278591624
    ],
    "std": 0.008605151861338723
  },
  "Nafion Fraction-NRL1": {
    "best": 0.9242547147010587,
    "index": 25,
    "integer": false,
    "label": "Nafion Fraction-NRL1",
    "mean": 0.9154494752733194,
    "median": 0.9189269213199492,
    "p68": [
      0.8918123944164439,
      0.9385958049942491
    ],
    "p68_range": [
      0.8918123944164439,
      0.9385958049942491
    ],
    "p95": [
      0.8633042628435381,
      0.9521103782206918
    ],
    "p95_range": [
      0.8633042628435381,
      0.9521103782206918
    ],
    "std": 0.02371163873985973
  },
  "Nafion Fraction-NRL2": {
    "best": 1.0109989700398312,
    "index": 29,
    "integer": false,
    "label": "Nafion Fraction-NRL2",
    "mean": 1.007371340076686,
    "median": 1.0074554310914094,
    "p68": [
      1.004459585616173,
      1.0103707714221912
    ],
    "p68_range": [
      1.004459585616173,
      1.0103707714221912
    ],
    "p95": [
      1.0003721804277443,
      1.0132156918944533
    ],
    "p95_range": [
      1.0003721804277443,
      1.0132156918944533
    ],
    "std": 0.0031888705819060983
  },
  "Nafion Fraction-WRL1": {
    "best": 0.9814508385898005,
    "index": 27,
    "integer": false,
    "label": "Nafion Fraction-WRL1",
    "mean": 0.9807325405331386,
    "median": 0.9806350166480552,