{
  "Background MM": {
    "best": 9.190643121121555e-09,
    "index": 1,
    "integer": false,
    "label": "Background MM",
    "mean": 9.405743206619626e-09,
    "median": 7.551060696832456e-09,
    "p68": [
      2.33573117103937e-09,
      1.5930953777816492e-08
    ],
    "p68_range": [
      2.33573117103937e-09,
      1.5930953777816492e-08
    ],
    "p95": [
      3.210239542706212e-10,
      2.8779541055183792e-08
    ],
    "p95_range": [
      3.210239542706212e-10,
      2.8779541055183792e-08
    ],
    "std": 8.091169392706984e-09
  },
  "Background PP": {
    "best": 1.926944789842821e-07,
    "index": 3,
    "integer": false,
    "label": "Background PP",
    "mean": 1.9458281532280524e-07,
    "median": 1.9617303608920974e-07,
    "p68": [
      1.5737320208357055e-07,
      2.3092270298825114e-07
    ],
    "p68_range": [
      1.5737320208357055e-07,
      2.3092270298825114e-07
    ],
    "p95": [
      1.2471370115731857e-07,
      2.620976219602745e-07
    ],
    "p95_range": [
      1.2471370115731857e-07,
      2.620976219602745e-07
    ],
    "std": 3.6207591168282e-08
  },
  "Bulk Nafion interface": {
    "best": 7.602387094792944,
    "index": 20,
    "integer": false,
    "label": "Bulk Nafion interface",
    "mean": 7.541761817041838,
    "median": 7.549827872097662,
    "p68": [
      7.406302793033796,
      7.673549561988287
    ],
    "p68_range": [
      7.406302793033796,
      7.673549561988287
    ],
    "p95": [
      7.2794314415113295,
      7.798311010743457
    ],
    "p95_range": [
      7.2794314415113295,
      7.798311010743457
    ],
    "std": 0.13243932269470343
  },
  "Bulk Nafion rho": {
    "best": 4.475128268658723,
    "index": 21,
    "integer": false,
    "label": "Bulk Nafion rho",
    "mean": 4.4681153595495875,
    "median": 4.468179906719056,
    "p68": [
      4.459287837756823,
      4.4765057436575235
    ],
    "p68_range": [
      4.459287837756823,
      4.4765057436575235
    ],
    "p95": [
      4.450771071277352,
      4.486265565285046
    ],
    "p95_range": [
      4.450771071277352,
      4.486265565285046
    ],
    "std": 0.008887432404535513
  },
  "Bulk Nafion thickness": {
    "best": 213.59193386744013,
    "index": 22,
    "integer": false,
    "label": "Bulk Nafion thickness",
    "mean": 217.2771845926306,
    "median": 217.28519512910492,
    "p68": [
      214.39123707063445,
      220.07384176264395
    ],
    "p68_range": [
      214.39123707063445,
      220.07384176264395
    ],
    "p95": [
      211.37658936191568,
      223.6499387512133
    ],
    "p95_range": [
      211.37658936191568,
      223.6499387512133
    ],
    "std": 3.0055525901459426
  },
  "NRL1 thickness": {
    "best": 9.883457835029427,
    "index": 16,
    "integer": false,
    "label": "NRL1 thickness",
    "mean": 9.336379368520458,
    "median": 9.282116101420256,
    "p68": [
      7.323428882875161,
      11.337786839570057
    ],
    "p68_range": [
      7.323428882875161,
      11.337786839570057
    ],
    "p95": [
      5.835154870366666,
      13.341741836169554
    ],
    "p95_range": [
      5.835154870366666,
      13.341741836169554
    ],
    "std": 1.9707872161599775
  },
  "NRL2 thickness": {
    "best": 34.35278295157883,
    "index": 18,
    "integer": false,
    "label": "NRL2 thickness",
    "mean": 30.676578803289505,
    "median": 30.983261352334004,
    "p68": [
      27.545507359120744,
      33.885814007266156
    ],
    "p68_range": [
      27.545507359120744,
      33.885814007266156
    ],
    "p95": [
      24.613149078408608,
      34.85659650774678
    ],
    "p95_range": [
      24.613149078408608,
      34.85659650774678
    ],
    "std": 2.9299114910924304
  },
  "Nafion Fraction-NRL1": {
    "best": 0.9508956041754902,
    "index": 23,
    "integer": false,
    "label": "Nafion Fraction-NRL1",
    "mean": 0.947383501866695,
    "median": 0.9494747209762441,
    "p68": [
      0.9350778200711399,
      0.9597881181269449
    ],
    "p68_range": [
      0.9350778200711399,
      0.9597881181269449
    ],
    "p95": [
      0.9172704111718433,
      0.9662423071664601
    ],
    "p95_range": [
      0.9172704111718433,
      0.9662423071664601
    ],
    "std": 0.012693763516482603
  },
  "Nafion Fraction-NRL2": {
    "best": 1.0130782886131058,
    "index": 25,
    "integer": false,
    "label": "Nafion Fraction-NRL2",
    "mean": 1.012547379437803,
    "median": 1.012612249837231,
    "p68": [
      1.010690771700776,
      1.0144223971118578
    ],
    "p68_range": [
      1.010690771700776,
      1.0144223971118578
    ],
    "p95": [
      1.008954296338496,
      1.016109021633107
    ],
    "p95_range": [
      1.008954296338496,
      1.016109021633107
    ],
    "std": 0.00184598912500441
  },
  "Nafion Fraction-WRL1": {
    "best": 0.9847395674397931,
    "index": 24,
    "integer": false,
    "label": "Nafion Fraction-WRL1",
    "mean": 0.9846937456958866,
    "median": 0.9848495869080266,
    "p68": [
      0.982149794795025,
      0.9870394455185676
    ],
    "p68_range": [
      0.982149794795025,
      0.9870394455185676
    ],
    "p95": [
      0.9803776094894601,
      0.9886766832591596
    ],
    "p95_range": [
      0.9803776094894601,
      0.9886766832591596
    ],
    "std": 0.002270308227667594
  },
  "Nafion Fraction-WRL2": {
    "best": 1.0163740941898647,
    "index": 26,
    "integer": false,
    "label": "Nafion Fraction-WRL2",
    "mean": 1.013979610057411,
    "median": 1.0138801162773676,
    "p68": [
      1.0124667501014486,
      1.0155341987369686
    ],
    "p68_range": [
      1.0124667501014486,
      1.0155341987369686
    ],
    "p95": [
      1.011058520073489,
      1.0173512089219143
    ],
    "p95_range": [
      1.011058520073489,
      1.0173512089219143
    ],
    "std": 0.0015773383831146567
  },
  "Permalloy interface": {
    "best": 7.01568339718964,
    "index": 9,
    "integer": false,
    "label": "Permalloy interface",
    "mean": 7.083297877401413,
    "median": 7.081749998002716,
    "p68": [
      6.90124544616977,
      7.27226198124889
    ],
    "p68_range": [
      6.90124544616977,
      7.27226198124889
    ],
    "p95": [
      6.726822375177059,
      7.4190442317014496
    ],
    "p95_range": [
      6.726822375177059,
      7.4190442317014496
    ],
    "std": 0.1805076592631793
  },
  "Permalloy rho": {
    "best": 8.847470308784157,
    "index": 11,
    "integer": false,
    "label": "Permalloy rho",
    "mean": 8.856085160426067,
    "median": 8.856946092665575,
    "p68": [
      8.837676042023107,
      8.875425640855113
    ],
    "p68_range": [
      8.837676042023107,
      8.875425640855113
    ],
    "p95": [
      8.814809887074254,
      8.894365607435953
    ],
    "p95_range": [
      8.814809887074254,
      8.894365607435953
    ],
    "std": 0.019448510597100607
  },
  "Permalloy rhoM": {
    "best": 1.9093959695068954,
    "index": 10,
    "integer": false,
    "label": "Permalloy rhoM",
    "mean": 1.9133693315746299,
    "median": 1.913661695566059,
    "p68": [
      1.9054192867556172,
      1.920544728959673
    ],
    "p68_range": [
      1.9054192867556172,
      1.920544728959673
    ],
    "p95": [
      1.8995384126450565,
      1.9279859986440055
    ],
    "p95_range": [
      1.8995384126450565,
      1.9279859986440055
    ],
    "std": 0.007330597740239249
  },
  "Permalloy thickness": {
    "best": 108.95336196020713,
    "index": 12,
    "integer": false,
    "label": "Permalloy thickness",
    "mean": 108.92474769907292,
    "median": 108.93294111448772,