{
  "Background MM": {
    "best": 1.2326459329147183e-08,
    "index": 1,
    "integer": false,
    "label": "Background MM",
    "mean": 1.0175052559462104e-08,
    "median": 7.695397092465112e-09,
    "p68": [
      2.1280053484003536e-09,
      1.9335798902286955e-08
    ],
    "p68_range": [
      2.1280053484003536e-09,
      1.9335798902286955e-08
    ],
    "p95": [
      3.5523222198691806e-10,
      3.17143505030753e-08
    ],
    "p95_range": [
      3.5523222198691806e-10,
      3.17143505030753e-08
    ],
    "std": 8.730238129674316e-09
  },
  "Background PP": {
    "best": 2.1098318238567422e-07,
    "index": 3,
    "integer": false,
    "label": "Background PP",
    "mean": 1.8959737369396817e-07,
    "median": 1.8960650591751982e-07,
    "p68": [
      1.5259651091538488e-07,
      2.253203930756202e-07
    ],
    "p68_range": [
      1.5259651091538488e-07,
      2.253203930756202e-07
    ],
    "p95": [
      1.213141218605247e-07,
      2.632459077383504e-07
    ],
    "p95_range": [
      1.213141218605247e-07,
      2.632459077383504e-07
    ],
    "std": 3.5886669529364e-08
  },
  "Bulk Nafion interface": {
    "best": 7.486629722593783,
    "index": 20,
    "integer": false,
    "label": "Bulk Nafion interface",
    "mean": 7.531593235594293,
    "median": 7.530293951125803,
    "p68": [
      7.397323510594193,
      7.668401233565239
    ],
    "p68_range": [
      7.397323510594193,
      7.668401233565239
    ],
    "p95": [
      7.2562684147282175,
      7.807736154555981
    ],
    "p95_range": [
      7.2562684147282175,
      7.807736154555981
    ],
    "std": 0.13793094444789292
  },
  "Bulk Nafion rho": {
    "best": 4.457471209261302,
    "index": 21,
    "integer": false,
    "label": "Bulk Nafion rho",
    "mean": 4.4569597722329615,
    "median": 4.457162904377199,
    "p68": [
      4.44854512972587,
      4.465761856481964
    ],
    "p68_range": [
      4.44854512972587,
      4.465761856481964
    ],
    "p95": [
      4.439267864061748,
      4.472207529519443
    ],
    "p95_range": [
      4.439267864061748,
      4.472207529519443
    ],
    "std": 0.008420437254332369
  },
  "Bulk Nafion thickness": {
    "best": 225.1449020781991,
    "index": 22,
    "integer": false,
    "label": "Bulk Nafion thickness",
    "mean": 227.4492649667519,
    "median": 227.40535819097448,
    "p68": [
      225.32848245387473,
      229.63770856681904
    ],
    "p68_range": [
      225.32848245387473,
      229.63770856681904
    ],
    "p95": [
      223.31531271680728,
      232.02658263898692
    ],
    "p95_range": [
      223.31531271680728,
      232.02658263898692
    ],
    "std": 2.1874129174829933
  },
  "NRL1 thickness": {
    "best": 8.660589390865951,
    "index": 16,
    "integer": false,
    "label": "NRL1 thickness",
    "mean": 7.570618418518565,
    "median": 7.500039198798469,
    "p68": [
      5.835970602789692,
      9.22442687237597
    ],
    "p68_range": [
      5.835970602789692,
      9.22442687237597
    ],
    "p95": [
      4.719366189493339,
      11.262349688000834
    ],
    "p95_range": [
      4.719366189493339,
      11.262349688000834
    ],
    "std": 1.6989855557023443
  },
  "NRL2 thickness": {
    "best": 28.959078799776503,
    "index": 18,
    "integer": false,
    "label": "NRL2 thickness",
    "mean": 28.16831261198878,
    "median": 28.32563717324243,
    "p68": [
      26.833214550979964,
      29.561615026743763
    ],
    "p68_range": [
      26.833214550979964,
      29.561615026743763
    ],
    "p95": [
      24.92109327478896,
      29.958678508096693
    ],
    "p95_range": [
      24.92109327478896,
      29.958678508096693
    ],
    "std": 1.371850841419742
  },
  "Nafion Fraction-NRL1": {
    "best": 0.9426412428389902,
    "index": 23,
    "integer": false,
    "label": "Nafion Fraction-NRL1",
    "mean": 0.9297747615575976,
    "median": 0.934176386084691,
    "p68": [
      0.9077894079844916,
      0.9492440465675737
    ],
    "p68_range": [
      0.9077894079844916,
      0.9492440465675737
    ],
    "p95": [
      0.8759678945571091,
      0.9606312350797299
    ],
    "p95_range": [
      0.8759678945571091,
      0.9606312350797299
    ],
    "std": 0.02127577856615487
  },
  "Nafion Fraction-NRL2": {
    "best": 1.010334106691044,
    "index": 25,
    "integer": false,
    "label": "Nafion Fraction-NRL2",
    "mean": 1.0084641617757646,
    "median": 1.0085677974310883,
    "p68": [
      1.0064986918124768,
      1.0103867884614313
    ],
    "p68_range": [
      1.0064986918124768,
      1.0103867884614313
    ],
    "p95": [
      1.0044509082509359,
      1.0120098980535133
    ],
    "p95_range": [
      1.0044509082509359,
      1.0120098980535133
    ],
    "std": 0.0019045388512460117
  },
  "Nafion Fraction-WRL1": {
    "best": 0.9837039898322953,
    "index": 24,
    "integer": false,
    "label": "Nafion Fraction-WRL1",
    "mean": 0.9835627260863525,
    "median": 0.9835826946808262,
    "p68": [
      0.9813372217970399,
      0.9857209374141112
    ],
    "p68_range": [
      0.9813372217970399,
      0.9857209374141112
    ],
    "p95": [
      0.9790802202325645,
      0.9878271197227139
    ],
    "p95_range": [
      0.9790802202325645,
      0.9878271197227139
    ],
    "std": 0.0022192228287839697
  },
  "Nafion Fraction-WRL2": {
    "best": 1.0116575496202733,
    "index": 26,
    "integer": false,
    "label": "Nafion Fraction-WRL2",
    "mean": 1.0112067344990652,
    "median": 1.0111737353568147,
    "p68": [
      1.0098323767540147,
      1.012661347849766
    ],
    "p68_range": [
      1.0098323767540147,
      1.012661347849766
    ],
    "p95": [
      1.0084068205310641,
      1.013873182222323
    ],
    "p95_range": [
      1.0084068205310641,
      1.013873182222323
    ],
    "std": 0.0013838197815560106
  },
  "Permalloy interface": {
    "best": 7.131477436004961,
    "index": 9,
    "integer": false,
    "label": "Permalloy interface",
    "mean": 7.066295833859177,
    "median": 7.075598749402652,
    "p68": [
      6.8761471888884715,
      7.247094046298551
    ],
    "p68_range": [
      6.8761471888884715,
      7.247094046298551
    ],
    "p95": [
      6.673642940250452,
      7.425859129220466
    ],
    "p95_range": [
      6.673642940250452,
      7.425859129220466
    ],
    "std": 0.19007715152321975
  },
  "Permalloy rho": {
    "best": 8.840688907359212,
    "index": 11,
    "integer": false,
    "label": "Permalloy rho",
    "mean": 8.842959539473803,
    "median": 8.84194414048528,
    "p68": [
      8.82437976145159,
      8.861654175901824
    ],
    "p68_range": [
      8.82437976145159,
      8.861654175901824
    ],
    "p95": [
      8.809101975851565,
      8.883470265146677
    ],
    "p95_range": [
      8.809101975851565,
      8.883470265146677
    ],
    "std": 0.018853446703064682
  },
  "Permalloy rhoM": {
    "best": 1.9160544722610842,
    "index": 10,
    "integer": false,
    "label": "Permalloy rhoM",
    "mean": 1.9154407329008478,
    "median": 1.915580368960411,
    "p68": [
      1.9067004415214666,
      1.9241845939439761
    ],
    "p68_range": [
      1.9067004415214666,
      1.9241845939439761
    ],
    "p95": [
      1.8985395975030266,
      1.9311383408394085
    ],
    "p95_range": [
      1.8985395975030266,
      1.9311383408394085
    ],
    "std": 0.008537053629796903
  },
  "Permalloy thickness": {
    "best": 108.93656908778861,
    "index": 12,
    "integer": false,
    "label": "Permalloy thickness",
    "mean": 108.89882114860528,
    "median": 108.89319207825727,