{
  "Background MM": {
    "best": 4.0120912670693477e-08,
    "index": 1,
    "integer": false,
    "label": "Background MM",
    "mean": 5.638499827423563e-07,
    "median": 5.235315689472493e-07,
    "p68": [
      2.4324726786536475e-07,
      9.013952562697008e-07
    ],
    "p68_range": [
      2.4324726786536475e-07,
      9.013952562697008e-07
    ],
    "p95": [
      6.048467603277313e-08,
      1.3197706641017748e-06
    ],
    "p95_range": [
      6.048467603277313e-08,
      1.3197706641017748e-06
    ],
    "std": 3.194395609755106e-07
  },
  "Background PP": {
    "best": 4.667177711663144e-08,
    "index": 3,
    "integer": false,
    "label": "Background PP",
    "mean": 5.347262967147538e-07,
    "median": 4.853312477194107e-07,
    "p68": [
      2.2363158593618732e-07,
      8.607516688390599e-07
    ],
    "p68_range": [
      2.2363158593618732e-07,
      8.607516688390599e-07
    ],
    "p95": [
      6.302579128490444e-08,
      1.1931350360186374e-06
    ],
    "p95_range": [
      6.302579128490444e-08,
      1.1931350360186374e-06
    ],
    "std": 3.0725857582559675e-07
  },
  "Bulk Nafion interface": {
    "best": 9.762648986888008,
    "index": 26,
    "integer": false,
    "label": "Bulk Nafion interface",
    "mean": 9.206602567003909,
    "median": 9.268794785312258,
    "p68": [
      5.83094991965463,
      12.401314963099255
    ],
    "p68_range": [
      5.83094991965463,
      12.401314963099255
    ],
    "p95": [
      2.828814869130649,
      15.942893662094894
    ],
    "p95_range": [
      2.828814869130649,
      15.942893662094894
    ],
    "std": 3.26762483575844
  },
  "Bulk Nafion rho": {
    "best": 4.193455159254467,
    "index": 27,
    "integer": false,
    "label": "Bulk Nafion rho",
    "mean": 4.084414987774373,
    "median": 4.0880260359664895,
    "p68": [
      3.86527317186485,
      4.298856297584282
    ],
    "p68_range": [
      3.86527317186485,
      4.298856297584282
    ],
    "p95": [
      3.6592092223944923,
      4.530936822860243
    ],
    "p95_range": [
      3.6592092223944923,
      4.530936822860243
    ],
    "std": 0.21761913374028374
  },
  "Bulk Nafion thickness": {
    "best": 129.26994973584684,
    "index": 28,
    "integer": false,
    "label": "Bulk Nafion thickness",
    "mean": 161.6219229802448,
    "median": 158.60416646974673,
    "p68": [
      129.99832540709338,
      192.4527454565857
    ],
    "p68_range": [
      129.99832540709338,
      192.4527454565857
    ],
    "p95": [
      110.04785157315126,
      225.9784187995191
    ],
    "p95_range": [
      110.04785157315126,
      225.9784187995191
    ],
    "std": 30.379657655959576
  },
  "Grad thickness": {
    "best": 94.86381275699803,
    "index": 25,
    "integer": false,
    "label": "Grad thickness",
    "mean": 58.37781359120935,
    "median": 56.24204009319142,
    "p68": [
      26.11360280125635,
      89.38903969777398
    ],
    "p68_range": [
      26.11360280125635,
      89.38903969777398
    ],
    "p95": [
      9.048203191885166,
      116.32691521898505
    ],
    "p95_range": [
      9.048203191885166,
      116.32691521898505
    ],
    "std": 29.22485444840198
  },
  "Grad:Nafion": {
    "best": 0.4569385781882289,
    "index": 33,
    "integer": false,
    "label": "Grad:Nafion",
    "mean": 0.3053816151266471,
    "median": 0.3165582776756551,
    "p68": [
      0.13848153340413302,
      0.46550888981496097
    ],
    "p68_range": [
      0.13848153340413302,
      0.46550888981496097
    ],
    "p95": [
      0.04162678403218223,
      0.5263693916979724
    ],
    "p95_range": [
      0.04162678403218223,
      0.5263693916979724
    ],
    "std": 0.13988954379651763
  },
  "Gradient rho": {
    "best": 3.7157123870319024,
    "index": 24,
    "integer": false,
    "label": "Gradient rho",
    "mean": 3.6899951072191435,
    "median": 3.7792426864247757,
    "p68": [
      3.3736137505152737,
      4.053505815154405
    ],
    "p68_range": [
      3.3736137505152737,
      4.053505815154405
    ],
    "p95": [
      2.6737217863972136,
      4.269218017363676
    ],
    "p95_range": [
      2.6737217863972136,
      4.269218017363676
    ],
    "std": 0.43931904371496844
  },
  "NRL1 rho": {
    "best": 3.9255405258386094,
    "index": 18,
    "integer": false,
    "label": "NRL1 rho",
    "mean": 3.101554680906209,
    "median": 3.1969597984507647,
    "p68": [
      2.472309924454107,
      3.770676140355919
    ],
    "p68_range": [
      2.472309924454107,
      3.770676140355919
    ],
    "p95": [
      1.4069089818678844,
      4.2052075154593975
    ],
    "p95_range": [
      1.4069089818678844,
      4.2052075154593975
    ],
    "std": 0.697078200332417
  },
  "NRL1 thickness": {
    "best": 19.752126192785134,
    "index": 19,
    "integer": false,
    "label": "NRL1 thickness",
    "mean": 17.08327281038141,
    "median": 15.525286551907632,
    "p68": [
      7.30742103000114,
      28.122692190291797
    ],
    "p68_range": [
      7.30742103000114,
      28.122692190291797
    ],
    "p95": [
      3.414223282342359,
      36.114992243395584
    ],
    "p95_range": [
      3.414223282342359,
      36.114992243395584
    ],
    "std": 9.384706750693228
  },
  "NRL1:WRL2": {
    "best": 0.39354300639714473,
    "index": 30,
    "integer": false,
    "label": "NRL1:WRL2",
    "mean": 0.28413862901945963,
    "median": 0.28792842351689263,
    "p68": [
      0.12394890578822147,
      0.43517819283028947
    ],
    "p68_range": [
      0.12394890578822147,
      0.43517819283028947
    ],
    "p95": [
      0.034295631927018476,
      0.5146917096683642
    ],
    "p95_range": [
      0.034295631927018476,
      0.5146917096683642
    ],
    "std": 0.13573753081825168
  },
  "NRL2 rho": {
    "best": 3.7122546333101933,
    "index": 22,
    "integer": false,
    "label": "NRL2 rho",
    "mean": 3.237129827442918,
    "median": 3.3874073000424048,
    "p68": [
      2.724756342647233,
      3.8583616639937635
    ],
    "p68_range": [
      2.724756342647233,
      3.8583616639937635
    ],
    "p95": [
      1.073959684869331,
      4.214882601015109
    ],
    "p95_range": [
      1.073959684869331,
      4.214882601015109
    ],
    "std": 0.7384813652117452
  },
  "NRL2 thickness": {
    "best": 22.96652827733189,
    "index": 23,
    "integer": false,
    "label": "NRL2 thickness",
    "mean": 17.01764599692539,
    "median": 15.890881050272267,
    "p68": [
      6.645424591589563,
      28.719607181037222
    ],
    "p68_range": [
      6.645424591589563,
      28.719607181037222
    ],
    "p95": [
      3.0864243999231395,
      37.181962026831194
    ],
    "p95_range": [
      3.0864243999231395,
      37.181962026831194
    ],
    "std": 9.661966041186023
  },
  "NRL2:Grad": {
    "best": 0.36994017041457883,
    "index": 32,
    "integer": false,
    "label": "NRL2:Grad",
    "mean": 0.2923596436140015,
    "median": 0.30003226400365907,
    "p68": [
      0.14371071385848483,
      0.436907715810294
    ],
    "p68_range": [
      0.14371071385848483,
      0.436907715810294
    ],
    "p95": [
      0.050712195525828986,
      0.5092264587053722
    ],
    "p95_range": [
      0.050712195525828986,
      0.5092264587053722
    ],
    "std": 0.12985412308556976
  },
  "Permalloy interface": {
    "best": 7.541483113227161,
    "index": 9,
    "integer": false,
    "label": "Permalloy interface",
    "mean": 8.718768968422065,
    "median": 8.503338276046847,
    "p68": [
      4.838288288983187,
      12.979143377184377
    ],