{
  "Background MM": {
    "best": 1.1924987147033103e-08,
    "index": 1,
    "integer": false,
    "label": "Background MM",
    "mean": 4.15412733316778e-07,
    "median": 3.923959791769896e-07,
    "p68": [
      2.2433703763090122e-07,
      5.961495621694254e-07
    ],
    "p68_range": [
      2.2433703763090122e-07,
      5.961495621694254e-07
    ],
    "p95": [
      7.556998801638514e-08,
      8.943244737403321e-07
    ],
    "p95_range": [
      7.556998801638514e-08,
      8.943244737403321e-07
    ],
    "std": 2.061407417321652e-07
  },
  "Background PP": {
    "best": 5.578962664765621e-08,
    "index": 3,
    "integer": false,
    "label": "Background PP",
    "mean": 3.664917626430001e-07,
    "median": 3.480029618001016e-07,
    "p68": [
      1.8209684238444989e-07,
      5.480654729136247e-07
    ],
    "p68_range": [
      1.8209684238444989e-07,
      5.480654729136247e-07
    ],
    "p95": [
      5.877917390934207e-08,
      7.795337454071579e-07
    ],
    "p95_range": [
      5.877917390934207e-08,
      7.795337454071579e-07
    ],
    "std": 1.8786932666230765e-07
  },
  "Bulk Nafion interface": {
    "best": 9.868100679260694,
    "index": 26,
    "integer": false,
    "label": "Bulk Nafion interface",
    "mean": 9.274932471782929,
    "median": 9.409361698112589,
    "p68": [
      7.500871527247819,
      11.028847517326424
    ],
    "p68_range": [
      7.500871527247819,
      11.028847517326424
    ],
    "p95": [
      5.086371875794829,
      12.661829165226571
    ],
    "p95_range": [
      5.086371875794829,
      12.661829165226571
    ],
    "std": 1.910112537290106
  },
  "Bulk Nafion rho": {
    "best": 4.187595412669875,
    "index": 27,
    "integer": false,
    "label": "Bulk Nafion rho",
    "mean": 4.087655053867281,
    "median": 4.089348089534057,
    "p68": [
      3.9665206616869653,
      4.21105683898855
    ],
    "p68_range": [
      3.9665206616869653,
      4.21105683898855
    ],
    "p95": [
      3.7955688236392975,
      4.36001424754013
    ],
    "p95_range": [
      3.7955688236392975,
      4.36001424754013
    ],
    "std": 0.1368864422206375
  },
  "Bulk Nafion thickness": {
    "best": 127.2502083007486,
    "index": 28,
    "integer": false,
    "label": "Bulk Nafion thickness",
    "mean": 158.1808306451664,
    "median": 157.05846375410624,
    "p68": [
      133.6777521824225,
      183.4274399243476
    ],
    "p68_range": [
      133.6777521824225,
      183.4274399243476
    ],
    "p95": [
      114.95501189112085,
      205.6014198878555
    ],
    "p95_range": [
      114.95501189112085,
      205.6014198878555
    ],
    "std": 23.958186156106873
  },
  "Grad thickness": {
    "best": 96.02310168972845,
    "index": 25,
    "integer": false,
    "label": "Grad thickness",
    "mean": 63.9226604425893,
    "median": 64.26637824444981,
    "p68": [
      39.745776665174134,
      88.26695320115964
    ],
    "p68_range": [
      39.745776665174134,
      88.26695320115964
    ],
    "p95": [
      15.026998572224668,
      110.36806829669163
    ],
    "p95_range": [
      15.026998572224668,
      110.36806829669163
    ],
    "std": 24.160914913167417
  },
  "Grad:Nafion": {
    "best": 0.4811371878131845,
    "index": 33,
    "integer": false,
    "label": "Grad:Nafion",
    "mean": 0.31402412215228076,
    "median": 0.32831004941843017,
    "p68": [
      0.18116227650412273,
      0.4433819148046234
    ],
    "p68_range": [
      0.18116227650412273,
      0.4433819148046234
    ],
    "p95": [
      0.0698908467186344,
      0.5125432567078909
    ],
    "p95_range": [
      0.0698908467186344,
      0.5125432567078909
    ],
    "std": 0.12011157714386458
  },
  "Gradient rho": {
    "best": 3.755698329384679,
    "index": 24,
    "integer": false,
    "label": "Gradient rho",
    "mean": 3.7549757280440645,
    "median": 3.78774709958211,
    "p68": [
      3.5896401798655355,
      3.941222929723356
    ],
    "p68_range": [
      3.5896401798655355,
      3.941222929723356
    ],
    "p95": [
      3.1382493730667567,
      4.122026123604696
    ],
    "p95_range": [
      3.1382493730667567,
      4.122026123604696
    ],
    "std": 0.2590750773502713
  },
  "NRL1 rho": {
    "best": 3.9136308861699325,
    "index": 18,
    "integer": false,
    "label": "NRL1 rho",
    "mean": 3.1976481649950785,
    "median": 3.3234148011708866,
    "p68": [
      2.691282363801854,
      3.6607792210934496
    ],
    "p68_range": [
      2.691282363801854,
      3.6607792210934496
    ],
    "p95": [
      1.7667390392420084,
      4.071866967400843
    ],
    "p95_range": [
      1.7667390392420084,
      4.071866967400843
    ],
    "std": 0.5683552487722453
  },
  "NRL1 thickness": {
    "best": 20.361517179435626,
    "index": 19,
    "integer": false,
    "label": "NRL1 thickness",
    "mean": 15.99495559164077,
    "median": 15.089950625728612,
    "p68": [
      7.295394121648812,
      25.23113732849362
    ],
    "p68_range": [
      7.295394121648812,
      25.23113732849362
    ],
    "p95": [
      3.5119222970229846,
      33.865711362343646
    ],
    "p95_range": [
      3.5119222970229846,
      33.865711362343646
    ],
    "std": 8.228251814228916
  },
  "NRL1:WRL2": {
    "best": 0.4162915733272617,
    "index": 30,
    "integer": false,
    "label": "NRL1:WRL2",
    "mean": 0.2895385410622123,
    "median": 0.29755412914229096,
    "p68": [
      0.1526195359927245,
      0.4244387787357145
    ],
    "p68_range": [
      0.1526195359927245,
      0.4244387787357145
    ],
    "p95": [
      0.05320801872007532,
      0.5136745887272456
    ],
    "p95_range": [
      0.05320801872007532,
      0.5136745887272456
    ],
    "std": 0.12471740960328566
  },
  "NRL2 rho": {
    "best": 3.6947151914457446,
    "index": 22,
    "integer": false,
    "label": "NRL2 rho",
    "mean": 3.3709004968230514,
    "median": 3.437720760681784,
    "p68": [
      3.0700465103345405,
      3.716482087919778
    ],
    "p68_range": [
      3.0700465103345405,
      3.716482087919778
    ],
    "p95": [
      2.2529578156394074,
      4.04663530832354
    ],
    "p95_range": [
      2.2529578156394074,
      4.04663530832354
    ],
    "std": 0.42856295408516826
  },
  "NRL2 thickness": {
    "best": 23.717248434999117,
    "index": 23,
    "integer": false,
    "label": "NRL2 thickness",
    "mean": 18.412238182772246,
    "median": 18.32990311971112,
    "p68": [
      10.235526834810866,
      26.392543296112905
    ],
    "p68_range": [
      10.235526834810866,
      26.392543296112905
    ],
    "p95": [
      4.201953971174958,
      34.16800700410661
    ],
    "p95_range": [
      4.201953971174958,
      34.16800700410661
    ],
    "std": 7.716371169346087
  },
  "NRL2:Grad": {
    "best": 0.3600073097069412,
    "index": 32,
    "integer": false,
    "label": "NRL2:Grad",
    "mean": 0.30193026165012,
    "median": 0.3113210496358345,
    "p68": [
      0.16331632173297306,
      0.435993478821209
    ],
    "p68_range": [
      0.16331632173297306,
      0.435993478821209
    ],
    "p95": [
      0.052384414386463296,
      0.5148398959347555
    ],
    "p95_range": [
      0.052384414386463296,
      0.5148398959347555
    ],
    "std": 0.12531749228426614
  },
  "Permalloy interface": {
    "best": 7.398252902670012,
    "index": 9,
    "integer": false,
    "label": "Permalloy interface",
    "mean": 7.848724505819581,
    "median": 7.747943898494176,
    "p68": [
      5.836479154608935,
      9.92856307566464
    ],
    "p68_range": [
      5.836479154608935,
      9.92856307566464
    ],