{
  "Background MM": {
    "best": 6.669316561432797e-08,
    "index": 1,
    "integer": false,
    "label": "Background MM",
    "mean": 4.996063715156268e-07,
    "median": 4.646470514132264e-07,
    "p68": [
      2.4060000337110073e-07,
      7.988211359898897e-07
    ],
    "p68_range": [
      2.4060000337110073e-07,
      7.988211359898897e-07
    ],
    "p95": [
      5.7105216004371455e-08,
      1.0448800680154374e-06
    ],
    "p95_range": [
      5.7105216004371455e-08,
      1.0448800680154374e-06
    ],
    "std": 2.655470708132291e-07
  },
  "Background PP": {
    "best": 8.250061389650623e-08,
    "index": 3,
    "integer": false,
    "label": "Background PP",
    "mean": 4.851135505870273e-07,
    "median": 4.666168369098991e-07,
    "p68": [
      2.290638244004309e-07,
      7.346363027321853e-07
    ],
    "p68_range": [
      2.290638244004309e-07,
      7.346363027321853e-07
    ],
    "p95": [
      6.528271829198255e-08,
      1.0605869678332326e-06
    ],
    "p95_range": [
      6.528271829198255e-08,
      1.0605869678332326e-06
    ],
    "std": 2.600138670177845e-07
  },
  "Bulk Nafion interface": {
    "best": 9.71731147821436,
    "index": 26,
    "integer": false,
    "label": "Bulk Nafion interface",
    "mean": 8.804014339551115,
    "median": 8.903818752120257,
    "p68": [
      6.114154431966178,
      11.579019389527392
    ],
    "p68_range": [
      6.114154431966178,
      11.579019389527392
    ],
    "p95": [
      2.5975834150024317,
      14.037186725463759
    ],
    "p95_range": [
      2.5975834150024317,
      14.037186725463759
    ],
    "std": 2.7964570898511387
  },
  "Bulk Nafion rho": {
    "best": 4.195549673731676,
    "index": 27,
    "integer": false,
    "label": "Bulk Nafion rho",
    "mean": 4.092169433377537,
    "median": 4.080222184484327,
    "p68": [
      3.927596638793361,
      4.264521008937655
    ],
    "p68_range": [
      3.927596638793361,
      4.264521008937655
    ],
    "p95": [
      3.738001151999799,
      4.427261699580315
    ],
    "p95_range": [
      3.738001151999799,
      4.427261699580315
    ],
    "std": 0.17288680910936752
  },
  "Bulk Nafion thickness": {
    "best": 128.60399825471015,
    "index": 28,
    "integer": false,
    "label": "Bulk Nafion thickness",
    "mean": 157.00470992618145,
    "median": 156.02287161705948,
    "p68": [
      126.71720269047013,
      186.48504725376898
    ],
    "p68_range": [
      126.71720269047013,
      186.48504725376898
    ],
    "p95": [
      111.37528918940336,
      214.93052811804804
    ],
    "p95_range": [
      111.37528918940336,
      214.93052811804804
    ],
    "std": 28.21561831822473
  },
  "Grad thickness": {
    "best": 96.45246316265738,
    "index": 25,
    "integer": false,
    "label": "Grad thickness",
    "mean": 64.60137581030995,
    "median": 63.08505577462885,
    "p68": [
      34.76288830401591,
      95.15966851964379
    ],
    "p68_range": [
      34.76288830401591,
      95.15966851964379
    ],
    "p95": [
      9.579101158337062,
      124.82512829695648
    ],
    "p95_range": [
      9.579101158337062,
      124.82512829695648
    ],
    "std": 29.24322738011025
  },
  "Grad:Nafion": {
    "best": 0.46853917250140076,
    "index": 33,
    "integer": false,
    "label": "Grad:Nafion",
    "mean": 0.29579711295332517,
    "median": 0.3101364060589088,
    "p68": [
      0.1487876570352383,
      0.43413772087972025
    ],
    "p68_range": [
      0.1487876570352383,
      0.43413772087972025
    ],
    "p95": [
      0.05453719198359695,
      0.5188568715844074
    ],
    "p95_range": [
      0.05453719198359695,
      0.5188568715844074
    ],
    "std": 0.12868746273671738
  },
  "Gradient rho": {
    "best": 3.7494679616949558,
    "index": 24,
    "integer": false,
    "label": "Gradient rho",
    "mean": 3.7226995108325656,
    "median": 3.7658003444560753,
    "p68": [
      3.5282419801644225,
      3.9959830868320063
    ],
    "p68_range": [
      3.5282419801644225,
      3.9959830868320063
    ],
    "p95": [
      2.6378190674283184,
      4.219649840115593
    ],
    "p95_range": [
      2.6378190674283184,
      4.219649840115593
    ],
    "std": 0.38636331802842067
  },
  "NRL1 rho": {
    "best": 3.923022781242584,
    "index": 18,
    "integer": false,
    "label": "NRL1 rho",
    "mean": 3.0806314884548924,
    "median": 3.2483374776577545,
    "p68": [
      2.3644213163923697,
      3.7382210900012116
    ],
    "p68_range": [
      2.3644213163923697,
      3.7382210900012116
    ],
    "p95": [
      1.2137257900627887,
      4.175624633054664
    ],
    "p95_range": [
      1.2137257900627887,
      4.175624633054664
    ],
    "std": 0.7449414116225819
  },
  "NRL1 thickness": {
    "best": 19.35754405029601,
    "index": 19,
    "integer": false,
    "label": "NRL1 thickness",
    "mean": 15.8056981994684,
    "median": 14.442943199593469,
    "p68": [
      6.208919724842667,
      26.009231572596615
    ],
    "p68_range": [
      6.208919724842667,
      26.009231572596615
    ],
    "p95": [
      3.1135279451150866,
      34.708964759901185
    ],
    "p95_range": [
      3.1135279451150866,
      34.708964759901185
    ],
    "std": 8.844258246816516
  },
  "NRL1:WRL2": {
    "best": 0.39000721885830814,
    "index": 30,
    "integer": false,
    "label": "NRL1:WRL2",
    "mean": 0.2688969417806652,
    "median": 0.2687902857469563,
    "p68": [
      0.12162569778063684,
      0.42224146823239656
    ],
    "p68_range": [
      0.12162569778063684,
      0.42224146823239656
    ],
    "p95": [
      0.03856142393323401,
      0.516344420276335
    ],
    "p95_range": [
      0.03856142393323401,
      0.516344420276335
    ],
    "std": 0.13173666512039062
  },
  "NRL2 rho": {
    "best": 3.6871099506960903,
    "index": 22,
    "integer": false,
    "label": "NRL2 rho",
    "mean": 3.2968813881133854,
    "median": 3.3715576857990266,
    "p68": [
      2.8293666895383893,
      3.8173558565840096
    ],
    "p68_range": [
      2.8293666895383893,
      3.8173558565840096
    ],
    "p95": [
      1.704870593695166,
      4.26977285699361
    ],
    "p95_range": [
      1.704870593695166,
      4.26977285699361
    ],
    "std": 0.6144158762540117
  },
  "NRL2 thickness": {
    "best": 22.201968113581945,
    "index": 23,
    "integer": false,
    "label": "NRL2 thickness",
    "mean": 17.339142456307577,
    "median": 16.2280383580205,
    "p68": [
      7.851625530926085,
      27.631246906546806
    ],
    "p68_range": [
      7.851625530926085,
      27.631246906546806
    ],
    "p95": [
      2.9084487783119553,
      34.99314098219786
    ],
    "p95_range": [
      2.9084487783119553,
      34.99314098219786
    ],
    "std": 8.929675942977806
  },
  "NRL2:Grad": {
    "best": 0.36623815821333844,
    "index": 32,
    "integer": false,
    "label": "NRL2:Grad",
    "mean": 0.28774793059619325,
    "median": 0.28975391762630975,
    "p68": [
      0.12525017570165856,
      0.4445362302881527
    ],
    "p68_range": [
      0.12525017570165856,
      0.4445362302881527
    ],
    "p95": [
      0.03701567921451265,
      0.5231467028426048
    ],
    "p95_range": [
      0.03701567921451265,
      0.5231467028426048
    ],
    "std": 0.1388003270886553
  },
  "Permalloy interface": {
    "best": 7.420800266382618,
    "index": 9,
    "integer": false,
    "label": "Permalloy interface",
    "mean": 7.564073999250452,
    "median": 7.225779584309661,
    "p68": [
      4.181281383489985,
      10.75727742258264
    ],