{
  "Background MM": {
    "best": 8.050622922556222e-08,
    "index": 1,
    "integer": false,
    "label": "Background MM",
    "mean": 1.990586967570709e-07,
    "median": 2.0044250306467328e-07,
    "p68": [
      1.1114361461781124e-07,
      2.8537301680396815e-07
    ],
    "p68_range": [
      1.1114361461781124e-07,
      2.8537301680396815e-07
    ],
    "p95": [
      4.025597703539348e-08,
      3.6313768070433946e-07
    ],
    "p95_range": [
      4.025597703539348e-08,
      3.6313768070433946e-07
    ],
    "std": 8.268419816908239e-08
  },
  "Background PP": {
    "best": 8.096561593913841e-08,
    "index": 3,
    "integer": false,
    "label": "Background PP",
    "mean": 1.9362347673109372e-07,
    "median": 1.974666772542494e-07,
    "p68": [
      1.151092510635005e-07,
      2.653937597435084e-07
    ],
    "p68_range": [
      1.151092510635005e-07,
      2.653937597435084e-07
    ],
    "p95": [
      5.020344506875044e-08,
      3.426240108543445e-07
    ],
    "p95_range": [
      5.020344506875044e-08,
      3.426240108543445e-07
    ],
    "std": 7.509092355662198e-08
  },
  "Bulk Nafion interface": {
    "best": 9.657781168630342,
    "index": 26,
    "integer": false,
    "label": "Bulk Nafion interface",
    "mean": 9.43713624227722,
    "median": 9.402344151459669,
    "p68": [
      8.948617140822478,
      9.948302996823688
    ],
    "p68_range": [
      8.948617140822478,
      9.948302996823688
    ],
    "p95": [
      8.39491755982641,
      10.543684555372536
    ],
    "p95_range": [
      8.39491755982641,
      10.543684555372536
    ],
    "std": 0.5328569649535815
  },
  "Bulk Nafion rho": {
    "best": 4.190563795011929,
    "index": 27,
    "integer": false,
    "label": "Bulk Nafion rho",
    "mean": 4.092792083725983,
    "median": 4.090081005938049,
    "p68": [
      4.047928138940321,
      4.135567329593705
    ],
    "p68_range": [
      4.047928138940321,
      4.135567329593705
    ],
    "p95": [
      4.00692990297844,
      4.193035276160725
    ],
    "p95_range": [
      4.00692990297844,
      4.193035276160725
    ],
    "std": 0.046546624282500525
  },
  "Bulk Nafion thickness": {
    "best": 130.6193323539905,
    "index": 28,
    "integer": false,
    "label": "Bulk Nafion thickness",
    "mean": 168.091641916504,
    "median": 169.84958700852553,
    "p68": [
      151.37476862237529,
      185.4332059801074
    ],
    "p68_range": [
      151.37476862237529,
      185.4332059801074
    ],
    "p95": [
      128.77331185938286,
      196.82007858380103
    ],
    "p95_range": [
      128.77331185938286,
      196.82007858380103
    ],
    "std": 17.18385166262074
  },
  "Grad thickness": {
    "best": 93.91323769598793,
    "index": 25,
    "integer": false,
    "label": "Grad thickness",
    "mean": 63.41908449896681,
    "median": 62.356098789860155,
    "p68": [
      49.08800707667016,
      77.92459576399683
    ],
    "p68_range": [
      49.08800707667016,
      77.92459576399683
    ],
    "p95": [
      38.57269134087825,
      99.821855217492
    ],
    "p95_range": [
      38.57269134087825,
      99.821855217492
    ],
    "std": 15.341561551888805
  },
  "Grad:Nafion": {
    "best": 0.45910345013277637,
    "index": 33,
    "integer": false,
    "label": "Grad:Nafion",
    "mean": 0.3910525164280502,
    "median": 0.39832680795535796,
    "p68": [
      0.3041215129027761,
      0.48075062468615876
    ],
    "p68_range": [
      0.3041215129027761,
      0.48075062468615876
    ],
    "p95": [
      0.2111700747133069,
      0.5298913728378866
    ],
    "p95_range": [
      0.2111700747133069,
      0.5298913728378866
    ],
    "std": 0.08728817641512557
  },
  "Gradient rho": {
    "best": 3.734294321569775,
    "index": 24,
    "integer": false,
    "label": "Gradient rho",
    "mean": 3.7147022850755254,
    "median": 3.708662495502591,
    "p68": [
      3.6082856916337662,
      3.834167678851091
    ],
    "p68_range": [
      3.6082856916337662,
      3.834167678851091
    ],
    "p95": [
      3.530219874177945,
      3.9010843657842353
    ],
    "p95_range": [
      3.530219874177945,
      3.9010843657842353
    ],
    "std": 0.10532800494128457
  },
  "NRL1 rho": {
    "best": 3.9084293958168614,
    "index": 18,
    "integer": false,
    "label": "NRL1 rho",
    "mean": 3.615158146954653,
    "median": 3.826860551956558,
    "p68": [
      2.962593771096865,
      4.040085941483277
    ],
    "p68_range": [
      2.962593771096865,
      4.040085941483277
    ],
    "p95": [
      2.206820345849587,
      4.264893348779053
    ],
    "p95_range": [
      2.206820345849587,
      4.264893348779053
    ],
    "std": 0.5628339004936181
  },
  "NRL1 thickness": {
    "best": 19.279927205080178,
    "index": 19,
    "integer": false,
    "label": "NRL1 thickness",
    "mean": 12.365853564021757,
    "median": 12.969810477914514,
    "p68": [
      6.889166528625467,
      16.75828565729837
    ],
    "p68_range": [
      6.889166528625467,
      16.75828565729837
    ],
    "p95": [
      3.897363366077963,
      20.654275053120326
    ],
    "p95_range": [
      3.897363366077963,
      20.654275053120326
    ],
    "std": 4.686837825642594
  },
  "NRL1:WRL2": {
    "best": 0.38166279987962026,
    "index": 30,
    "integer": false,
    "label": "NRL1:WRL2",
    "mean": 0.2681055631791597,
    "median": 0.2734554316269051,
    "p68": [
      0.1484130592788464,
      0.3884316847923313
    ],
    "p68_range": [
      0.1484130592788464,
      0.3884316847923313
    ],
    "p95": [
      0.05239572248660516,
      0.49941505845858425
    ],
    "p95_range": [
      0.05239572248660516,
      0.49941505845858425
    ],
    "std": 0.11353144621738709
  },
  "NRL2 rho": {
    "best": 3.7002743854765017,
    "index": 22,
    "integer": false,
    "label": "NRL2 rho",
    "mean": 3.386592046012489,
    "median": 3.48067071866851,
    "p68": [
      3.123429185675328,
      3.6102904816702126
    ],
    "p68_range": [
      3.123429185675328,
      3.6102904816702126
    ],
    "p95": [
      2.765056802131877,
      3.744990279566827
    ],
    "p95_range": [
      2.765056802131877,
      3.744990279566827
    ],
    "std": 0.2869295499046298
  },
  "NRL2 thickness": {
    "best": 21.932957639547556,
    "index": 23,
    "integer": false,
    "label": "NRL2 thickness",
    "mean": 18.221002344116087,
    "median": 18.098909182541767,
    "p68": [
      9.654477235866525,
      26.817823639603514
    ],
    "p68_range": [
      9.654477235866525,
      26.817823639603514
    ],
    "p95": [
      4.935695174618949,
      32.903519001151274
    ],
    "p95_range": [
      4.935695174618949,
      32.903519001151274
    ],
    "std": 7.82064331093026
  },
  "NRL2:Grad": {
    "best": 0.3723982989321494,
    "index": 32,
    "integer": false,
    "label": "NRL2:Grad",
    "mean": 0.29751977870004165,
    "median": 0.30362520666899384,
    "p68": [
      0.162115696027964,
      0.42442089305606395
    ],
    "p68_range": [
      0.162115696027964,
      0.42442089305606395
    ],
    "p95": [
      0.05716804019216499,
      0.4969409689065064
    ],
    "p95_range": [
      0.05716804019216499,
      0.4969409689065064
    ],
    "std": 0.11888303795714547
  },
  "Permalloy interface": {
    "best": 7.490459774287271,
    "index": 9,
    "integer": false,
    "label": "Permalloy interface",
    "mean": 7.558347032772236,
    "median": 7.601429164701168,
    "p68": [
      6.954915528647796,
      8.132070607750924
    ],
    "p68_range": [
      6.954915528647796,
      8.132070607750924
    ],