{
  "Background MM": {
    "best": 2.6005308102790736e-07,
    "index": 1,
    "integer": false,
    "label": "Background MM",
    "mean": 2.6019322703265175e-07,
    "median": 2.6083896815270407e-07,
    "p68": [
      2.2651754267212408e-07,
      2.9216944385438863e-07
    ],
    "p68_range": [
      2.2651754267212408e-07,
      2.9216944385438863e-07
    ],
    "p95": [
      1.9516457731602782e-07,
      3.2129524127841676e-07
    ],
    "p95_range": [
      1.9516457731602782e-07,
      3.2129524127841676e-07
    ],
    "std": 3.151102258896869e-08
  },
  "Background PP": {
    "best": 1.1354396222921956e-07,
    "index": 3,
    "integer": false,
    "label": "Background PP",
    "mean": 1.1048791614059334e-07,
    "median": 1.1015119156824846e-07,
    "p68": [
      7.231779263873631e-08,
      1.5035693379606716e-07
    ],
    "p68_range": [
      7.231779263873631e-08,
      1.5035693379606716e-07
    ],
    "p95": [
      4.2885795625330784e-08,
      1.8358044989627806e-07
    ],
    "p95_range": [
      4.2885795625330784e-08,
      1.8358044989627806e-07
    ],
    "std": 3.727020347103272e-08
  },
  "Bulk Nafion interface": {
    "best": 9.617256833168021,
    "index": 26,
    "integer": false,
    "label": "Bulk Nafion interface",
    "mean": 9.619173950092001,
    "median": 9.61395524216603,
    "p68": [
      9.458753698431279,
      9.785584993067166
    ],
    "p68_range": [
      9.458753698431279,
      9.785584993067166
    ],
    "p95": [
      9.274853153649998,
      9.968757853135727
    ],
    "p95_range": [
      9.274853153649998,
      9.968757853135727
    ],
    "std": 0.17260424252610457
  },
  "Bulk Nafion rho": {
    "best": 4.044219839095613,
    "index": 27,
    "integer": false,
    "label": "Bulk Nafion rho",
    "mean": 4.043093714003225,
    "median": 4.0433962624868025,
    "p68": [
      4.028500648901082,
      4.058169417855405
    ],
    "p68_range": [
      4.028500648901082,
      4.058169417855405
    ],
    "p95": [
      4.0147768673648265,
      4.073078974537186
    ],
    "p95_range": [
      4.0147768673648265,
      4.073078974537186
    ],
    "std": 0.01481763306422052
  },
  "Bulk Nafion thickness": {
    "best": 175.0018083914812,
    "index": 28,
    "integer": false,
    "label": "Bulk Nafion thickness",
    "mean": 175.07275067747582,
    "median": 175.04288772106986,
    "p68": [
      175.0082649567127,
      175.14376809171702
    ],
    "p68_range": [
      175.0082649567127,
      175.14376809171702
    ],
    "p95": [
      175.00109278878855,
      175.28970753560864
    ],
    "p95_range": [
      175.00109278878855,
      175.28970753560864
    ],
    "std": 0.08123047490327918
  },
  "Grad thickness": {
    "best": 39.99719881996759,
    "index": 25,
    "integer": false,
    "label": "Grad thickness",
    "mean": 39.85694677378895,
    "median": 39.91197250132549,
    "p68": [
      39.72876552706183,
      39.983523670076494
    ],
    "p68_range": [
      39.72876552706183,
      39.983523670076494
    ],
    "p95": [
      39.43290860077583,
      39.99815399626772
    ],
    "p95_range": [
      39.43290860077583,
      39.99815399626772
    ],
    "std": 0.16427552585143318
  },
  "Grad:Nafion": {
    "best": 0.5499875195335286,
    "index": 33,
    "integer": false,
    "label": "Grad:Nafion",
    "mean": 0.549363673360051,
    "median": 0.5497222835662116,
    "p68": [
      0.5487121161695352,
      0.5499424481461702
    ],
    "p68_range": [
      0.5487121161695352,
      0.5499424481461702
    ],
    "p95": [
      0.5470530491433894,
      0.5499897490010285
    ],
    "p95_range": [
      0.5470530491433894,
      0.5499897490010285
    ],
    "std": 0.0008605219013905105
  },
  "Gradient rho": {
    "best": 3.7336979900185465,
    "index": 24,
    "integer": false,
    "label": "Gradient rho",
    "mean": 3.7353250199078176,
    "median": 3.7350211235450943,
    "p68": [
      3.7135370687456755,
      3.7570793315097135
    ],
    "p68_range": [
      3.7135370687456755,
      3.7570793315097135
    ],
    "p95": [
      3.6925190590891463,
      3.7829880595797896
    ],
    "p95_range": [
      3.6925190590891463,
      3.7829880595797896
    ],
    "std": 0.022537462958183152
  },
  "NRL1 rho": {
    "best": 2.5361977402475304,
    "index": 18,
    "integer": false,
    "label": "NRL1 rho",
    "mean": 2.5438244976474347,
    "median": 2.5400386831025337,
    "p68": [
      2.4825411371496706,
      2.613920747897865
    ],
    "p68_range": [
      2.4825411371496706,
      2.613920747897865
    ],
    "p95": [
      2.382731622519331,
      2.7260370009799977
    ],
    "p95_range": [
      2.382731622519331,
      2.7260370009799977
    ],
    "std": 0.08177566957542375
  },
  "NRL1 thickness": {
    "best": 4.306066149789722,
    "index": 19,
    "integer": false,
    "label": "NRL1 thickness",
    "mean": 4.340734795049088,
    "median": 4.311256123617658,
    "p68": [
      4.07636173706137,
      4.563218721414124
    ],
    "p68_range": [
      4.07636173706137,
      4.563218721414124
    ],
    "p95": [
      4.010352687875871,
      4.8678372317715075
    ],
    "p95_range": [
      4.010352687875871,
      4.8678372317715075
    ],
    "std": 0.2513782968806674
  },
  "NRL1:WRL2": {
    "best": 0.41300392012499876,
    "index": 30,
    "integer": false,
    "label": "NRL1:WRL2",
    "mean": 0.40953793508815645,
    "median": 0.4139909525007614,
    "p68": [
      0.3737681644673409,
      0.4445475563701532
    ],
    "p68_range": [
      0.3737681644673409,
      0.4445475563701532
    ],
    "p95": [
      0.26734385818340484,
      0.5267317181395359
    ],
    "p95_range": [
      0.26734385818340484,
      0.5267317181395359
    ],
    "std": 0.0539299424948315
  },
  "NRL2 rho": {
    "best": 3.5090462244173035,
    "index": 22,
    "integer": false,
    "label": "NRL2 rho",
    "mean": 3.50888344732672,
    "median": 3.509032741670234,
    "p68": [
      3.488742325487677,
      3.526769239167509
    ],
    "p68_range": [
      3.488742325487677,
      3.526769239167509
    ],
    "p95": [
      3.471227632892661,
      3.5514812657030226
    ],
    "p95_range": [
      3.471227632892661,
      3.5514812657030226
    ],
    "std": 0.019305882193176548
  },
  "NRL2 thickness": {
    "best": 26.291556310945904,
    "index": 23,
    "integer": false,
    "label": "NRL2 thickness",
    "mean": 26.27632327836343,
    "median": 26.266824386240295,
    "p68": [
      25.918682896408086,
      26.626780220339544
    ],
    "p68_range": [
      25.918682896408086,
      26.626780220339544
    ],
    "p95": [
      25.36529192109883,
      27.320393209567712
    ],
    "p95_range": [
      25.36529192109883,
      27.320393209567712
    ],
    "std": 0.45543179043857274
  },
  "NRL2:Grad": {
    "best": 0.35664806474016025,
    "index": 32,
    "integer": false,
    "label": "NRL2:Grad",
    "mean": 0.35759813061333373,
    "median": 0.35631442977023153,
    "p68": [
      0.330885887468328,
      0.38261870789864144
    ],
    "p68_range": [
      0.330885887468328,
      0.38261870789864144
    ],
    "p95": [
      0.2581211895531968,
      0.46395976511000636
    ],
    "p95_range": [
      0.2581211895531968,
      0.46395976511000636
    ],
    "std": 0.04456645116157328
  },
  "Permalloy interface": {
    "best": 7.563846198706108,
    "index": 9,
    "integer": false,
    "label": "Permalloy interface",
    "mean": 7.579316097601044,
    "median": 7.572967959042665,
    "p68": [
      7.398478512308908,
      7.770023845537582
    ],