{
  "Background MM": {
    "best": 4.093544982684182e-08,
    "index": 1,
    "integer": false,
    "label": "Background MM",
    "mean": 5.810253261915335e-07,
    "median": 5.496509448022546e-07,
    "p68": [
      2.6523079562686433e-07,
      8.911354233666779e-07
    ],
    "p68_range": [
      2.6523079562686433e-07,
      8.911354233666779e-07
    ],
    "p95": [
      9.328603592117774e-08,
      1.295572370801904e-06
    ],
    "p95_range": [
      9.328603592117774e-08,
      1.295572370801904e-06
    ],
    "std": 3.0770621746654356e-07
  },
  "Background PP": {
    "best": 7.292352466371708e-08,
    "index": 3,
    "integer": false,
    "label": "Background PP",
    "mean": 5.425470381060902e-07,
    "median": 4.99783890439652e-07,
    "p68": [
      2.457115445607602e-07,
      8.414155956724586e-07
    ],
    "p68_range": [
      2.457115445607602e-07,
      8.414155956724586e-07
    ],
    "p95": [
      6.781318205509761e-08,
      1.2566910750369242e-06
    ],
    "p95_range": [
      6.781318205509761e-08,
      1.2566910750369242e-06
    ],
    "std": 3.0636567933117284e-07
  },
  "Bulk Nafion interface": {
    "best": 9.80647419120689,
    "index": 26,
    "integer": false,
    "label": "Bulk Nafion interface",
    "mean": 9.325734387182802,
    "median": 9.350483673161744,
    "p68": [
      6.098774191377812,
      12.616171485302957
    ],
    "p68_range": [
      6.098774191377812,
      12.616171485302957
    ],
    "p95": [
      2.547038056197177,
      15.810533854257162
    ],
    "p95_range": [
      2.547038056197177,
      15.810533854257162
    ],
    "std": 3.272595822589795
  },
  "Bulk Nafion rho": {
    "best": 4.199944378208121,
    "index": 27,
    "integer": false,
    "label": "Bulk Nafion rho",
    "mean": 4.075347005763448,
    "median": 4.073784761944934,
    "p68": [
      3.8635172772903252,
      4.302318962696232
    ],
    "p68_range": [
      3.8635172772903252,
      4.302318962696232
    ],
    "p95": [
      3.632114162906264,
      4.5006296021921415
    ],
    "p95_range": [
      3.632114162906264,
      4.5006296021921415
    ],
    "std": 0.2214276858312563
  },
  "Bulk Nafion thickness": {
    "best": 129.5137381841959,
    "index": 28,
    "integer": false,
    "label": "Bulk Nafion thickness",
    "mean": 162.82816564239272,
    "median": 161.91520783703064,
    "p68": [
      131.08661515817485,
      194.56833490638286
    ],
    "p68_range": [
      131.08661515817485,
      194.56833490638286
    ],
    "p95": [
      111.45297060738288,
      222.59091975179282
    ],
    "p95_range": [
      111.45297060738288,
      222.59091975179282
    ],
    "std": 29.42407615986613
  },
  "Grad thickness": {
    "best": 94.30459344669038,
    "index": 25,
    "integer": false,
    "label": "Grad thickness",
    "mean": 57.061881365698554,
    "median": 54.266913488245585,
    "p68": [
      26.14775922495398,
      86.85985790698659
    ],
    "p68_range": [
      26.14775922495398,
      86.85985790698659
    ],
    "p95": [
      9.25347421292941,
      113.33697090133869
    ],
    "p95_range": [
      9.25347421292941,
      113.33697090133869
    ],
    "std": 28.146996409190585
  },
  "Grad:Nafion": {
    "best": 0.4604227952127213,
    "index": 33,
    "integer": false,
    "label": "Grad:Nafion",
    "mean": 0.3013309675939125,
    "median": 0.31223996502636203,
    "p68": [
      0.14729041542998897,
      0.4501419127952381
    ],
    "p68_range": [
      0.14729041542998897,
      0.4501419127952381
    ],
    "p95": [
      0.04514487840332837,
      0.5144652871970528
    ],
    "p95_range": [
      0.04514487840332837,
      0.5144652871970528
    ],
    "std": 0.13392685751183686
  },
  "Gradient rho": {
    "best": 3.723967878888545,
    "index": 24,
    "integer": false,
    "label": "Gradient rho",
    "mean": 3.709746078288488,
    "median": 3.7703894954944865,
    "p68": [
      3.4203907747460347,
      4.0438122480993774
    ],
    "p68_range": [
      3.4203907747460347,
      4.0438122480993774
    ],
    "p95": [
      2.5511322918914607,
      4.277043327822558
    ],
    "p95_range": [
      2.5511322918914607,
      4.277043327822558
    ],
    "std": 0.3943900831971636
  },
  "NRL1 rho": {
    "best": 3.907526035149996,
    "index": 18,
    "integer": false,
    "label": "NRL1 rho",
    "mean": 3.1367014001183717,
    "median": 3.2394662733725488,
    "p68": [
      2.5707291794566824,
      3.740935893987659
    ],
    "p68_range": [
      2.5707291794566824,
      3.740935893987659
    ],
    "p95": [
      1.192663383849569,
      4.231437568671718
    ],
    "p95_range": [
      1.192663383849569,
      4.231437568671718
    ],
    "std": 0.7090064146093923
  },
  "NRL1 thickness": {
    "best": 19.945619817088577,
    "index": 19,
    "integer": false,
    "label": "NRL1 thickness",
    "mean": 16.609184236259207,
    "median": 15.132333821310166,
    "p68": [
      7.430863704332678,
      27.03385839580652
    ],
    "p68_range": [
      7.430863704332678,
      27.03385839580652
    ],
    "p95": [
      3.3986366590611654,
      34.518407112339816
    ],
    "p95_range": [
      3.3986366590611654,
      34.518407112339816
    ],
    "std": 8.837408343753795
  },
  "NRL1:WRL2": {
    "best": 0.3950221149462172,
    "index": 30,
    "integer": false,
    "label": "NRL1:WRL2",
    "mean": 0.29873221954688306,
    "median": 0.3008548268311842,
    "p68": [
      0.1444025749524006,
      0.44979189483756066
    ],
    "p68_range": [
      0.1444025749524006,
      0.44979189483756066
    ],
    "p95": [
      0.034480488122609114,
      0.5216926818676942
    ],
    "p95_range": [
      0.034480488122609114,
      0.5216926818676942
    ],
    "std": 0.13804402077638367
  },
  "NRL2 rho": {
    "best": 3.702466218922935,
    "index": 22,
    "integer": false,
    "label": "NRL2 rho",
    "mean": 3.3404364775842996,
    "median": 3.4184448808621206,
    "p68": [
      2.8728623518483287,
      3.8932372705126044
    ],
    "p68_range": [
      2.8728623518483287,
      3.8932372705126044
    ],
    "p95": [
      1.8078948394211294,
      4.301172040623659
    ],
    "p95_range": [
      1.8078948394211294,
      4.301172040623659
    ],
    "std": 0.5928513710570108
  },
  "NRL2 thickness": {
    "best": 23.21872569433236,
    "index": 23,
    "integer": false,
    "label": "NRL2 thickness",
    "mean": 18.08613007520321,
    "median": 17.32696642985604,
    "p68": [
      8.02511093883913,
      28.79608927376068
    ],
    "p68_range": [
      8.02511093883913,
      28.79608927376068
    ],
    "p95": [
      3.25474912243166,
      35.96138988697508
    ],
    "p95_range": [
      3.25474912243166,
      35.96138988697508
    ],
    "std": 9.20310301168833
  },
  "NRL2:Grad": {
    "best": 0.37074070048697627,
    "index": 32,
    "integer": false,
    "label": "NRL2:Grad",
    "mean": 0.2787249877234811,
    "median": 0.2798598369184766,
    "p68": [
      0.12271401780154478,
      0.4293503930952562
    ],
    "p68_range": [
      0.12271401780154478,
      0.4293503930952562
    ],
    "p95": [
      0.034914539626158925,
      0.5164469324775655
    ],
    "p95_range": [
      0.034914539626158925,
      0.5164469324775655
    ],
    "std": 0.1370757557989737
  },
  "Permalloy interface": {
    "best": 7.438161006630624,
    "index": 9,
    "integer": false,
    "label": "Permalloy interface",
    "mean": 8.917467575033085,
    "median": 8.653169965551367,
    "p68": [
      4.846998771075199,
      13.099576559503127
    ],