{
  "Interfacial thickness": {
    "best": 70.50267364016976,
    "index": 18,
    "integer": false,
    "label": "Interfacial thickness",
    "mean": 69.94432665315512,
    "median": 70.54725869120253,
    "p68": [
      67.29902169484562,
      71.84567363269102
    ],
    "p68_range": [
      67.29902169484562,
      71.84567363269102
    ],
    "p95": [
      64.77749825410626,
      74.17866386021093
    ],
    "p95_range": [
      64.77749825410626,
      74.17866386021093
    ],
    "std": 2.3886000336470246
  },
  "Interfacial z[0]": {
    "best": 0.14123366837822326,
    "index": 19,
    "integer": false,
    "label": "Interfacial z[0]",
    "mean": 0.15512389721258962,
    "median": 0.15676017493580927,
    "p68": [
      0.14214661662952904,
      0.16607656035475588
    ],
    "p68_range": [
      0.14214661662952904,
      0.16607656035475588
    ],
    "p95": [
      0.12491815004854251,
      0.1909551926252379
    ],
    "p95_range": [
      0.12491815004854251,
      0.1909551926252379
    ],
    "std": 0.014764364565971666
  },
  "Interfacial z[1]": {
    "best": 0.11776472781580923,
    "index": 20,
    "integer": false,
    "label": "Interfacial z[1]",
    "mean": 0.1452346012146044,
    "median": 0.15053716775207246,
    "p68": [
      0.1241491644430857,
      0.15937975731435783
    ],
    "p68_range": [
      0.1241491644430857,
      0.15937975731435783
    ],
    "p95": [
      0.09869243036721277,
      0.18124089134704485
    ],
    "p95_range": [
      0.09869243036721277,
      0.18124089134704485
    ],
    "std": 0.019954320501633906
  },
  "Interfacial z[2]": {
    "best": 0.15239453156654192,
    "index": 21,
    "integer": false,
    "label": "Interfacial z[2]",
    "mean": 0.4479333480884429,
    "median": 0.42696224620018786,
    "p68": [
      0.3850548366447015,
      0.5492984688746931
    ],
    "p68_range": [
      0.3850548366447015,
      0.5492984688746931
    ],
    "p95": [
      0.20560382146724226,
      0.6300179053997379
    ],
    "p95_range": [
      0.20560382146724226,
      0.6300179053997379
    ],
    "std": 0.10022209622134201
  },
  "Interfacial z[3]": {
    "best": 0.6211323062607818,
    "index": 22,
    "integer": false,
    "label": "Interfacial z[3]",
    "mean": 0.5880013873749554,
    "median": 0.594219727799705,
    "p68": [
      0.5585554702318114,
      0.6098288511394607
    ],
    "p68_range": [
      0.5585554702318114,
      0.6098288511394607
    ],
    "p95": [
      0.5114418831753962,
      0.6529616190458923
    ],
    "p95_range": [
      0.5114418831753962,
      0.6529616190458923
    ],
    "std": 0.03324623572902605
  },
  "Interfacial z[4]": {
    "best": 0.6035705339694611,
    "index": 23,
    "integer": false,
    "label": "Interfacial z[4]",
    "mean": 0.6003223324848428,
    "median": 0.6105773257488182,
    "p68": [
      0.5640426793397268,
      0.632020266488234
    ],
    "p68_range": [
      0.5640426793397268,
      0.632020266488234
    ],
    "p95": [
      0.4814289589296655,
      0.673234780341053
    ],
    "p95_range": [
      0.4814289589296655,
      0.673234780341053
    ],
    "std": 0.0461894919146543
  },
  "Interfacial z[5]": {
    "best": 0.9703694512713913,
    "index": 24,
    "integer": false,
    "label": "Interfacial z[5]",
    "mean": 0.8818959067133243,
    "median": 0.8792582256850462,
    "p68": [
      0.8293745480568397,
      0.9445415321723495
    ],
    "p68_range": [
      0.8293745480568397,
      0.9445415321723495
    ],
    "p95": [
      0.7424193248766919,
      0.990288769930533
    ],
    "p95_range": [
      0.7424193248766919,
      0.990288769930533
    ],
    "std": 0.060994808669844365
  },
  "Interfacial z[6]": {
    "best": 0.8115575635109498,
    "index": 25,
    "integer": false,
    "label": "Interfacial z[6]",
    "mean": 0.850905521551103,
    "median": 0.8614043372182746,
    "p68": [
      0.7781629795982379,
      0.932667591327727
    ],
    "p68_range": [
      0.7781629795982379,
      0.932667591327727
    ],
    "p95": [
      0.6169474645942894,
      0.9827266209559364
    ],
    "p95_range": [
      0.6169474645942894,
      0.9827266209559364
    ],
    "std": 0.0887060433355165
  },
  "Nafion interface": {
    "best": 9.196318217781334,
    "index": 26,
    "integer": false,
    "label": "Nafion interface",
    "mean": 8.381577051309344,
    "median": 8.43752284449358,
    "p68": [
      7.276751807457407,
      9.476088059642368
    ],
    "p68_range": [
      7.276751807457407,
      9.476088059642368
    ],
    "p95": [
      5.5995272961993985,
      10.950305108715021
    ],
    "p95_range": [
      5.5995272961993985,
      10.950305108715021
    ],
    "std": 1.2034490091443446
  },
  "Nafion rho": {
    "best": 4.07512564231488,
    "index": 17,
    "integer": false,
    "label": "Nafion rho",
    "mean": 4.069581019762195,
    "median": 4.078021349925693,
    "p68": [
      3.9944069324189058,
      4.140584082265644
    ],
    "p68_range": [
      3.9944069324189058,
      4.140584082265644
    ],
    "p95": [
      3.901615204835966,
      4.206606828286224
    ],
    "p95_range": [
      3.901615204835966,
      4.206606828286224
    ],
    "std": 0.07741614283715599
  },
  "Nafion thickness": {
    "best": 218.63243371082345,
    "index": 27,
    "integer": false,
    "label": "Nafion thickness",
    "mean": 217.47058575652932,
    "median": 216.99748330524787,
    "p68": [
      215.58029056119952,
      219.729571751614
    ],
    "p68_range": [
      215.58029056119952,
      219.729571751614
    ],
    "p95": [
      213.80487627952655,
      222.62028155249575
    ],
    "p95_range": [
      213.80487627952655,
      222.62028155249575
    ],
    "std": 2.245549376635817
  },
  "Permalloy interface": {
    "best": 6.6697946965570205,
    "index": 10,
    "integer": false,
    "label": "Permalloy interface",
    "mean": 9.35331790558976,
    "median": 9.536256610358611,
    "p68": [
      8.041690067847329,
      10.669037438810005
    ],
    "p68_range": [
      8.041690067847329,
      10.669037438810005
    ],
    "p95": [
      5.9249861714369025,
      12.018095499187192
    ],
    "p95_range": [
      5.9249861714369025,
      12.018095499187192
    ],
    "std": 1.4568169584103818
  },
  "Permalloy rho": {
    "best": 9.236258296027417,
    "index": 12,
    "integer": false,
    "label": "Permalloy rho",
    "mean": 9.395115590543258,
    "median": 9.426347503491007,
    "p68": [
      9.281708142703726,
      9.496734341575769
    ],
    "p68_range": [
      9.281708142703726,
      9.496734341575769
    ],
    "p95": [
      9.108494776277546,
      9.55970755335366
    ],
    "p95_range": [
      9.108494776277546,
      9.55970755335366
    ],
    "std": 0.11634980566484018
  },
  "Permalloy rhoM": {
    "best": 1.8953428121064864,
    "index": 11,
    "integer": false,
    "label": "Permalloy rhoM",
    "mean": 1.8988521018167597,
    "median": 1.9071594300899133,
    "p68": [
      1.841946264644094,
      1.9474047576716242
    ],
    "p68_range": [
      1.841946264644094,
      1.9474047576716242
    ],
    "p95": [
      1.759016790892082,
      2.009080244832437
    ],
    "p95_range": [
      1.759016790892082,
      2.009080244832437
    ],
    "std": 0.058778895770968134
  },
  "Permalloy thickness": {
    "best": 107.88200848489772,
    "index": 13,
    "integer": false,
    "label": "Permalloy thickness",
    "mean": 106.61399576919047,
    "median": 106.28876687587163,
    "p68": [
      105.65086113691665,
      107.82136637179367
    ],