{
  "Permalloy interface": {
    "best": 6.603003682775143,
    "index": 8,
    "integer": false,
    "label": "Permalloy interface",
    "mean": 6.603853031443515,
    "median": 6.603604527920173,
    "p68": [
      6.591419522507022,
      6.616553168689154
    ],
    "p68_range": [
      6.591419522507022,
      6.616553168689154
    ],
    "p95": [
      6.578512409243795,
      6.629466258891061
    ],
    "p95_range": [
      6.578512409243795,
      6.629466258891061
    ],
    "std": 0.01280000833171243
  },
  "Permalloy irho": {
    "best": 2.9040196003597902,
    "index": 9,
    "integer": false,
    "label": "Permalloy irho",
    "mean": 2.906793839503446,
    "median": 2.910008374425265,
    "p68": [
      2.705850970999805,
      3.1023386882282864
    ],
    "p68_range": [
      2.705850970999805,
      3.1023386882282864
    ],
    "p95": [
      2.5069856621932844,
      3.302880520778924
    ],
    "p95_range": [
      2.5069856621932844,
      3.302880520778924
    ],
    "std": 0.20195243442569794
  },
  "Permalloy rho": {
    "best": 66.07009207747569,
    "index": 10,
    "integer": false,
    "label": "Permalloy rho",
    "mean": 66.05202074043164,
    "median": 66.05014721968026,
    "p68": [
      65.88017856045347,
      66.22636740648099
    ],
    "p68_range": [
      65.88017856045347,
      66.22636740648099
    ],
    "p95": [
      65.70893543487969,
      66.38990319389306
    ],
    "p95_range": [
      65.70893543487969,
      66.38990319389306
    ],
    "std": 0.1750071086225762
  },
  "Permalloy thickness": {
    "best": 108.0912415459924,
    "index": 11,
    "integer": false,
    "label": "Permalloy thickness",
    "mean": 108.0947672745139,
    "median": 108.09614505842647,
    "p68": [
      108.06166166566248,
      108.12706234111147
    ],
    "p68_range": [
      108.06166166566248,
      108.12706234111147
    ],
    "p95": [
      108.02866949069737,
      108.15579232290851
    ],
    "p95_range": [
      108.02866949069737,
      108.15579232290851
    ],
    "std": 0.032633813633957204
  },
  "Pt interface": {
    "best": 3.711311812034208,
    "index": 12,
    "integer": false,
    "label": "Pt interface",
    "mean": 3.711451633014237,
    "median": 3.711459941570362,
    "p68": [
      3.7095890892172925,
      3.71334547286422
    ],
    "p68_range": [
      3.7095890892172925,
      3.71334547286422
    ],
    "p95": [
      3.707649436914623,
      3.715311994475299
    ],
    "p95_range": [
      3.707649436914623,
      3.715311994475299
    ],
    "std": 0.0019309753345111377
  },
  "Pt irho": {
    "best": 12.241504411251677,
    "index": 13,
    "integer": false,
    "label": "Pt irho",
    "mean": 12.246496596885493,
    "median": 12.24444660753578,
    "p68": [
      12.166085740114967,
      12.330497329379906
    ],
    "p68_range": [
      12.166085740114967,
      12.330497329379906
    ],
    "p95": [
      12.079068868862814,
      12.412288509108746
    ],
    "p95_range": [
      12.079068868862814,
      12.412288509108746
    ],
    "std": 0.08419449769293454
  },
  "Pt rho": {
    "best": 132.4954875271028,
    "index": 14,
    "integer": false,
    "label": "Pt rho",
    "mean": 132.4903670329675,
    "median": 132.48582923553883,
    "p68": [
      132.37041109747068,
      132.6109584004934
    ],
    "p68_range": [
      132.37041109747068,
      132.6109584004934
    ],
    "p95": [
      132.25801011535395,
      132.74924051026656
    ],
    "p95_range": [
      132.25801011535395,
      132.74924051026656
    ],
    "std": 0.1232527528277402
  },
  "Pt thickness": {
    "best": 49.5402541261109,
    "index": 15,
    "integer": false,
    "label": "Pt thickness",
    "mean": 49.53896978030423,
    "median": 49.538633985293565,
    "p68": [
      49.52002967932747,
      49.55805320961627
    ],
    "p68_range": [
      49.52002967932747,
      49.55805320961627
    ],
    "p95": [
      49.50226670715819,
      49.57670041707954
    ],
    "p95_range": [
      49.50226670715819,
      49.57670041707954
    ],
    "std": 0.019200728581816068
  },
  "SiOx interface": {
    "best": 3.3224867902843935,
    "index": 4,
    "integer": false,
    "label": "SiOx interface",
    "mean": 3.322192112101659,
    "median": 3.322154983594423,
    "p68": [
      3.311581047504459,
      3.33290082661002
    ],
    "p68_range": [
      3.311581047504459,
      3.33290082661002
    ],
    "p95": [
      3.300193659242811,
      3.343805148775669
    ],
    "p95_range": [
      3.300193659242811,
      3.343805148775669
    ],
    "std": 0.010909977189854685
  },
  "SiOx irho": {
    "best": 6.435805605934679,
    "index": 5,
    "integer": false,
    "label": "SiOx irho",
    "mean": 6.405139997922584,
    "median": 6.418409863187488,
    "p68": [
      5.997653797391967,
      6.804693210873901
    ],
    "p68_range": [
      5.997653797391967,
      6.804693210873901
    ],
    "p95": [
      5.619750479969773,
      7.173848108517532
    ],
    "p95_range": [
      5.619750479969773,
      7.173848108517532
    ],
    "std": 0.4024260228544187
  },
  "SiOx rho": {
    "best": 30.370660245649148,
    "index": 6,
    "integer": false,
    "label": "SiOx rho",
    "mean": 30.356035984989084,
    "median": 30.35917605891279,
    "p68": [
      30.098338045525008,
      30.60644453912464
    ],
    "p68_range": [
      30.098338045525008,
      30.60644453912464
    ],
    "p95": [
      29.881867866803855,
      30.8503423268407
    ],
    "p95_range": [
      29.881867866803855,
      30.8503423268407
    ],
    "std": 0.24986794244735105
  },
  "SiOx thickness": {
    "best": 29.31539222738477,
    "index": 7,
    "integer": false,
    "label": "SiOx thickness",
    "mean": 29.37996312393511,
    "median": 29.3614249130913,
    "p68": [
      27.691430330970448,
      31.03884134384716
    ],
    "p68_range": [
      27.691430330970448,
      31.03884134384716
    ],
    "p95": [
      26.105791564859718,
      32.68955447278723
    ],
    "p95_range": [
      26.105791564859718,
      32.68955447278723
    ],
    "std": 1.6633357567336131
  },
  "Silicon interface": {
    "best": 17.334532337500423,
    "index": 3,
    "integer": false,
    "label": "Silicon interface",
    "mean": 17.406237987094364,
    "median": 17.407184235364806,
    "p68": [
      16.835790934136554,
      17.954063665297323
    ],
    "p68_range": [
      16.835790934136554,
      17.954063665297323
    ],
    "p95": [
      16.403050614035184,
      18.546229212353328
    ],
    "p95_range": [
      16.403050614035184,
      18.546229212353328
    ],
    "std": 0.5506439897038403
  },
  "background R1XRR": {
    "best": 2.6642178109722347e-08,
    "index": 1,
    "integer": false,
    "label": "background R1XRR",
    "mean": 2.6609542207577588e-08,
    "median": 2.659953746612195e-08,
    "p68": [
      2.5738038041600214e-08,
      2.7491738122166164e-08
    ],
    "p68_range": [
      2.5738038041600214e-08,
      2.7491738122166164e-08
    ],
    "p95": [
      2.4920739749368928e-08,
      2.8326919529003346e-08
    ],
    "p95_range": [
      2.4920739749368928e-08,
      2.8326919529003346e-08
    ],
    "std": 8.743742988155131e-10
  },
  "intensity R1XRR": {
    "best": 1.086722720862039,
    "index": 2,
    "integer": false,
    "label": "intensity R1XRR",
    "mean": 1.0869238776466077,
    "median": 1.0869922425387095,
    "p68": [
      1.0843614769183687,
      1.0895698686357242
    ],
    "p68_range": [
      1.0843614769183687,
      1.0895698686357242
    ],
    "p95": [
      1.0816999258987037,
      1.0919594792653584
    ],