{
  "Interfacial thickness": {
    "best": 91.88148573398671,
    "index": 18,
    "integer": false,
    "label": "Interfacial thickness",
    "mean": 91.32554213263766,
    "median": 91.43753236142545,
    "p68": [
      90.65918754604029,
      91.8624861659077
    ],
    "p68_range": [
      90.65918754604029,
      91.8624861659077
    ],
    "p95": [
      89.63234083510768,
      92.65884088727826
    ],
    "p95_range": [
      89.63234083510768,
      92.65884088727826
    ],
    "std": 0.7368266594371143
  },
  "Interfacial z[0]": {
    "best": 0.17816577657436194,
    "index": 19,
    "integer": false,
    "label": "Interfacial z[0]",
    "mean": 0.18439195034598052,
    "median": 0.18545699718021647,
    "p68": [
      0.17818983961019377,
      0.1910158039406985
    ],
    "p68_range": [
      0.17818983961019377,
      0.1910158039406985
    ],
    "p95": [
      0.16386308942424846,
      0.1995829806566768
    ],
    "p95_range": [
      0.16386308942424846,
      0.1995829806566768
    ],
    "std": 0.008099443579411818
  },
  "Interfacial z[1]": {
    "best": 0.16650635606245162,
    "index": 20,
    "integer": false,
    "label": "Interfacial z[1]",
    "mean": 0.18380184077481726,
    "median": 0.18883500680514756,
    "p68": [
      0.16724692502615243,
      0.19485199779510745
    ],
    "p68_range": [
      0.16724692502615243,
      0.19485199779510745
    ],
    "p95": [
      0.15200757688329689,
      0.20119656785648857
    ],
    "p95_range": [
      0.15200757688329689,
      0.20119656785648857
    ],
    "std": 0.013621542041456807
  },
  "Interfacial z[2]": {
    "best": 0.33216069205845544,
    "index": 21,
    "integer": false,
    "label": "Interfacial z[2]",
    "mean": 0.32719720102295763,
    "median": 0.32569663921088293,
    "p68": [
      0.32510324407277263,
      0.3302031542054059
    ],
    "p68_range": [
      0.32510324407277263,
      0.3302031542054059
    ],
    "p95": [
      0.3241016221814936,
      0.3353770366439202
    ],
    "p95_range": [
      0.3241016221814936,
      0.3353770366439202
    ],
    "std": 0.0031517777557715124
  },
  "Interfacial z[3]": {
    "best": 0.33124632900271295,
    "index": 22,
    "integer": false,
    "label": "Interfacial z[3]",
    "mean": 0.3270768108454583,
    "median": 0.3257151904084936,
    "p68": [
      0.3251000774009169,
      0.3298352002286645
    ],
    "p68_range": [
      0.3251000774009169,
      0.3298352002286645
    ],
    "p95": [
      0.32407519755550135,
      0.3346187095097053
    ],
    "p95_range": [
      0.32407519755550135,
      0.3346187095097053
    ],
    "std": 0.0029882969175019833
  },
  "Interfacial z[4]": {
    "best": 0.8769151211511197,
    "index": 23,
    "integer": false,
    "label": "Interfacial z[4]",
    "mean": 0.8881231183258838,
    "median": 0.8892339453994755,
    "p68": [
      0.8844394861227995,
      0.8913848525942472
    ],
    "p68_range": [
      0.8844394861227995,
      0.8913848525942472
    ],
    "p95": [
      0.8720362487855097,
      0.8988010759745133
    ],
    "p95_range": [
      0.8720362487855097,
      0.8988010759745133
    ],
    "std": 0.00606743487652625
  },
  "Interfacial z[5]": {
    "best": 0.8697889515197718,
    "index": 24,
    "integer": false,
    "label": "Interfacial z[5]",
    "mean": 0.8871031074928616,
    "median": 0.8885598252935449,
    "p68": [
      0.8782227041031994,
      0.894880985825796
    ],
    "p68_range": [
      0.8782227041031994,
      0.894880985825796
    ],
    "p95": [
      0.8611255284903935,
      0.9092586220750961
    ],
    "p95_range": [
      0.8611255284903935,
      0.9092586220750961
    ],
    "std": 0.010971096284576138
  },
  "Interfacial z[6]": {
    "best": 0.9054651973783853,
    "index": 25,
    "integer": false,
    "label": "Interfacial z[6]",
    "mean": 0.8920262677189987,
    "median": 0.8904226527371647,
    "p68": [
      0.8846437720878741,
      0.8998736924952123
    ],
    "p68_range": [
      0.8846437720878741,
      0.8998736924952123
    ],
    "p95": [
      0.872740119770567,
      0.9164765722111851
    ],
    "p95_range": [
      0.872740119770567,
      0.9164765722111851
    ],
    "std": 0.009845457447124898
  },
  "Nafion interface": {
    "best": 7.588051463372401,
    "index": 26,
    "integer": false,
    "label": "Nafion interface",
    "mean": 7.163382331782798,
    "median": 7.1278802372735655,
    "p68": [
      6.94399695109128,
      7.407191352655759
    ],
    "p68_range": [
      6.94399695109128,
      7.407191352655759
    ],
    "p95": [
      6.664993552124007,
      7.778489943673289
    ],
    "p95_range": [
      6.664993552124007,
      7.778489943673289
    ],
    "std": 0.26449757119871703
  },
  "Nafion rho": {
    "best": 4.432017986136024,
    "index": 17,
    "integer": false,
    "label": "Nafion rho",
    "mean": 4.4195904048816965,
    "median": 4.417620295471303,
    "p68": [
      4.407379374785734,
      4.434717858838193
    ],
    "p68_range": [
      4.407379374785734,
      4.434717858838193
    ],
    "p95": [
      4.387726326347661,
      4.454707403477989
    ],
    "p95_range": [
      4.387726326347661,
      4.454707403477989
    ],
    "std": 0.01613958402561047
  },
  "Nafion thickness": {
    "best": 248.26616911620368,
    "index": 27,
    "integer": false,
    "label": "Nafion thickness",
    "mean": 249.45217414413963,
    "median": 249.5271900389961,
    "p68": [
      248.90325530272472,
      250.0012486213842
    ],
    "p68_range": [
      248.90325530272472,
      250.0012486213842
    ],
    "p95": [
      247.74439755832125,
      250.74128980054724
    ],
    "p95_range": [
      247.74439755832125,
      250.74128980054724
    ],
    "std": 0.6921838186223948
  },
  "Permalloy interface": {
    "best": 7.157954044918478,
    "index": 10,
    "integer": false,
    "label": "Permalloy interface",
    "mean": 7.655456887830316,
    "median": 7.77495576503864,
    "p68": [
      7.349654514423383,
      7.8872116273771935
    ],
    "p68_range": [
      7.349654514423383,
      7.8872116273771935
    ],
    "p95": [
      6.851924180450197,
      8.083598157922435
    ],
    "p95_range": [
      6.851924180450197,
      8.083598157922435
    ],
    "std": 0.32137967571705683
  },
  "Permalloy rho": {
    "best": 8.969554533536547,
    "index": 12,
    "integer": false,
    "label": "Permalloy rho",
    "mean": 9.001579353782455,
    "median": 9.007379265353828,
    "p68": [
      8.9621445266454,
      9.035983338383575
    ],
    "p68_range": [
      8.9621445266454,
      9.035983338383575
    ],
    "p95": [
      8.92598454243154,
      9.049457328952952
    ],
    "p95_range": [
      8.92598454243154,
      9.049457328952952
    ],
    "std": 0.03416887223038937
  },
  "Permalloy rhoM": {
    "best": 1.8351107072982693,
    "index": 11,
    "integer": false,
    "label": "Permalloy rhoM",
    "mean": 1.876859002511853,
    "median": 1.8776537743847665,
    "p68": [
      1.8650689247717338,
      1.8879237403442404
    ],
    "p68_range": [
      1.8650689247717338,
      1.8879237403442404
    ],
    "p95": [
      1.8471038010265195,
      1.9034887880109963
    ],
    "p95_range": [
      1.8471038010265195,
      1.9034887880109963
    ],
    "std": 0.013215142410260195
  },
  "Permalloy thickness": {
    "best": 109.13889390964421,
    "index": 13,
    "integer": false,
    "label": "Permalloy thickness",
    "mean": 109.416237389896,
    "median": 109.381903099707,
    "p68": [
      109.19161880313719,
      109.66617907849576
    ],