{
  "Interfacial thickness": {
    "best": 25.083221694115586,
    "index": 18,
    "integer": false,
    "label": "Interfacial thickness",
    "mean": 25.192954366885413,
    "median": 25.09956332189527,
    "p68": [
      24.81058817874967,
      25.654101529386875
    ],
    "p68_range": [
      24.81058817874967,
      25.654101529386875
    ],
    "p95": [
      24.188653110892393,
      26.584470712843267
    ],
    "p95_range": [
      24.188653110892393,
      26.584470712843267
    ],
    "std": 0.5789983558608129
  },
  "Interfacial z[0]": {
    "best": 0.21327039732687997,
    "index": 19,
    "integer": false,
    "label": "Interfacial z[0]",
    "mean": 0.20821332122992378,
    "median": 0.21269006679381827,
    "p68": [
      0.19666014010729105,
      0.22118595037020153
    ],
    "p68_range": [
      0.19666014010729105,
      0.22118595037020153
    ],
    "p95": [
      0.14425504233266787,
      0.24287925394164167
    ],
    "p95_range": [
      0.14425504233266787,
      0.24287925394164167
    ],
    "std": 0.021709691983429237
  },
  "Interfacial z[1]": {
    "best": 0.09433667922927914,
    "index": 20,
    "integer": false,
    "label": "Interfacial z[1]",
    "mean": 0.09507553468543704,
    "median": 0.09473019499230001,
    "p68": [
      0.0900126230569738,
      0.09987488609401265
    ],
    "p68_range": [
      0.0900126230569738,
      0.09987488609401265
    ],
    "p95": [
      0.08075824125987187,
      0.1115619489343942
    ],
    "p95_range": [
      0.08075824125987187,
      0.1115619489343942
    ],
    "std": 0.007137007278244072
  },
  "Interfacial z[2]": {
    "best": 0.13840488372961043,
    "index": 21,
    "integer": false,
    "label": "Interfacial z[2]",
    "mean": 0.13818898833803023,
    "median": 0.1385918771131372,
    "p68": [
      0.1326395495477558,
      0.14386653806900823
    ],
    "p68_range": [
      0.1326395495477558,
      0.14386653806900823
    ],
    "p95": [
      0.11923360271686692,
      0.15317190248188103
    ],
    "p95_range": [
      0.11923360271686692,
      0.15317190248188103
    ],
    "std": 0.00827223546731774
  },
  "Interfacial z[3]": {
    "best": 0.9834648215114098,
    "index": 22,
    "integer": false,
    "label": "Interfacial z[3]",
    "mean": 0.9833818853461832,
    "median": 0.9836732358626212,
    "p68": [
      0.9806300636916682,
      0.986200877461799
    ],
    "p68_range": [
      0.9806300636916682,
      0.986200877461799
    ],
    "p95": [
      0.9760337085943104,
      0.9898185702472138
    ],
    "p95_range": [
      0.9760337085943104,
      0.9898185702472138
    ],
    "std": 0.0035667785162051694
  },
  "Interfacial z[4]": {
    "best": 0.9997381024254903,
    "index": 23,
    "integer": false,
    "label": "Interfacial z[4]",
    "mean": 0.9997283150925883,
    "median": 0.9997446625724695,
    "p68": [
      0.9996290893031762,
      0.9998423730697488
    ],
    "p68_range": [
      0.9996290893031762,
      0.9998423730697488
    ],
    "p95": [
      0.999420220430511,
      0.9999042596039859
    ],
    "p95_range": [
      0.999420220430511,
      0.9999042596039859
    ],
    "std": 0.0001226014573361302
  },
  "Nafion interface": {
    "best": 6.595578238656736,
    "index": 24,
    "integer": false,
    "label": "Nafion interface",
    "mean": 6.602745865825134,
    "median": 6.595130032804372,
    "p68": [
      6.531736458751424,
      6.681273032642311
    ],
    "p68_range": [
      6.531736458751424,
      6.681273032642311
    ],
    "p95": [
      6.373250242836873,
      6.83340824037202
    ],
    "p95_range": [
      6.373250242836873,
      6.83340824037202
    ],
    "std": 0.10341164109280647
  },
  "Nafion rho": {
    "best": 4.32594108130798,
    "index": 17,
    "integer": false,
    "label": "Nafion rho",
    "mean": 4.327773290931227,
    "median": 4.327652655294874,
    "p68": [
      4.321856890871435,
      4.333424973800438
    ],
    "p68_range": [
      4.321856890871435,
      4.333424973800438
    ],
    "p95": [
      4.316564864435599,
      4.339478681589195
    ],
    "p95_range": [
      4.316564864435599,
      4.339478681589195
    ],
    "std": 0.005819586246461591
  },
  "Nafion thickness": {
    "best": 299.60137089038557,
    "index": 25,
    "integer": false,
    "label": "Nafion thickness",
    "mean": 299.47803907284214,
    "median": 299.55513705524146,
    "p68": [
      299.05157455042337,
      299.8479591061901
    ],
    "p68_range": [
      299.05157455042337,
      299.8479591061901
    ],
    "p95": [
      298.2413675762185,
      300.3406212304602
    ],
    "p95_range": [
      298.2413675762185,
      300.3406212304602
    ],
    "std": 0.5281231301851861
  },
  "Permalloy interface": {
    "best": 6.372269590382235,
    "index": 10,
    "integer": false,
    "label": "Permalloy interface",
    "mean": 6.384624592002515,
    "median": 6.379238978319509,
    "p68": [
      6.273446444027562,
      6.513585586054163
    ],
    "p68_range": [
      6.273446444027562,
      6.513585586054163
    ],
    "p95": [
      6.054321662020306,
      6.69663324363669
    ],
    "p95_range": [
      6.054321662020306,
      6.69663324363669
    ],
    "std": 0.1384953666369103
  },
  "Permalloy rho": {
    "best": 8.858599940486405,
    "index": 12,
    "integer": false,
    "label": "Permalloy rho",
    "mean": 8.85878231827244,
    "median": 8.859564940573385,
    "p68": [
      8.848848240219255,
      8.867771098504404
    ],
    "p68_range": [
      8.848848240219255,
      8.867771098504404
    ],
    "p95": [
      8.839052613680108,
      8.874388272748849
    ],
    "p95_range": [
      8.839052613680108,
      8.874388272748849
    ],
    "std": 0.009340867900160782
  },
  "Permalloy rhoM": {
    "best": 1.8644805002889164,
    "index": 11,
    "integer": false,
    "label": "Permalloy rhoM",
    "mean": 1.8647640207565273,
    "median": 1.8646244210975254,
    "p68": [
      1.8583406366942832,
      1.8712803838220846
    ],
    "p68_range": [
      1.8583406366942832,
      1.8712803838220846
    ],
    "p95": [
      1.8518855388028796,
      1.879766041747959
    ],
    "p95_range": [
      1.8518855388028796,
      1.879766041747959
    ],
    "std": 0.006818964998494874
  },
  "Permalloy thickness": {
    "best": 109.25310083641168,
    "index": 13,
    "integer": false,
    "label": "Permalloy thickness",
    "mean": 109.29684028962836,
    "median": 109.28415619974268,
    "p68": [
      109.18693948664551,
      109.42022765293709
    ],
    "p68_range": [
      109.18693948664551,
      109.42022765293709
    ],
    "p95": [
      109.07718371375763,
      109.5560020260659
    ],
    "p95_range": [
      109.07718371375763,
      109.5560020260659
    ],
    "std": 0.1190326883856986
  },
  "Platinum interface": {
    "best": 1.991106823573136,
    "index": 14,
    "integer": false,
    "label": "Platinum interface",
    "mean": 1.9950801694800464,
    "median": 1.9883918336173814,
    "p68": [
      1.868602608351229,
      2.1181896524538635
    ],
    "p68_range": [
      1.868602608351229,
      2.1181896524538635
    ],
    "p95": [
      1.5084632584672615,
      2.5239078673609314
    ],
    "p95_range": [
      1.5084632584672615,
      2.5239078673609314
    ],
    "std": 0.23140755339959113
  },
  "Platinum rho": {
    "best": 6.488852383125184,
    "index": 15,
    "integer": false,
    "label": "Platinum rho",
    "mean": 6.484262029015549,
    "median": 6.485380287806333,
    "p68": [
      6.471634096056416,
      6.496025675392833
    ],