{
  "Nafion thickness": {
    "best": 323.44348850026483,
    "index": 14,
    "integer": false,
    "label": "Nafion thickness",
    "mean": 324.4209135761183,
    "median": 324.240834731653,
    "p68": [
      323.19195704599764,
      325.87550547910394
    ],
    "p68_range": [
      323.19195704599764,
      325.87550547910394
    ],
    "p95": [
      322.02458598933526,
      327.92000344828966
    ],
    "p95_range": [
      322.02458598933526,
      327.92000344828966
    ],
    "std": 1.4594549044844638
  },
  "Nafion z[0]": {
    "best": 0.030266521895359628,
    "index": 15,
    "integer": false,
    "label": "Nafion z[0]",
    "mean": 0.02655905193917221,
    "median": 0.027345087444024918,
    "p68": [
      0.016772577007418264,
      0.03559557125647198
    ],
    "p68_range": [
      0.016772577007418264,
      0.03559557125647198
    ],
    "p95": [
      0.009577982352792377,
      0.04193570865953638
    ],
    "p95_range": [
      0.009577982352792377,
      0.04193570865953638
    ],
    "std": 0.008756533775404753
  },
  "Nafion z[1]": {
    "best": 0.01590875854969145,
    "index": 16,
    "integer": false,
    "label": "Nafion z[1]",
    "mean": 0.023289995734161087,
    "median": 0.02361347506635894,
    "p68": [
      0.016419102996798583,
      0.029746968939727704
    ],
    "p68_range": [
      0.016419102996798583,
      0.029746968939727704
    ],
    "p95": [
      0.009644125386299343,
      0.035443846397998885
    ],
    "p95_range": [
      0.009644125386299343,
      0.035443846397998885
    ],
    "std": 0.006581046469137997
  },
  "Nafion z[2]": {
    "best": 0.4877894692820737,
    "index": 17,
    "integer": false,
    "label": "Nafion z[2]",
    "mean": 0.5177322884389968,
    "median": 0.5166529160149255,
    "p68": [
      0.48653485672431046,
      0.5514916891046397
    ],
    "p68_range": [
      0.48653485672431046,
      0.5514916891046397
    ],
    "p95": [
      0.45779471529392535,
      0.592095241097866
    ],
    "p95_range": [
      0.45779471529392535,
      0.592095241097866
    ],
    "std": 0.03557269799083496
  },
  "Nafion z[3]": {
    "best": 0.9963467386467687,
    "index": 18,
    "integer": false,
    "label": "Nafion z[3]",
    "mean": 0.9957981971972318,
    "median": 0.9957329362373991,
    "p68": [
      0.9950062208749108,
      0.9965688543454012
    ],
    "p68_range": [
      0.9950062208749108,
      0.9965688543454012
    ],
    "p95": [
      0.9944419488884538,
      0.9977281241156142
    ],
    "p95_range": [
      0.9944419488884538,
      0.9977281241156142
    ],
    "std": 0.0008297113440938151
  },
  "Nafion z[4]": {
    "best": 0.8177950996414409,
    "index": 19,
    "integer": false,
    "label": "Nafion z[4]",
    "mean": 0.8146595715991097,
    "median": 0.8152767941399893,
    "p68": [
      0.8082010580987339,
      0.8213707355280762
    ],
    "p68_range": [
      0.8082010580987339,
      0.8213707355280762
    ],
    "p95": [
      0.7988337447606007,
      0.8249749326811686
    ],
    "p95_range": [
      0.7988337447606007,
      0.8249749326811686
    ],
    "std": 0.006998275914672127
  },
  "Permalloy interface": {
    "best": 9.93507965027705,
    "index": 7,
    "integer": false,
    "label": "Permalloy interface",
    "mean": 9.968295152674573,
    "median": 9.967909511875115,
    "p68": [
      9.804808369438438,
      10.151401063359915
    ],
    "p68_range": [
      9.804808369438438,
      10.151401063359915
    ],
    "p95": [
      9.26551685449011,
      10.609413289181825
    ],
    "p95_range": [
      9.26551685449011,
      10.609413289181825
    ],
    "std": 0.28454649768311874
  },
  "Permalloy rho": {
    "best": 9.40236712786953,
    "index": 9,
    "integer": false,
    "label": "Permalloy rho",
    "mean": 9.426444563263697,
    "median": 9.427900641731007,
    "p68": [
      9.395616723374477,
      9.460650066433077
    ],
    "p68_range": [
      9.395616723374477,
      9.460650066433077
    ],
    "p95": [
      9.358005359199778,
      9.484851469619272
    ],
    "p95_range": [
      9.358005359199778,
      9.484851469619272
    ],
    "std": 0.03246057174825277
  },
  "Permalloy rhoM": {
    "best": 1.877580597088324,
    "index": 8,
    "integer": false,
    "label": "Permalloy rhoM",
    "mean": 1.8714439197814121,
    "median": 1.8738188360599146,
    "p68": [
      1.846772537112949,
      1.8942207431540723
    ],
    "p68_range": [
      1.846772537112949,
      1.8942207431540723
    ],
    "p95": [
      1.825021487149361,
      1.9156266281550236
    ],
    "p95_range": [
      1.825021487149361,
      1.9156266281550236
    ],
    "std": 0.02280819983110236
  },
  "Permalloy thickness": {
    "best": 106.92085118390577,
    "index": 10,
    "integer": false,
    "label": "Permalloy thickness",
    "mean": 106.84149840033832,
    "median": 106.84664809186064,
    "p68": [
      106.18471569003906,
      107.46481245321449
    ],
    "p68_range": [
      106.18471569003906,
      107.46481245321449
    ],
    "p95": [
      105.65576589347933,
      108.0637528151809
    ],
    "p95_range": [
      105.65576589347933,
      108.0637528151809
    ],
    "std": 0.6191537462471387
  },
  "Platinum interface": {
    "best": 5.481478837500249,
    "index": 11,
    "integer": false,
    "label": "Platinum interface",
    "mean": 5.484396174727813,
    "median": 5.496327661232976,
    "p68": [
      5.325836571390869,
      5.674649073359469
    ],
    "p68_range": [
      5.325836571390869,
      5.674649073359469
    ],
    "p95": [
      4.537663594040018,
      6.187567512761382
    ],
    "p95_range": [
      4.537663594040018,
      6.187567512761382
    ],
    "std": 0.38128290142023374
  },
  "Platinum rho": {
    "best": 6.260246897789955,
    "index": 12,
    "integer": false,
    "label": "Platinum rho",
    "mean": 6.224113555216568,
    "median": 6.223404909806485,
    "p68": [
      6.165629256946359,
      6.287372162575124
    ],
    "p68_range": [
      6.165629256946359,
      6.287372162575124
    ],
    "p95": [
      6.105318852196879,
      6.334084647845107
    ],
    "p95_range": [
      6.105318852196879,
      6.334084647845107
    ],
    "std": 0.05944801641750407
  },
  "Platinum thickness": {
    "best": 49.19440451709966,
    "index": 13,
    "integer": false,
    "label": "Platinum thickness",
    "mean": 49.134198712331454,
    "median": 49.151547797234024,
    "p68": [
      48.634094081797166,
      49.62158217990176
    ],
    "p68_range": [
      48.634094081797166,
      49.62158217990176
    ],
    "p95": [
      47.795230620925096,
      50.48302304483588
    ],
    "p95_range": [
      47.795230620925096,
      50.48302304483588
    ],
    "std": 0.6360900369515107
  },
  "SiOx interface": {
    "best": 3.4353602295287775,
    "index": 4,
    "integer": false,
    "label": "SiOx interface",
    "mean": 3.56235831514501,
    "median": 3.5818309207266337,
    "p68": [
      3.389698365969709,
      3.720075626139301
    ],
    "p68_range": [
      3.389698365969709,
      3.720075626139301
    ],
    "p95": [
      3.111997022918929,
      3.9784948065487775
    ],
    "p95_range": [
      3.111997022918929,
      3.9784948065487775
    ],
    "std": 0.19583785639785503
  },
  "SiOx rho": {
    "best": 3.0105299387064295,
    "index": 5,
    "integer": false,
    "label": "SiOx rho",
    "mean": 3.0055766907288417,
    "median": 3.0042629863820993,
    "p68": [
      3.0011196866071637,
      3.01019126691132
    ],
    "p68_range": [
      3.0011196866071637,
      3.01019126691132
    ],