{
  "Nafion thickness": {
    "best": 297.12383640623017,
    "index": 14,
    "integer": false,
    "label": "Nafion thickness",
    "mean": 296.5322910626805,
    "median": 296.2215448132869,
    "p68": [
      295.3297772419145,
      297.92684406348644
    ],
    "p68_range": [
      295.3297772419145,
      297.92684406348644
    ],
    "p95": [
      294.11513324543944,
      300.1856945453706
    ],
    "p95_range": [
      294.11513324543944,
      300.1856945453706
    ],
    "std": 1.5792005754796388
  },
  "Nafion z[0]": {
    "best": 0.00610463794044558,
    "index": 15,
    "integer": false,
    "label": "Nafion z[0]",
    "mean": 0.003977562696736229,
    "median": 0.003309732176036754,
    "p68": [
      0.0009408963241332049,
      0.006933713699942653
    ],
    "p68_range": [
      0.0009408963241332049,
      0.006933713699942653
    ],
    "p95": [
      0.00016146295499390066,
      0.012262389054252257
    ],
    "p95_range": [
      0.00016146295499390066,
      0.012262389054252257
    ],
    "std": 0.003192246001103592
  },
  "Nafion z[1]": {
    "best": 0.1568003199313644,
    "index": 16,
    "integer": false,
    "label": "Nafion z[1]",
    "mean": 0.10042838877726097,
    "median": 0.09289696258541491,
    "p68": [
      0.036323754239918765,
      0.159395110609365
    ],
    "p68_range": [
      0.036323754239918765,
      0.159395110609365
    ],
    "p95": [
      0.012954454621097025,
      0.23276303439938814
    ],
    "p95_range": [
      0.012954454621097025,
      0.23276303439938814
    ],
    "std": 0.06001020043441497
  },
  "Nafion z[2]": {
    "best": 0.15468903610247936,
    "index": 17,
    "integer": false,
    "label": "Nafion z[2]",
    "mean": 0.19709631264391572,
    "median": 0.20774123517898893,
    "p68": [
      0.14335830853714437,
      0.2511678170694127
    ],
    "p68_range": [
      0.14335830853714437,
      0.2511678170694127
    ],
    "p95": [
      0.04144810894063233,
      0.2834978313544928
    ],
    "p95_range": [
      0.04144810894063233,
      0.2834978313544928
    ],
    "std": 0.05953163494650751
  },
  "Nafion z[3]": {
    "best": 0.9348857680164929,
    "index": 18,
    "integer": false,
    "label": "Nafion z[3]",
    "mean": 0.8919069615122119,
    "median": 0.8905857624589811,
    "p68": [
      0.8713713539610644,
      0.9126810844203405
    ],
    "p68_range": [
      0.8713713539610644,
      0.9126810844203405
    ],
    "p95": [
      0.850545280339688,
      0.9340121403312177
    ],
    "p95_range": [
      0.850545280339688,
      0.9340121403312177
    ],
    "std": 0.020983497454805513
  },
  "Nafion z[4]": {
    "best": 0.9485593796774368,
    "index": 19,
    "integer": false,
    "label": "Nafion z[4]",
    "mean": 0.9504986356687488,
    "median": 0.9505460302290016,
    "p68": [
      0.9419369505311351,
      0.9591884956247931
    ],
    "p68_range": [
      0.9419369505311351,
      0.9591884956247931
    ],
    "p95": [
      0.9321205764426583,
      0.9681503632786144
    ],
    "p95_range": [
      0.9321205764426583,
      0.9681503632786144
    ],
    "std": 0.009129263929644669
  },
  "Nafion z[5]": {
    "best": 0.969764269963662,
    "index": 20,
    "integer": false,
    "label": "Nafion z[5]",
    "mean": 0.9744411377697817,
    "median": 0.9743729676087504,
    "p68": [
      0.9672931058093825,
      0.9813853046754296
    ],
    "p68_range": [
      0.9672931058093825,
      0.9813853046754296
    ],
    "p95": [
      0.9535422106651956,
      0.9936249188787954
    ],
    "p95_range": [
      0.9535422106651956,
      0.9936249188787954
    ],
    "std": 0.008546205131114927
  },
  "Permalloy interface": {
    "best": 9.709086402668792,
    "index": 7,
    "integer": false,
    "label": "Permalloy interface",
    "mean": 9.772559572054972,
    "median": 9.846111527254783,
    "p68": [
      9.468550291817685,
      10.072992474736294
    ],
    "p68_range": [
      9.468550291817685,
      10.072992474736294
    ],
    "p95": [
      8.74016707314402,
      10.517807330492811
    ],
    "p95_range": [
      8.74016707314402,
      10.517807330492811
    ],
    "std": 0.4335811815944409
  },
  "Permalloy rho": {
    "best": 9.427212582559516,
    "index": 9,
    "integer": false,
    "label": "Permalloy rho",
    "mean": 9.428996198463151,
    "median": 9.427610354244349,
    "p68": [
      9.377338991317421,
      9.486544099907125
    ],
    "p68_range": [
      9.377338991317421,
      9.486544099907125
    ],
    "p95": [
      9.306153260690598,
      9.540780241096096
    ],
    "p95_range": [
      9.306153260690598,
      9.540780241096096
    ],
    "std": 0.05635549368880982
  },
  "Permalloy rhoM": {
    "best": 1.8990949035503466,
    "index": 8,
    "integer": false,
    "label": "Permalloy rhoM",
    "mean": 1.8837584902585038,
    "median": 1.8856164729772638,
    "p68": [
      1.8314651234294776,
      1.9364736834366556
    ],
    "p68_range": [
      1.8314651234294776,
      1.9364736834366556
    ],
    "p95": [
      1.7755578065491049,
      1.9857122529866316
    ],
    "p95_range": [
      1.7755578065491049,
      1.9857122529866316
    ],
    "std": 0.052189548436929974
  },
  "Permalloy thickness": {
    "best": 108.8651468143091,
    "index": 10,
    "integer": false,
    "label": "Permalloy thickness",
    "mean": 109.44850648378876,
    "median": 109.58602161275569,
    "p68": [
      108.75573247073238,
      110.17111804251519
    ],
    "p68_range": [
      108.75573247073238,
      110.17111804251519
    ],
    "p95": [
      107.76461367316331,
      110.45466075444048
    ],
    "p95_range": [
      107.76461367316331,
      110.45466075444048
    ],
    "std": 0.7229438925325725
  },
  "Platinum interface": {
    "best": 0.021678603568383362,
    "index": 11,
    "integer": false,
    "label": "Platinum interface",
    "mean": 0.12019377292434878,
    "median": 0.08856062830121471,
    "p68": [
      0.03739974783420112,
      0.21100914431498455
    ],
    "p68_range": [
      0.03739974783420112,
      0.21100914431498455
    ],
    "p95": [
      0.005769148599812058,
      0.3582049855067001
    ],
    "p95_range": [
      0.005769148599812058,
      0.3582049855067001
    ],
    "std": 0.10329594214508038
  },
  "Platinum rho": {
    "best": 6.262134861578824,
    "index": 12,
    "integer": false,
    "label": "Platinum rho",
    "mean": 6.317088528150665,
    "median": 6.323557759838927,
    "p68": [
      6.200311862657581,
      6.434873934113972
    ],
    "p68_range": [
      6.200311862657581,
      6.434873934113972
    ],
    "p95": [
      6.0434232579154195,
      6.513761049652651
    ],
    "p95_range": [
      6.0434232579154195,
      6.513761049652651
    ],
    "std": 0.1176076841249655
  },
  "Platinum thickness": {
    "best": 47.62712747600741,
    "index": 13,
    "integer": false,
    "label": "Platinum thickness",
    "mean": 47.8101333022558,
    "median": 47.77942733828154,
    "p68": [
      47.621706686562,
      48.01189009079679
    ],
    "p68_range": [
      47.621706686562,
      48.01189009079679
    ],
    "p95": [
      47.22465658117669,
      48.49350945481156
    ],
    "p95_range": [
      47.22465658117669,
      48.49350945481156
    ],
    "std": 0.3044591353811481
  },
  "SiOx interface": {
    "best": 2.220246835519346,
    "index": 4,
    "integer": false,
    "label": "SiOx interface",
    "mean": 2.3127800756333907,
    "median": 2.225910861366494,
    "p68": [
      2.1004577515150933,
      2.58008266851116
    ],