{
  "Background MM": {
    "best": 4.582413542693002e-07,
    "index": 1,
    "integer": false,
    "label": "Background MM",
    "mean": 4.630563821516301e-07,
    "median": 4.6328558152954957e-07,
    "p68": [
      4.2464879457369547e-07,
      5.014910378080837e-07
    ],
    "p68_range": [
      4.2464879457369547e-07,
      5.014910378080837e-07
    ],
    "p95": [
      3.888282573356729e-07,
      5.381892970623631e-07
    ],
    "p95_range": [
      3.888282573356729e-07,
      5.381892970623631e-07
    ],
    "std": 3.7906784008421976e-08
  },
  "Background PP": {
    "best": 1.3988686956767726e-07,
    "index": 3,
    "integer": false,
    "label": "Background PP",
    "mean": 1.4114071816041517e-07,
    "median": 1.3882097454727493e-07,
    "p68": [
      8.638693339357514e-08,
      1.9649667557864677e-07
    ],
    "p68_range": [
      8.638693339357514e-08,
      1.9649667557864677e-07
    ],
    "p95": [
      4.345262126377985e-08,
      2.550501535232199e-07
    ],
    "p95_range": [
      4.345262126377985e-08,
      2.550501535232199e-07
    ],
    "std": 5.433859051167577e-08
  },
  "Bulk Nafion interface": {
    "best": 12.871450618151442,
    "index": 21,
    "integer": false,
    "label": "Bulk Nafion interface",
    "mean": 12.729027349169606,
    "median": 12.7311991126879,
    "p68": [
      12.560836847814207,
      12.88301036704177
    ],
    "p68_range": [
      12.560836847814207,
      12.88301036704177
    ],
    "p95": [
      12.397588516946074,
      13.060414023592514
    ],
    "p95_range": [
      12.397588516946074,
      13.060414023592514
    ],
    "std": 0.16413953089424185
  },
  "Bulk Nafion rho": {
    "best": 3.281046548250739,
    "index": 22,
    "integer": false,
    "label": "Bulk Nafion rho",
    "mean": 3.2797830792103073,
    "median": 3.2796249318663078,
    "p68": [
      3.263403624348404,
      3.2963725406705766
    ],
    "p68_range": [
      3.263403624348404,
      3.2963725406705766
    ],
    "p95": [
      3.247854151493397,
      3.311069595398395
    ],
    "p95_range": [
      3.247854151493397,
      3.311069595398395
    ],
    "std": 0.01655026864935395
  },
  "Bulk Nafion thickness": {
    "best": 203.38507390067844,
    "index": 23,
    "integer": false,
    "label": "Bulk Nafion thickness",
    "mean": 204.88484708956076,
    "median": 205.25849260741643,
    "p68": [
      201.71096274681486,
      208.298653483612
    ],
    "p68_range": [
      201.71096274681486,
      208.298653483612
    ],
    "p95": [
      196.06840330668834,
      211.595014827579
    ],
    "p95_range": [
      196.06840330668834,
      211.595014827579
    ],
    "std": 3.703573545282896
  },
  "Grad thickness": {
    "best": 33.72176533602036,
    "index": 20,
    "integer": false,
    "label": "Grad thickness",
    "mean": 36.97397562633122,
    "median": 37.4659374576133,
    "p68": [
      34.65717604163115,
      39.34577879071872
    ],
    "p68_range": [
      34.65717604163115,
      39.34577879071872
    ],
    "p95": [
      30.898786551206634,
      39.904087660412465
    ],
    "p95_range": [
      30.898786551206634,
      39.904087660412465
    ],
    "std": 2.4474795248371195
  },
  "Grad:Nafion": {
    "best": 0.5471123262926204,
    "index": 32,
    "integer": false,
    "label": "Grad:Nafion",
    "mean": 0.5342267522893246,
    "median": 0.5394084851743326,
    "p68": [
      0.5228576285155812,
      0.5468244512215344
    ],
    "p68_range": [
      0.5228576285155812,
      0.5468244512215344
    ],
    "p95": [
      0.4849924044819548,
      0.5494370165194659
    ],
    "p95_range": [
      0.4849924044819548,
      0.5494370165194659
    ],
    "std": 0.016427361263046676
  },
  "NRL1 thickness": {
    "best": 15.14171701407327,
    "index": 17,
    "integer": false,
    "label": "NRL1 thickness",
    "mean": 15.039242035970709,
    "median": 15.013498526856512,
    "p68": [
      14.200506941218668,
      15.892775800783616
    ],
    "p68_range": [
      14.200506941218668,
      15.892775800783616
    ],
    "p95": [
      13.536382896988579,
      16.804821618174717
    ],
    "p95_range": [
      13.536382896988579,
      16.804821618174717
    ],
    "std": 0.8325982938338422
  },
  "NRL1:WRL2": {
    "best": 0.010275351013307935,
    "index": 26,
    "integer": false,
    "label": "NRL1:WRL2",
    "mean": 0.03361038255756976,
    "median": 0.024037341888900245,
    "p68": [
      0.00761947799726687,
      0.06269747773651918
    ],
    "p68_range": [
      0.00761947799726687,
      0.06269747773651918
    ],
    "p95": [
      0.001626376390901801,
      0.11418462237951499
    ],
    "p95_range": [
      0.001626376390901801,
      0.11418462237951499
    ],
    "std": 0.031018885721436983
  },
  "NRL2 thickness": {
    "best": 28.50871173599765,
    "index": 19,
    "integer": false,
    "label": "NRL2 thickness",
    "mean": 23.75300496220314,
    "median": 23.45712547577709,
    "p68": [
      18.72482127860713,
      29.182520184685377
    ],
    "p68_range": [
      18.72482127860713,
      29.182520184685377
    ],
    "p95": [
      11.569274021639826,
      35.53958368023014
    ],
    "p95_range": [
      11.569274021639826,
      35.53958368023014
    ],
    "std": 5.560127892905956
  },
  "NRL2:Grad": {
    "best": 0.510076420265468,
    "index": 30,
    "integer": false,
    "label": "NRL2:Grad",
    "mean": 0.5052555691119479,
    "median": 0.5223547211181395,
    "p68": [
      0.46908836322720454,
      0.5419304783426139
    ],
    "p68_range": [
      0.46908836322720454,
      0.5419304783426139
    ],
    "p95": [
      0.36319166394725166,
      0.5481105926541733
    ],
    "p95_range": [
      0.36319166394725166,
      0.5481105926541733
    ],
    "std": 0.051275340268540394
  },
  "Nafion Fraction-Gradient": {
    "best": 0.763579933693076,
    "index": 33,
    "integer": false,
    "label": "Nafion Fraction-Gradient",
    "mean": 0.7645598270314363,
    "median": 0.7645275567078184,
    "p68": [
      0.7596049788170751,
      0.7694343294546035
    ],
    "p68_range": [
      0.7596049788170751,
      0.7694343294546035
    ],
    "p95": [
      0.7550993642042185,
      0.7748027638635581
    ],
    "p95_range": [
      0.7550993642042185,
      0.7748027638635581
    ],
    "std": 0.004924930256492051
  },
  "Nafion Fraction-NRL1": {
    "best": 0.7004664240600923,
    "index": 27,
    "integer": false,
    "label": "Nafion Fraction-NRL1",
    "mean": 0.7011865916063209,
    "median": 0.7008598126874102,
    "p68": [
      0.7002525936378411,
      0.7021006284049981
    ],
    "p68_range": [
      0.7002525936378411,
      0.7021006284049981
    ],
    "p95": [
      0.700046233483743,
      0.7042507250991806
    ],
    "p95_range": [
      0.700046233483743,
      0.7042507250991806
    ],
    "std": 0.0010911158764926414
  },
  "Nafion Fraction-NRL2": {
    "best": 0.7704547424650022,
    "index": 31,
    "integer": false,
    "label": "Nafion Fraction-NRL2",
    "mean": 0.7655357928478674,
    "median": 0.7658712198347998,
    "p68": [
      0.7599196822953163,
      0.7717367362772325
    ],
    "p68_range": [
      0.7599196822953163,
      0.7717367362772325
    ],
    "p95": [
      0.7507947902779077,
      0.7762765030418608
    ],
    "p95_range": [
      0.7507947902779077,
      0.7762765030418608
    ],
    "std": 0.006362838243164495
  },
  "Nafion Fraction-WRL1": {
    "best": 0.8530942416328627,
    "index": 25,
    "integer": false,
    "label": "Nafion Fraction-WRL1",
    "mean": 0.8560855578791389,
    "median": 0.8561202898943933,