{
  "Nafion thickness": {
    "best": 342.20074413641123,
    "index": 14,
    "integer": false,
    "label": "Nafion thickness",
    "mean": 341.7581276110791,
    "median": 341.66559224523616,
    "p68": [
      341.5699980858183,
      341.99302956945115
    ],
    "p68_range": [
      341.5699980858183,
      341.99302956945115
    ],
    "p95": [
      341.46551572226537,
      342.42145987447606
    ],
    "p95_range": [
      341.46551572226537,
      342.42145987447606
    ],
    "std": 0.24444891829903528
  },
  "Nafion z[0]": {
    "best": 0.014371804699596936,
    "index": 15,
    "integer": false,
    "label": "Nafion z[0]",
    "mean": 0.016830340268849598,
    "median": 0.017090121436937056,
    "p68": [
      0.015628477843102385,
      0.01806546591670141
    ],
    "p68_range": [
      0.015628477843102385,
      0.01806546591670141
    ],
    "p95": [
      0.012961074536956834,
      0.018861499737639658
    ],
    "p95_range": [
      0.012961074536956834,
      0.018861499737639658
    ],
    "std": 0.0014594350486364712
  },
  "Nafion z[1]": {
    "best": 0.20593839314450127,
    "index": 16,
    "integer": false,
    "label": "Nafion z[1]",
    "mean": 0.20957741020828824,
    "median": 0.20989331691742263,
    "p68": [
      0.20559314879575044,
      0.2133492336793158
    ],
    "p68_range": [
      0.20559314879575044,
      0.2133492336793158
    ],
    "p95": [
      0.2006788335506663,
      0.21732826739758826
    ],
    "p95_range": [
      0.2006788335506663,
      0.21732826739758826
    ],
    "std": 0.003980893252630845
  },
  "Nafion z[2]": {
    "best": 0.5876029349768491,
    "index": 17,
    "integer": false,
    "label": "Nafion z[2]",
    "mean": 0.6038381849584492,
    "median": 0.6044450758073486,
    "p68": [
      0.5966703100985712,
      0.6109111141944102
    ],
    "p68_range": [
      0.5966703100985712,
      0.6109111141944102
    ],
    "p95": [
      0.586019666786824,
      0.6178377566259413
    ],
    "p95_range": [
      0.586019666786824,
      0.6178377566259413
    ],
    "std": 0.0076262079492311775
  },
  "Nafion z[3]": {
    "best": 0.7460182996340556,
    "index": 18,
    "integer": false,
    "label": "Nafion z[3]",
    "mean": 0.7354741175847823,
    "median": 0.7346504634035027,
    "p68": [
      0.7310838124998328,
      0.7404541593423122
    ],
    "p68_range": [
      0.7310838124998328,
      0.7404541593423122
    ],
    "p95": [
      0.7276864437884442,
      0.7460594054484367
    ],
    "p95_range": [
      0.7276864437884442,
      0.7460594054484367
    ],
    "std": 0.004735333033958224
  },
  "Nafion z[4]": {
    "best": 0.910539155133279,
    "index": 19,
    "integer": false,
    "label": "Nafion z[4]",
    "mean": 0.914857916388865,
    "median": 0.9156597699291538,
    "p68": [
      0.9127720271259124,
      0.9166429130166233
    ],
    "p68_range": [
      0.9127720271259124,
      0.9166429130166233
    ],
    "p95": [
      0.909523624566425,
      0.917345637159102
    ],
    "p95_range": [
      0.909523624566425,
      0.917345637159102
    ],
    "std": 0.0020561769270170077
  },
  "Permalloy interface": {
    "best": 8.62393878709837,
    "index": 7,
    "integer": false,
    "label": "Permalloy interface",
    "mean": 8.607278435211851,
    "median": 8.613066691853582,
    "p68": [
      8.552633523530591,
      8.660612311226437
    ],
    "p68_range": [
      8.552633523530591,
      8.660612311226437
    ],
    "p95": [
      8.446717574864609,
      8.756226860788672
    ],
    "p95_range": [
      8.446717574864609,
      8.756226860788672
    ],
    "std": 0.0717187397031603
  },
  "Permalloy rho": {
    "best": 9.344185783442082,
    "index": 9,
    "integer": false,
    "label": "Permalloy rho",
    "mean": 9.341794331322964,
    "median": 9.34146490238244,
    "p68": [
      9.332422807569587,
      9.351220046369264
    ],
    "p68_range": [
      9.332422807569587,
      9.351220046369264
    ],
    "p95": [
      9.323597729748974,
      9.362784942665678
    ],
    "p95_range": [
      9.323597729748974,
      9.362784942665678
    ],
    "std": 0.00992901553056072
  },
  "Permalloy rhoM": {
    "best": 1.8620599431782179,
    "index": 8,
    "integer": false,
    "label": "Permalloy rhoM",
    "mean": 1.8681651953869545,
    "median": 1.8686814273235552,
    "p68": [
      1.8609594589642104,
      1.8751666811592655
    ],
    "p68_range": [
      1.8609594589642104,
      1.8751666811592655
    ],
    "p95": [
      1.8531675475618832,
      1.8810793978959002
    ],
    "p95_range": [
      1.8531675475618832,
      1.8810793978959002
    ],
    "std": 0.007114139439411226
  },
  "Permalloy thickness": {
    "best": 109.46515114421697,
    "index": 10,
    "integer": false,
    "label": "Permalloy thickness",
    "mean": 109.52404932961309,
    "median": 109.54572656184331,
    "p68": [
      109.44974464467742,
      109.5829520544477
    ],
    "p68_range": [
      109.44974464467742,
      109.5829520544477
    ],
    "p95": [
      109.31538792254922,
      109.65483313133512
    ],
    "p95_range": [
      109.31538792254922,
      109.65483313133512
    ],
    "std": 0.08434144240531381
  },
  "Platinum interface": {
    "best": 5.056137897212762,
    "index": 11,
    "integer": false,
    "label": "Platinum interface",
    "mean": 5.458108090119409,
    "median": 5.521761980136157,
    "p68": [
      5.32385382244365,
      5.576623083220006
    ],
    "p68_range": [
      5.32385382244365,
      5.576623083220006
    ],
    "p95": [
      4.913603208815456,
      5.699599448279247
    ],
    "p95_range": [
      4.913603208815456,
      5.699599448279247
    ],
    "std": 0.20204680538507905
  },
  "Platinum rho": {
    "best": 5.914519700414348,
    "index": 12,
    "integer": false,
    "label": "Platinum rho",
    "mean": 5.902532377674879,
    "median": 5.9011968809234,
    "p68": [
      5.88891332752329,
      5.917681443842229
    ],
    "p68_range": [
      5.88891332752329,
      5.917681443842229
    ],
    "p95": [
      5.87322412190398,
      5.9363105215189735
    ],
    "p95_range": [
      5.87322412190398,
      5.9363105215189735
    ],
    "std": 0.01574560643527044
  },
  "Platinum thickness": {
    "best": 47.594242245934154,
    "index": 13,
    "integer": false,
    "label": "Platinum thickness",
    "mean": 47.099774633378395,
    "median": 46.97769840590742,
    "p68": [
      46.90297729817719,
      47.38190885833199
    ],
    "p68_range": [
      46.90297729817719,
      47.38190885833199
    ],
    "p95": [
      46.830419135858136,
      47.85749344575908
    ],
    "p95_range": [
      46.830419135858136,
      47.85749344575908
    ],
    "std": 0.2888723275045975
  },
  "SiOx interface": {
    "best": 4.132424631707857,
    "index": 4,
    "integer": false,
    "label": "SiOx interface",
    "mean": 4.278277322567718,
    "median": 4.306037541141722,
    "p68": [
      4.196675025205738,
      4.338392705506125
    ],
    "p68_range": [
      4.196675025205738,
      4.338392705506125
    ],
    "p95": [
      4.095523547591338,
      4.377009058712135
    ],
    "p95_range": [
      4.095523547591338,
      4.377009058712135
    ],
    "std": 0.0748556370493935
  },
  "SiOx rho": {
    "best": 3.0023820322196455,
    "index": 5,
    "integer": false,
    "label": "SiOx rho",
    "mean": 3.00218676900467,
    "median": 3.001389365336619,
    "p68": [
      3.000378688485828,
      3.0040999561535395
    ],
    "p68_range": [
      3.000378688485828,
      3.0040999561535395
    ],