{
  "Nafion thickness": {
    "best": 295.0259722312583,
    "index": 14,
    "integer": false,
    "label": "Nafion thickness",
    "mean": 294.5996977457389,
    "median": 294.52751802725163,
    "p68": [
      294.1728041048707,
      295.00492300442204
    ],
    "p68_range": [
      294.1728041048707,
      295.00492300442204
    ],
    "p95": [
      293.46079760693834,
      296.1207451668049
    ],
    "p95_range": [
      293.46079760693834,
      296.1207451668049
    ],
    "std": 0.6439208137141721
  },
  "Nafion z[0]": {
    "best": 0.03895700728542651,
    "index": 15,
    "integer": false,
    "label": "Nafion z[0]",
    "mean": 0.04392290228251445,
    "median": 0.04375479235538873,
    "p68": [
      0.03792222058485439,
      0.04930835302334604
    ],
    "p68_range": [
      0.03792222058485439,
      0.04930835302334604
    ],
    "p95": [
      0.03133000523916322,
      0.06038543146799635
    ],
    "p95_range": [
      0.03133000523916322,
      0.06038543146799635
    ],
    "std": 0.0066748225204221025
  },
  "Nafion z[1]": {
    "best": 0.1328679284219151,
    "index": 16,
    "integer": false,
    "label": "Nafion z[1]",
    "mean": 0.09388291381961637,
    "median": 0.08692807751610189,
    "p68": [
      0.06171358167263996,
      0.12267644747785164
    ],
    "p68_range": [
      0.06171358167263996,
      0.12267644747785164
    ],
    "p95": [
      0.04334962307836415,
      0.1902987110409697
    ],
    "p95_range": [
      0.04334962307836415,
      0.1902987110409697
    ],
    "std": 0.03799383783440802
  },
  "Nafion z[2]": {
    "best": 0.2822405029061109,
    "index": 17,
    "integer": false,
    "label": "Nafion z[2]",
    "mean": 0.3053628897096626,
    "median": 0.3019506211786355,
    "p68": [
      0.2700455518329467,
      0.34318705787714887
    ],
    "p68_range": [
      0.2700455518329467,
      0.34318705787714887
    ],
    "p95": [
      0.23578820682300117,
      0.38350490365980744
    ],
    "p95_range": [
      0.23578820682300117,
      0.38350490365980744
    ],
    "std": 0.04051495444918892
  },
  "Nafion z[3]": {
    "best": 0.9510001001061357,
    "index": 18,
    "integer": false,
    "label": "Nafion z[3]",
    "mean": 0.9175874942558542,
    "median": 0.9199745266298458,
    "p68": [
      0.8873856662676407,
      0.9433302303643238
    ],
    "p68_range": [
      0.8873856662676407,
      0.9433302303643238
    ],
    "p95": [
      0.8428858998890425,
      0.9832965178212496
    ],
    "p95_range": [
      0.8428858998890425,
      0.9832965178212496
    ],
    "std": 0.03253322453378054
  },
  "Nafion z[4]": {
    "best": 0.986433767970312,
    "index": 19,
    "integer": false,
    "label": "Nafion z[4]",
    "mean": 0.9802321389295996,
    "median": 0.9835302047174553,
    "p68": [
      0.9653036959928097,
      0.9955258586317113
    ],
    "p68_range": [
      0.9653036959928097,
      0.9955258586317113
    ],
    "p95": [
      0.9421281393283525,
      0.9991593555762589
    ],
    "p95_range": [
      0.9421281393283525,
      0.9991593555762589
    ],
    "std": 0.0160195525637468
  },
  "Nafion z[5]": {
    "best": 0.9969146064883988,
    "index": 20,
    "integer": false,
    "label": "Nafion z[5]",
    "mean": 0.9807783465967033,
    "median": 0.9863815303293246,
    "p68": [
      0.9627188209082378,
      0.9961294329437584
    ],
    "p68_range": [
      0.9627188209082378,
      0.9961294329437584
    ],
    "p95": [
      0.9415013347222045,
      0.999365462406728
    ],
    "p95_range": [
      0.9415013347222045,
      0.999365462406728
    ],
    "std": 0.016202422213345613
  },
  "Nafion z[6]": {
    "best": 0.987822700131157,
    "index": 21,
    "integer": false,
    "label": "Nafion z[6]",
    "mean": 0.9785819966361283,
    "median": 0.9841434729923518,
    "p68": [
      0.9615392986957161,
      0.9940420588561892
    ],
    "p68_range": [
      0.9615392986957161,
      0.9940420588561892
    ],
    "p95": [
      0.9322458143507195,
      0.9990363369275926
    ],
    "p95_range": [
      0.9322458143507195,
      0.9990363369275926
    ],
    "std": 0.02025360656467831
  },
  "Permalloy interface": {
    "best": 12.047424044306627,
    "index": 7,
    "integer": false,
    "label": "Permalloy interface",
    "mean": 12.038038885891345,
    "median": 12.047424044306627,
    "p68": [
      11.980221070298716,
      12.099003757397412
    ],
    "p68_range": [
      11.980221070298716,
      12.099003757397412
    ],
    "p95": [
      11.8186038418861,
      12.23693094701519
    ],
    "p95_range": [
      11.8186038418861,
      12.23693094701519
    ],
    "std": 0.10552312132966807
  },
  "Permalloy rho": {
    "best": 9.429701817674951,
    "index": 9,
    "integer": false,
    "label": "Permalloy rho",
    "mean": 9.380727517631495,
    "median": 9.368776850994964,
    "p68": [
      9.316872283232648,
      9.450759666784514
    ],
    "p68_range": [
      9.316872283232648,
      9.450759666784514
    ],
    "p95": [
      9.279915200944783,
      9.534797298632585
    ],
    "p95_range": [
      9.279915200944783,
      9.534797298632585
    ],
    "std": 0.06858354260202155
  },
  "Permalloy rhoM": {
    "best": 1.8720916445460283,
    "index": 8,
    "integer": false,
    "label": "Permalloy rhoM",
    "mean": 1.885992419735646,
    "median": 1.8862393417173802,
    "p68": [
      1.8207755436187578,
      1.9498390764059803
    ],
    "p68_range": [
      1.8207755436187578,
      1.9498390764059803
    ],
    "p95": [
      1.7823792256545665,
      1.9955211366093664
    ],
    "p95_range": [
      1.7823792256545665,
      1.9955211366093664
    ],
    "std": 0.05959644710797033
  },
  "Permalloy thickness": {
    "best": 105.47542048099301,
    "index": 10,
    "integer": false,
    "label": "Permalloy thickness",
    "mean": 105.10494581764401,
    "median": 105.0716082778008,
    "p68": [
      104.93610958908975,
      105.26655578487409
    ],
    "p68_range": [
      104.93610958908975,
      105.26655578487409
    ],
    "p95": [
      104.64216108885695,
      105.7878361913058
    ],
    "p95_range": [
      104.64216108885695,
      105.7878361913058
    ],
    "std": 0.24782007893069546
  },
  "Platinum interface": {
    "best": 0.5926119800461552,
    "index": 11,
    "integer": false,
    "label": "Platinum interface",
    "mean": 1.0518249909086292,
    "median": 1.0570784969543718,
    "p68": [
      0.9275495225855354,
      1.1676553091443742
    ],
    "p68_range": [
      0.9275495225855354,
      1.1676553091443742
    ],
    "p95": [
      0.6031924509744504,
      1.5544458434362882
    ],
    "p95_range": [
      0.6031924509744504,
      1.5544458434362882
    ],
    "std": 0.20447063108749194
  },
  "Platinum rho": {
    "best": 6.457783489842562,
    "index": 12,
    "integer": false,
    "label": "Platinum rho",
    "mean": 6.242544857161724,
    "median": 6.223797825034731,
    "p68": [
      6.166414253837089,
      6.3252750287365975
    ],
    "p68_range": [
      6.166414253837089,
      6.3252750287365975
    ],
    "p95": [
      6.102242584668335,
      6.467498405830481
    ],
    "p95_range": [
      6.102242584668335,
      6.467498405830481
    ],
    "std": 0.09111452770267857
  },
  "Platinum thickness": {
    "best": 46.40074097870893,
    "index": 13,
    "integer": false,
    "label": "Platinum thickness",
    "mean": 46.23399617253492,
    "median": 46.217056076690284,
    "p68": [
      46.13264890377816,
      46.34480081320939
    ],
    "p68_range": [
      46.13264890377816,
      46.34480081320939
    ],