{
  "Nafion interface": {
    "best": 7.648707129914833,
    "index": 19,
    "integer": false,
    "label": "Nafion interface",
    "mean": 7.6930196602725065,
    "median": 7.68650246847104,
    "p68": [
      7.547948998290836,
      7.8425171068521475
    ],
    "p68_range": [
      7.547948998290836,
      7.8425171068521475
    ],
    "p95": [
      7.422025246729946,
      7.96346767383475
    ],
    "p95_range": [
      7.422025246729946,
      7.96346767383475
    ],
    "std": 0.14290388280168828
  },
  "Nafion rho": {
    "best": 4.475109270655487,
    "index": 20,
    "integer": false,
    "label": "Nafion rho",
    "mean": 4.475173100934212,
    "median": 4.474990197097314,
    "p68": [
      4.465109844567449,
      4.484785846926734
    ],
    "p68_range": [
      4.465109844567449,
      4.484785846926734
    ],
    "p95": [
      4.456752134911387,
      4.4948861184485525
    ],
    "p95_range": [
      4.456752134911387,
      4.4948861184485525
    ],
    "std": 0.009831567126765518
  },
  "Nafion thickness": {
    "best": 277.3033298886141,
    "index": 21,
    "integer": false,
    "label": "Nafion thickness",
    "mean": 277.5830959419567,
    "median": 277.4586931359759,
    "p68": [
      273.2204271046092,
      281.95827250281945
    ],
    "p68_range": [
      273.2204271046092,
      281.95827250281945
    ],
    "p95": [
      269.00638387979404,
      286.2407854282985
    ],
    "p95_range": [
      269.00638387979404,
      286.2407854282985
    ],
    "std": 4.419161453658459
  },
  "Permalloy interface": {
    "best": 7.205000360683438,
    "index": 9,
    "integer": false,
    "label": "Permalloy interface",
    "mean": 7.205682265427743,
    "median": 7.209312436348012,
    "p68": [
      7.021999598726271,
      7.390725757896121
    ],
    "p68_range": [
      7.021999598726271,
      7.390725757896121
    ],
    "p95": [
      6.835948556591912,
      7.551231767314109
    ],
    "p95_range": [
      6.835948556591912,
      7.551231767314109
    ],
    "std": 0.18172967191980277
  },
  "Permalloy rho": {
    "best": 8.870356786557949,
    "index": 11,
    "integer": false,
    "label": "Permalloy rho",
    "mean": 8.866757152268727,
    "median": 8.867498750277965,
    "p68": [
      8.848185138397913,
      8.885430940952642
    ],
    "p68_range": [
      8.848185138397913,
      8.885430940952642
    ],
    "p95": [
      8.829462252233816,
      8.900998545206606
    ],
    "p95_range": [
      8.829462252233816,
      8.900998545206606
    ],
    "std": 0.018318334212014974
  },
  "Permalloy rhoM": {
    "best": 1.9155758657440234,
    "index": 10,
    "integer": false,
    "label": "Permalloy rhoM",
    "mean": 1.9097290602996049,
    "median": 1.9101872163587603,
    "p68": [
      1.901967995813113,
      1.917178244044649
    ],
    "p68_range": [
      1.901967995813113,
      1.917178244044649
    ],
    "p95": [
      1.894125746504276,
      1.923602135617233
    ],
    "p95_range": [
      1.894125746504276,
      1.923602135617233
    ],
    "std": 0.007621578107731294
  },
  "Permalloy thickness": {
    "best": 109.10032440840217,
    "index": 12,
    "integer": false,
    "label": "Permalloy thickness",
    "mean": 109.08553404076522,
    "median": 109.08606575948124,
    "p68": [
      108.96532735794868,
      109.20003577990786
    ],
    "p68_range": [
      108.96532735794868,
      109.20003577990786
    ],
    "p95": [
      108.86699703489505,
      109.30046906883321
    ],
    "p95_range": [
      108.86699703489505,
      109.30046906883321
    ],
    "std": 0.11471165768814678
  },
  "Platinum interface": {
    "best": 0.23307513003198282,
    "index": 13,
    "integer": false,
    "label": "Platinum interface",
    "mean": 0.34229410686429107,
    "median": 0.2873206632938823,
    "p68": [
      0.09315701877609207,
      0.5930604988475381
    ],
    "p68_range": [
      0.09315701877609207,
      0.5930604988475381
    ],
    "p95": [
      0.01675248085166646,
      0.9387033897542509
    ],
    "p95_range": [
      0.01675248085166646,
      0.9387033897542509
    ],
    "std": 0.25031630637641533
  },
  "Platinum rho": {
    "best": 6.325419943071452,
    "index": 14,
    "integer": false,
    "label": "Platinum rho",
    "mean": 6.322169443156217,
    "median": 6.32311833812005,
    "p68": [
      6.296996338681489,
      6.347155179336991
    ],
    "p68_range": [
      6.296996338681489,
      6.347155179336991
    ],
    "p95": [
      6.26719892108994,
      6.3717176129871245
    ],
    "p95_range": [
      6.26719892108994,
      6.3717176129871245
    ],
    "std": 0.025647722972678734
  },
  "Platinum thickness": {
    "best": 50.857864620281035,
    "index": 15,
    "integer": false,
    "label": "Platinum thickness",
    "mean": 50.964425901584036,
    "median": 50.96589132869842,
    "p68": [
      50.82876159381005,
      51.099015131987485
    ],
    "p68_range": [
      50.82876159381005,
      51.099015131987485
    ],
    "p95": [
      50.70321440050233,
      51.23407557654666
    ],
    "p95_range": [
      50.70321440050233,
      51.23407557654666
    ],
    "std": 0.1349191926819825
  },
  "SiOx interface": {
    "best": 6.116345138905456,
    "index": 6,
    "integer": false,
    "label": "SiOx interface",
    "mean": 6.107782519642414,
    "median": 6.107469641879738,
    "p68": [
      6.031820878214249,
      6.1850208289746345
    ],
    "p68_range": [
      6.031820878214249,
      6.1850208289746345
    ],
    "p95": [
      5.964641684369807,
      6.255884380378383
    ],
    "p95_range": [
      5.964641684369807,
      6.255884380378383
    ],
    "std": 0.07530203173866959
  },
  "SiOx rho": {
    "best": 0.7945751044344087,
    "index": 7,
    "integer": false,
    "label": "SiOx rho",
    "mean": 0.8017985188214865,
    "median": 0.8014572158613189,
    "p68": [
      0.7671183937107778,
      0.8343919423985471
    ],
    "p68_range": [
      0.7671183937107778,
      0.8343919423985471
    ],
    "p95": [
      0.7357824554674844,
      0.8688306500059694
    ],
    "p95_range": [
      0.7357824554674844,
      0.8688306500059694
    ],
    "std": 0.03366398674343541
  },
  "SiOx thickness": {
    "best": 82.61914463525547,
    "index": 8,
    "integer": false,
    "label": "SiOx thickness",
    "mean": 82.51710848299908,
    "median": 82.49100708312079,
    "p68": [
      79.84199450769364,
      85.39431151494287
    ],
    "p68_range": [
      79.84199450769364,
      85.39431151494287
    ],
    "p95": [
      76.88645433170677,
      88.03066324765999
    ],
    "p95_range": [
      76.88645433170677,
      88.03066324765999
    ],
    "std": 2.785924928164593
  },
  "Silicon interface": {
    "best": 49.15738205602023,
    "index": 5,
    "integer": false,
    "label": "Silicon interface",
    "mean": 47.78452490563729,
    "median": 48.040564025125406,
    "p68": [
      46.1542525641728,
      49.3907053024646
    ],
    "p68_range": [
      46.1542525641728,
      49.3907053024646
    ],
    "p95": [
      44.18523486320479,
      49.90244689963016
    ],
    "p95_range": [
      44.18523486320479,
      49.90244689963016
    ],
    "std": 1.5476793122612187
  },
  "Water interface": {
    "best": 46.762285223026765,
    "index": 16,
    "integer": false,
    "label": "Water interface",
    "mean": 47.61914392020081,
    "median": 48.04181157055731,
    "p68": [
      45.68253953110163,
      49.480126104511534
    ],
    "p68_range": [
      45.68253953110163,
      49.480126104511534
    ],
    "p95": [
      43.193441651624504,
      49.91974603165126
    ],