{
  "Nafion interface": {
    "best": 12.377372566173467,
    "index": 19,
    "integer": false,
    "label": "Nafion interface",
    "mean": 12.312211526142868,
    "median": 12.32549517976177,
    "p68": [
      12.10525882270802,
      12.50472510894148
    ],
    "p68_range": [
      12.10525882270802,
      12.50472510894148
    ],
    "p95": [
      11.86309214547566,
      12.738047033430723
    ],
    "p95_range": [
      11.86309214547566,
      12.738047033430723
    ],
    "std": 0.21729513565134198
  },
  "Nafion rho": {
    "best": 3.221013221146531,
    "index": 20,
    "integer": false,
    "label": "Nafion rho",
    "mean": 3.222424031115266,
    "median": 3.221632672462483,
    "p68": [
      3.2097895925643383,
      3.2350287004578178
    ],
    "p68_range": [
      3.2097895925643383,
      3.2350287004578178
    ],
    "p95": [
      3.197638072208448,
      3.2512336942129774
    ],
    "p95_range": [
      3.197638072208448,
      3.2512336942129774
    ],
    "std": 0.013297961395869468
  },
  "Nafion thickness": {
    "best": 310.6552457239271,
    "index": 21,
    "integer": false,
    "label": "Nafion thickness",
    "mean": 310.7929647547746,
    "median": 310.7543151140395,
    "p68": [
      310.4496028052178,
      311.0522540461212
    ],
    "p68_range": [
      310.4496028052178,
      311.0522540461212
    ],
    "p95": [
      310.1617045590997,
      311.5303658954637
    ],
    "p95_range": [
      310.1617045590997,
      311.5303658954637
    ],
    "std": 0.639803201230251
  },
  "Permalloy interface": {
    "best": 9.63581082117223,
    "index": 9,
    "integer": false,
    "label": "Permalloy interface",
    "mean": 9.70117182662616,
    "median": 9.68888759404391,
    "p68": [
      9.48048309391519,
      9.912763867299633
    ],
    "p68_range": [
      9.48048309391519,
      9.912763867299633
    ],
    "p95": [
      9.300002215939712,
      10.198358334121886
    ],
    "p95_range": [
      9.300002215939712,
      10.198358334121886
    ],
    "std": 0.2286820415560008
  },
  "Permalloy rho": {
    "best": 8.738657160175418,
    "index": 11,
    "integer": false,
    "label": "Permalloy rho",
    "mean": 8.742273171483731,
    "median": 8.74211751282199,
    "p68": [
      8.728265399758968,
      8.756008821929733
    ],
    "p68_range": [
      8.728265399758968,
      8.756008821929733
    ],
    "p95": [
      8.711925131557148,
      8.772718869496183
    ],
    "p95_range": [
      8.711925131557148,
      8.772718869496183
    ],
    "std": 0.01503524172008352
  },
  "Permalloy rhoM": {
    "best": 1.6222421191167737,
    "index": 10,
    "integer": false,
    "label": "Permalloy rhoM",
    "mean": 1.6268188055788486,
    "median": 1.6264035761241142,
    "p68": [
      1.6138622205162418,
      1.6400108707046024
    ],
    "p68_range": [
      1.6138622205162418,
      1.6400108707046024
    ],
    "p95": [
      1.5987067361187677,
      1.6583205590549939
    ],
    "p95_range": [
      1.5987067361187677,
      1.6583205590549939
    ],
    "std": 0.014770577999337375
  },
  "Permalloy thickness": {
    "best": 107.80595749076997,
    "index": 12,
    "integer": false,
    "label": "Permalloy thickness",
    "mean": 107.83223552550547,
    "median": 107.8425028784941,
    "p68": [
      107.67527541137498,
      107.99646928607909
    ],
    "p68_range": [
      107.67527541137498,
      107.99646928607909
    ],
    "p95": [
      107.42962626500851,
      108.15992867980718
    ],
    "p95_range": [
      107.42962626500851,
      108.15992867980718
    ],
    "std": 0.1763956872939329
  },
  "Platinum interface": {
    "best": 8.73918935544376,
    "index": 13,
    "integer": false,
    "label": "Platinum interface",
    "mean": 8.60255068859597,
    "median": 8.641452801541249,
    "p68": [
      8.424015910265393,
      8.813630430600734
    ],
    "p68_range": [
      8.424015910265393,
      8.813630430600734
    ],
    "p95": [
      8.046169488766225,
      9.032172848313193
    ],
    "p95_range": [
      8.046169488766225,
      9.032172848313193
    ],
    "std": 0.3753711168570923
  },
  "Platinum rho": {
    "best": 6.356050676646711,
    "index": 14,
    "integer": false,
    "label": "Platinum rho",
    "mean": 6.348013446995887,
    "median": 6.3497927405947765,
    "p68": [
      6.323987462560427,
      6.371883904577252
    ],
    "p68_range": [
      6.323987462560427,
      6.371883904577252
    ],
    "p95": [
      6.2895242121589865,
      6.392252157547893
    ],
    "p95_range": [
      6.2895242121589865,
      6.392252157547893
    ],
    "std": 0.02601522422726876
  },
  "Platinum thickness": {
    "best": 57.424677461593355,
    "index": 15,
    "integer": false,
    "label": "Platinum thickness",
    "mean": 57.23960709622765,
    "median": 57.28354370235797,
    "p68": [
      57.01628859112526,
      57.5286448192295
    ],
    "p68_range": [
      57.01628859112526,
      57.5286448192295
    ],
    "p95": [
      56.507033328302136,
      57.74710683674393
    ],
    "p95_range": [
      56.507033328302136,
      57.74710683674393
    ],
    "std": 0.5558568541381199
  },
  "SiOx interface": {
    "best": 2.423251361075876,
    "index": 6,
    "integer": false,
    "label": "SiOx interface",
    "mean": 2.4423604705306703,
    "median": 2.454070023458224,
    "p68": [
      2.304586528828822,
      2.5764129836719487
    ],
    "p68_range": [
      2.304586528828822,
      2.5764129836719487
    ],
    "p95": [
      2.1305345073105624,
      2.700825246035693
    ],
    "p95_range": [
      2.1305345073105624,
      2.700825246035693
    ],
    "std": 0.1456911322601354
  },
  "SiOx rho": {
    "best": 2.4996843186365596,
    "index": 7,
    "integer": false,
    "label": "SiOx rho",
    "mean": 2.5005958415993756,
    "median": 2.496793008445904,
    "p68": [
      2.4736432030845794,
      2.5284744897836666
    ],
    "p68_range": [
      2.4736432030845794,
      2.5284744897836666
    ],
    "p95": [
      2.450710523252023,
      2.572507384595883
    ],
    "p95_range": [
      2.450710523252023,
      2.572507384595883
    ],
    "std": 0.0302672665195261
  },
  "SiOx thickness": {
    "best": 28.926791907394893,
    "index": 8,
    "integer": false,
    "label": "SiOx thickness",
    "mean": 29.006931979839433,
    "median": 29.02973617251163,
    "p68": [
      28.576689043917927,
      29.432965593966987
    ],
    "p68_range": [
      28.576689043917927,
      29.432965593966987
    ],
    "p95": [
      28.047372633781027,
      29.802301036205083
    ],
    "p95_range": [
      28.047372633781027,
      29.802301036205083
    ],
    "std": 0.45257020127859926
  },
  "Silicon interface": {
    "best": 0.2521992884163937,
    "index": 5,
    "integer": false,
    "label": "Silicon interface",
    "mean": 0.5565315944288206,
    "median": 0.48033266621581655,
    "p68": [
      0.18942125922106348,
      0.9373509908003547
    ],
    "p68_range": [
      0.18942125922106348,
      0.9373509908003547
    ],
    "p95": [
      0.033726001052767275,
      1.4386434399833066
    ],
    "p95_range": [
      0.033726001052767275,
      1.4386434399833066
    ],
    "std": 0.38348510467558256
  },
  "Water interface": {
    "best": 2.2882942380991733,
    "index": 16,
    "integer": false,
    "label": "Water interface",
    "mean": 2.174007824368061,
    "median": 2.237673127392178,
    "p68": [
      1.7901655712106013,
      2.581485096961408
    ],
    "p68_range": [
      1.7901655712106013,
      2.581485096961408
    ],