{
  "Background MM": {
    "best": 9.515158996625617e-08,
    "index": 1,
    "integer": false,
    "label": "Background MM",
    "mean": 8.549560210751209e-08,
    "median": 8.362690558002751e-08,
    "p68": [
      3.4866065471744604e-08,
      1.3178127478940175e-07
    ],
    "p68_range": [
      3.4866065471744604e-08,
      1.3178127478940175e-07
    ],
    "p95": [
      1.0601613699465587e-08,
      1.762660048928625e-07
    ],
    "p95_range": [
      1.0601613699465587e-08,
      1.762660048928625e-07
    ],
    "std": 4.477745014344195e-08
  },
  "Background PP": {
    "best": 1.0710786122837213e-07,
    "index": 3,
    "integer": false,
    "label": "Background PP",
    "mean": 8.671715030686457e-08,
    "median": 8.498873209151019e-08,
    "p68": [
      3.3669988900071655e-08,
      1.3754831730633253e-07
    ],
    "p68_range": [
      3.3669988900071655e-08,
      1.3754831730633253e-07
    ],
    "p95": [
      8.663038225316359e-09,
      1.8001674996175785e-07
    ],
    "p95_range": [
      8.663038225316359e-09,
      1.8001674996175785e-07
    ],
    "std": 4.702108813757988e-08
  },
  "Bulk Nafion interface": {
    "best": 9.569534948968794,
    "index": 24,
    "integer": false,
    "label": "Bulk Nafion interface",
    "mean": 9.779699751650021,
    "median": 9.766384941663164,
    "p68": [
      9.51416351386421,
      10.033416633414625
    ],
    "p68_range": [
      9.51416351386421,
      10.033416633414625
    ],
    "p95": [
      9.312426338964109,
      10.32086638801863
    ],
    "p95_range": [
      9.312426338964109,
      10.32086638801863
    ],
    "std": 0.26041175883265
  },
  "Bulk Nafion rho": {
    "best": 4.113228883226949,
    "index": 25,
    "integer": false,
    "label": "Bulk Nafion rho",
    "mean": 4.163546948506509,
    "median": 4.1569218632408385,
    "p68": [
      4.118373822758635,
      4.206631966763005
    ],
    "p68_range": [
      4.118373822758635,
      4.206631966763005
    ],
    "p95": [
      4.090359729335829,
      4.274523798239913
    ],
    "p95_range": [
      4.090359729335829,
      4.274523798239913
    ],
    "std": 0.04681841510681082
  },
  "Bulk Nafion thickness": {
    "best": 139.31219424441753,
    "index": 26,
    "integer": false,
    "label": "Bulk Nafion thickness",
    "mean": 128.19296514065388,
    "median": 130.15163792182676,
    "p68": [
      115.06158498196874,
      140.31560881822983
    ],
    "p68_range": [
      115.06158498196874,
      140.31560881822983
    ],
    "p95": [
      96.7632484322277,
      150.04900035611985
    ],
    "p95_range": [
      96.7632484322277,
      150.04900035611985
    ],
    "std": 13.327337946273394
  },
  "Grad thickness": {
    "best": 109.16465398017988,
    "index": 23,
    "integer": false,
    "label": "Grad thickness",
    "mean": 119.50468345735429,
    "median": 117.38408566957705,
    "p68": [
      107.45273689433739,
      132.72609247941526
    ],
    "p68_range": [
      107.45273689433739,
      132.72609247941526
    ],
    "p95": [
      97.83351528013527,
      150.42809396719062
    ],
    "p95_range": [
      97.83351528013527,
      150.42809396719062
    ],
    "std": 13.327774464417578
  },
  "Grad:Nafion": {
    "best": 0.500928615881222,
    "index": 30,
    "integer": false,
    "label": "Grad:Nafion",
    "mean": 0.5086679348228478,
    "median": 0.5171938534388126,
    "p68": [
      0.4775978804162243,
      0.5416386813505318
    ],
    "p68_range": [
      0.4775978804162243,
      0.5416386813505318
    ],
    "p95": [
      0.41364883972665134,
      0.548624115939599
    ],
    "p95_range": [
      0.41364883972665134,
      0.548624115939599
    ],
    "std": 0.0355787128804847
  },
  "Gradient rho": {
    "best": 3.699687816341046,
    "index": 22,
    "integer": false,
    "label": "Gradient rho",
    "mean": 3.7087925039271266,
    "median": 3.7087085319133486,
    "p68": [
      3.6916539231395125,
      3.7264927096211222
    ],
    "p68_range": [
      3.6916539231395125,
      3.7264927096211222
    ],
    "p95": [
      3.6769261815238,
      3.7420765850572426
    ],
    "p95_range": [
      3.6769261815238,
      3.7420765850572426
    ],
    "std": 0.016916544782103235
  },
  "NRL1 rho": {
    "best": 3.96306167226533,
    "index": 18,
    "integer": false,
    "label": "NRL1 rho",
    "mean": 4.006246511920248,
    "median": 3.969658593993193,
    "p68": [
      3.908947660450447,
      4.114096271764976
    ],
    "p68_range": [
      3.908947660450447,
      4.114096271764976
    ],
    "p95": [
      3.8717205999120337,
      4.361297849632353
    ],
    "p95_range": [
      3.8717205999120337,
      4.361297849632353
    ],
    "std": 0.12023968880680341
  },
  "NRL1 thickness": {
    "best": 19.97939118166831,
    "index": 19,
    "integer": false,
    "label": "NRL1 thickness",
    "mean": 19.51433849474298,
    "median": 19.916213210216217,
    "p68": [
      17.085020573511272,
      21.874554918489906
    ],
    "p68_range": [
      17.085020573511272,
      21.874554918489906
    ],
    "p95": [
      13.762732403383016,
      23.16304882601081
    ],
    "p95_range": [
      13.762732403383016,
      23.16304882601081
    ],
    "std": 2.4178904850594036
  },
  "NRL1:WRL2": {
    "best": 0.33645519783766015,
    "index": 28,
    "integer": false,
    "label": "NRL1:WRL2",
    "mean": 0.2908643383085979,
    "median": 0.30147770607187024,
    "p68": [
      0.10305925619450916,
      0.46649189534334784
    ],
    "p68_range": [
      0.10305925619450916,
      0.46649189534334784
    ],
    "p95": [
      0.018462100852180356,
      0.5353656009670917
    ],
    "p95_range": [
      0.018462100852180356,
      0.5353656009670917
    ],
    "std": 0.15422480463475802
  },
  "Permalloy interface": {
    "best": 7.449981898850784,
    "index": 9,
    "integer": false,
    "label": "Permalloy interface",
    "mean": 7.375732763816424,
    "median": 7.385186572442695,
    "p68": [
      7.139918902559072,
      7.608839323690002
    ],
    "p68_range": [
      7.139918902559072,
      7.608839323690002
    ],
    "p95": [
      6.905103937554438,
      7.817544114523357
    ],
    "p95_range": [
      6.905103937554438,
      7.817544114523357
    ],
    "std": 0.23117089171281577
  },
  "Permalloy rho": {
    "best": 9.006585449296889,
    "index": 11,
    "integer": false,
    "label": "Permalloy rho",
    "mean": 8.997313716115839,
    "median": 8.998252432026185,
    "p68": [
      8.975814073917862,
      9.01790042126279
    ],
    "p68_range": [
      8.975814073917862,
      9.01790042126279
    ],
    "p95": [
      8.953176236107696,
      9.037156018658123
    ],
    "p95_range": [
      8.953176236107696,
      9.037156018658123
    ],
    "std": 0.021077925059057773
  },
  "Permalloy rhoM": {
    "best": 1.9162633439941925,
    "index": 10,
    "integer": false,
    "label": "Permalloy rhoM",
    "mean": 1.9208757481295062,
    "median": 1.920599723812994,
    "p68": [
      1.90904944013714,
      1.9327006597472622
    ],
    "p68_range": [
      1.90904944013714,
      1.9327006597472622
    ],
    "p95": [
      1.8990967522466102,
      1.943192026233347
    ],
    "p95_range": [
      1.8990967522466102,
      1.943192026233347
    ],
    "std": 0.011648798092488637
  },
  "Permalloy thickness": {
    "best": 109.0330427387538,
    "index": 12,
    "integer": false,
    "label": "Permalloy thickness",
    "mean": 109.07617075656105,
    "median": 109.08219039791744,
    "p68": [
      108.92536604920888,
      109.21416421418148
    ],