{
  "Nafion thickness": {
    "best": 344.2298570583454,
    "index": 14,
    "integer": false,
    "label": "Nafion thickness",
    "mean": 344.6636052622154,
    "median": 344.6582690818214,
    "p68": [
      344.52471307016856,
      344.8011266614594
    ],
    "p68_range": [
      344.52471307016856,
      344.8011266614594
    ],
    "p95": [
      344.2537982213717,
      345.1625907893405
    ],
    "p95_range": [
      344.2537982213717,
      345.1625907893405
    ],
    "std": 0.21443510817422992
  },
  "Nafion z[0]": {
    "best": 0.02499900426086018,
    "index": 15,
    "integer": false,
    "label": "Nafion z[0]",
    "mean": 0.02656667671386135,
    "median": 0.026835156238641567,
    "p68": [
      0.023781792976207323,
      0.029341806935395492
    ],
    "p68_range": [
      0.023781792976207323,
      0.029341806935395492
    ],
    "p95": [
      0.020066632722690672,
      0.031489940414012076
    ],
    "p95_range": [
      0.020066632722690672,
      0.031489940414012076
    ],
    "std": 0.002863513602211832
  },
  "Nafion z[1]": {
    "best": 0.21035356778264203,
    "index": 16,
    "integer": false,
    "label": "Nafion z[1]",
    "mean": 0.20440989618661876,
    "median": 0.2037159027149834,
    "p68": [
      0.19008494713678722,
      0.21747043706464766
    ],
    "p68_range": [
      0.19008494713678722,
      0.21747043706464766
    ],
    "p95": [
      0.1797653029246594,
      0.23829386880971234
    ],
    "p95_range": [
      0.1797653029246594,
      0.23829386880971234
    ],
    "std": 0.014734382043026595
  },
  "Nafion z[2]": {
    "best": 0.5672987041491085,
    "index": 17,
    "integer": false,
    "label": "Nafion z[2]",
    "mean": 0.5928188568816168,
    "median": 0.5983931535280254,
    "p68": [
      0.5524065016225792,
      0.6284061949951654
    ],
    "p68_range": [
      0.5524065016225792,
      0.6284061949951654
    ],
    "p95": [
      0.5128895821985234,
      0.6522693267655397
    ],
    "p95_range": [
      0.5128895821985234,
      0.6522693267655397
    ],
    "std": 0.0380433708176684
  },
  "Nafion z[3]": {
    "best": 0.7184036438438505,
    "index": 18,
    "integer": false,
    "label": "Nafion z[3]",
    "mean": 0.7222885758061164,
    "median": 0.7206008926144315,
    "p68": [
      0.7091865422339211,
      0.7355900877569048
    ],
    "p68_range": [
      0.7091865422339211,
      0.7355900877569048
    ],
    "p95": [
      0.6993922071738459,
      0.7537990852754747
    ],
    "p95_range": [
      0.6993922071738459,
      0.7537990852754747
    ],
    "std": 0.014004168506464017
  },
  "Nafion z[4]": {
    "best": 0.6346437688788842,
    "index": 19,
    "integer": false,
    "label": "Nafion z[4]",
    "mean": 0.6103016353892393,
    "median": 0.6173621545548443,
    "p68": [
      0.5820886554478992,
      0.6327092060586201
    ],
    "p68_range": [
      0.5820886554478992,
      0.6327092060586201
    ],
    "p95": [
      0.5445671783051678,
      0.6476097959942267
    ],
    "p95_range": [
      0.5445671783051678,
      0.6476097959942267
    ],
    "std": 0.026191050294732746
  },
  "Nafion z[5]": {
    "best": 0.909632089048979,
    "index": 20,
    "integer": false,
    "label": "Nafion z[5]",
    "mean": 0.909082549476759,
    "median": 0.9092264213436483,
    "p68": [
      0.9075210943547983,
      0.9109021637699533
    ],
    "p68_range": [
      0.9075210943547983,
      0.9109021637699533
    ],
    "p95": [
      0.9040222805782284,
      0.9128943127306625
    ],
    "p95_range": [
      0.9040222805782284,
      0.9128943127306625
    ],
    "std": 0.002069357754596937
  },
  "Permalloy interface": {
    "best": 7.9093899217681045,
    "index": 7,
    "integer": false,
    "label": "Permalloy interface",
    "mean": 8.09424499159342,
    "median": 8.04152607093521,
    "p68": [
      7.96553766130883,
      8.233583145033943
    ],
    "p68_range": [
      7.96553766130883,
      8.233583145033943
    ],
    "p95": [
      7.656246300313502,
      8.693670425723154
    ],
    "p95_range": [
      7.656246300313502,
      8.693670425723154
    ],
    "std": 0.22244965047031515
  },
  "Permalloy rho": {
    "best": 9.241273082903827,
    "index": 9,
    "integer": false,
    "label": "Permalloy rho",
    "mean": 9.256729690051891,
    "median": 9.2578088061275,
    "p68": [
      9.22237168199812,
      9.291395849573147
    ],
    "p68_range": [
      9.22237168199812,
      9.291395849573147
    ],
    "p95": [
      9.183974080601788,
      9.309515514957596
    ],
    "p95_range": [
      9.183974080601788,
      9.309515514957596
    ],
    "std": 0.0337966555368964
  },
  "Permalloy rhoM": {
    "best": 1.8364341522985312,
    "index": 8,
    "integer": false,
    "label": "Permalloy rhoM",
    "mean": 1.8523725465644192,
    "median": 1.8487726181310855,
    "p68": [
      1.8241434716794431,
      1.8816001706011933
    ],
    "p68_range": [
      1.8241434716794431,
      1.8816001706011933
    ],
    "p95": [
      1.8114856321124797,
      1.9087660732854508
    ],
    "p95_range": [
      1.8114856321124797,
      1.9087660732854508
    ],
    "std": 0.026754098131250275
  },
  "Permalloy thickness": {
    "best": 108.25124421787451,
    "index": 10,
    "integer": false,
    "label": "Permalloy thickness",
    "mean": 107.97187725512293,
    "median": 107.84350560945548,
    "p68": [
      107.73270461864702,
      108.2937822243997
    ],
    "p68_range": [
      107.73270461864702,
      108.2937822243997
    ],
    "p95": [
      107.62415126033757,
      108.90992036803252
    ],
    "p95_range": [
      107.62415126033757,
      108.90992036803252
    ],
    "std": 0.32969844374423424
  },
  "Platinum interface": {
    "best": 0.311291837201545,
    "index": 11,
    "integer": false,
    "label": "Platinum interface",
    "mean": 0.15256514304140778,
    "median": 0.15215857359275287,
    "p68": [
      0.0859939442496034,
      0.19913888722959547
    ],
    "p68_range": [
      0.0859939442496034,
      0.19913888722959547
    ],
    "p95": [
      0.024353911015242598,
      0.35372230747484174
    ],
    "p95_range": [
      0.024353911015242598,
      0.35372230747484174
    ],
    "std": 0.08184367504770584
  },
  "Platinum rho": {
    "best": 5.792164311112264,
    "index": 12,
    "integer": false,
    "label": "Platinum rho",
    "mean": 5.851741243413402,
    "median": 5.8427588696089705,
    "p68": [
      5.8128039463214805,
      5.896772358847885
    ],
    "p68_range": [
      5.8128039463214805,
      5.896772358847885
    ],
    "p95": [
      5.780415694696123,
      5.954280960046884
    ],
    "p95_range": [
      5.780415694696123,
      5.954280960046884
    ],
    "std": 0.04445638617163837
  },
  "Platinum thickness": {
    "best": 46.66076433047208,
    "index": 13,
    "integer": false,
    "label": "Platinum thickness",
    "mean": 46.608364195775884,
    "median": 46.60783986326343,
    "p68": [
      46.53583809425685,
      46.70039739555535
    ],
    "p68_range": [
      46.53583809425685,
      46.70039739555535
    ],
    "p95": [
      46.25697587082513,
      46.89031725080202
    ],
    "p95_range": [
      46.25697587082513,
      46.89031725080202
    ],
    "std": 0.13523149923617944
  },
  "SiOx interface": {
    "best": 4.225989135869551,
    "index": 4,
    "integer": false,
    "label": "SiOx interface",
    "mean": 3.506621115849226,
    "median": 3.3996730591873354,
    "p68": [
      3.322249645239594,
      3.782980193223688
    ],
    "p68_range": [
      3.322249645239594,
      3.782980193223688
    ],