{
  "Nafion thickness": {
    "best": 336.90062856116117,
    "index": 14,
    "integer": false,
    "label": "Nafion thickness",
    "mean": 335.50631243318685,
    "median": 335.37224873709744,
    "p68": [
      335.16723606086595,
      335.8628324876909
    ],
    "p68_range": [
      335.16723606086595,
      335.8628324876909
    ],
    "p95": [
      334.8544881985948,
      336.77573692328497
    ],
    "p95_range": [
      334.8544881985948,
      336.77573692328497
    ],
    "std": 0.46363527014923833
  },
  "Nafion z[0]": {
    "best": 0.011011727321571223,
    "index": 15,
    "integer": false,
    "label": "Nafion z[0]",
    "mean": 0.015832324637020743,
    "median": 0.016062888566543487,
    "p68": [
      0.012030558128668635,
      0.019713563181033355
    ],
    "p68_range": [
      0.012030558128668635,
      0.019713563181033355
    ],
    "p95": [
      0.006715696775328394,
      0.022966265589915897
    ],
    "p95_range": [
      0.006715696775328394,
      0.022966265589915897
    ],
    "std": 0.003961176083051592
  },
  "Nafion z[1]": {
    "best": 0.09399025343701252,
    "index": 16,
    "integer": false,
    "label": "Nafion z[1]",
    "mean": 0.07204495447065529,
    "median": 0.07263600628661679,
    "p68": [
      0.04579573743547987,
      0.09656096271217962
    ],
    "p68_range": [
      0.04579573743547987,
      0.09656096271217962
    ],
    "p95": [
      0.023673340920155238,
      0.12111558772789661
    ],
    "p95_range": [
      0.023673340920155238,
      0.12111558772789661
    ],
    "std": 0.02556992233851855
  },
  "Nafion z[2]": {
    "best": 0.3437674038226412,
    "index": 17,
    "integer": false,
    "label": "Nafion z[2]",
    "mean": 0.36222924004112106,
    "median": 0.35931775102328567,
    "p68": [
      0.3360680915872694,
      0.3925517340902954
    ],
    "p68_range": [
      0.3360680915872694,
      0.3925517340902954
    ],
    "p95": [
      0.31818215686703644,
      0.41604357138558423
    ],
    "p95_range": [
      0.31818215686703644,
      0.41604357138558423
    ],
    "std": 0.02686875253038301
  },
  "Nafion z[3]": {
    "best": 0.6712145500978142,
    "index": 18,
    "integer": false,
    "label": "Nafion z[3]",
    "mean": 0.6764879594533529,
    "median": 0.6735858994761106,
    "p68": [
      0.6632991884709026,
      0.6890910011616337
    ],
    "p68_range": [
      0.6632991884709026,
      0.6890910011616337
    ],
    "p95": [
      0.6544264675065183,
      0.7169125433596116
    ],
    "p95_range": [
      0.6544264675065183,
      0.7169125433596116
    ],
    "std": 0.01570543236074648
  },
  "Nafion z[4]": {
    "best": 0.6716746529587724,
    "index": 19,
    "integer": false,
    "label": "Nafion z[4]",
    "mean": 0.685352256405429,
    "median": 0.6837878178945294,
    "p68": [
      0.6686949512542837,
      0.6999654616994229
    ],
    "p68_range": [
      0.6686949512542837,
      0.6999654616994229
    ],
    "p95": [
      0.6575974594579875,
      0.7372077996363599
    ],
    "p95_range": [
      0.6575974594579875,
      0.7372077996363599
    ],
    "std": 0.018553869941384027
  },
  "Nafion z[5]": {
    "best": 0.7455014133183927,
    "index": 20,
    "integer": false,
    "label": "Nafion z[5]",
    "mean": 0.7244050947229776,
    "median": 0.7262811997120427,
    "p68": [
      0.7044770498148079,
      0.7445613657693271
    ],
    "p68_range": [
      0.7044770498148079,
      0.7445613657693271
    ],
    "p95": [
      0.6722193545277908,
      0.7677351511777131
    ],
    "p95_range": [
      0.6722193545277908,
      0.7677351511777131
    ],
    "std": 0.02312484807081313
  },
  "Nafion z[6]": {
    "best": 0.9298747089775948,
    "index": 21,
    "integer": false,
    "label": "Nafion z[6]",
    "mean": 0.9419711496351415,
    "median": 0.9422081876457558,
    "p68": [
      0.9387490693951391,
      0.9451239844370217
    ],
    "p68_range": [
      0.9387490693951391,
      0.9451239844370217
    ],
    "p95": [
      0.9344026768841979,
      0.9480708488554086
    ],
    "p95_range": [
      0.9344026768841979,
      0.9480708488554086
    ],
    "std": 0.0034784058987354896
  },
  "Permalloy interface": {
    "best": 6.841941324412447,
    "index": 7,
    "integer": false,
    "label": "Permalloy interface",
    "mean": 7.183533938636186,
    "median": 7.141668168949434,
    "p68": [
      7.0871324487536596,
      7.275638128474029
    ],
    "p68_range": [
      7.0871324487536596,
      7.275638128474029
    ],
    "p95": [
      6.949975526205246,
      7.6791548052123755
    ],
    "p95_range": [
      6.949975526205246,
      7.6791548052123755
    ],
    "std": 0.16533211268307307
  },
  "Permalloy rho": {
    "best": 9.344837468986716,
    "index": 9,
    "integer": false,
    "label": "Permalloy rho",
    "mean": 9.405597386788347,
    "median": 9.408269966117736,
    "p68": [
      9.358379870751936,
      9.452816334267906
    ],
    "p68_range": [
      9.358379870751936,
      9.452816334267906
    ],
    "p95": [
      9.312128203201647,
      9.474932088973583
    ],
    "p95_range": [
      9.312128203201647,
      9.474932088973583
    ],
    "std": 0.04347629100553354
  },
  "Permalloy rhoM": {
    "best": 1.8542955858094448,
    "index": 8,
    "integer": false,
    "label": "Permalloy rhoM",
    "mean": 1.860364006625432,
    "median": 1.8594280721040795,
    "p68": [
      1.8349226845297444,
      1.8834641304654183
    ],
    "p68_range": [
      1.8349226845297444,
      1.8834641304654183
    ],
    "p95": [
      1.81395475081954,
      1.9101921474372896
    ],
    "p95_range": [
      1.81395475081954,
      1.9101921474372896
    ],
    "std": 0.024854269755940885
  },
  "Permalloy thickness": {
    "best": 108.2973425798571,
    "index": 10,
    "integer": false,
    "label": "Permalloy thickness",
    "mean": 108.47802925479068,
    "median": 108.47659863870683,
    "p68": [
      108.38254047868631,
      108.57862073624669
    ],
    "p68_range": [
      108.38254047868631,
      108.57862073624669
    ],
    "p95": [
      108.15784331391407,
      108.7968681901024
    ],
    "p95_range": [
      108.15784331391407,
      108.7968681901024
    ],
    "std": 0.13419243254892724
  },
  "Platinum interface": {
    "best": 1.2098718703607303,
    "index": 11,
    "integer": false,
    "label": "Platinum interface",
    "mean": 1.2162628673445885,
    "median": 1.208354254324152,
    "p68": [
      1.0815416666873627,
      1.339493848809989
    ],
    "p68_range": [
      1.0815416666873627,
      1.339493848809989
    ],
    "p95": [
      0.8459364845536218,
      1.6600607326474899
    ],
    "p95_range": [
      0.8459364845536218,
      1.6600607326474899
    ],
    "std": 0.19469641727779077
  },
  "Platinum rho": {
    "best": 5.899746943724484,
    "index": 12,
    "integer": false,
    "label": "Platinum rho",
    "mean": 5.931876132019022,
    "median": 5.928207007397035,
    "p68": [
      5.891173676442853,
      5.973911966609543
    ],
    "p68_range": [
      5.891173676442853,
      5.973911966609543
    ],
    "p95": [
      5.852395627290124,
      6.022323991436284
    ],
    "p95_range": [
      5.852395627290124,
      6.022323991436284
    ],
    "std": 0.042118010301380245
  },
  "Platinum thickness": {
    "best": 49.2599914018605,
    "index": 13,
    "integer": false,
    "label": "Platinum thickness",
    "mean": 48.622824091840165,
    "median": 48.53172047419718,
    "p68": [
      48.36933902519297,
      48.912212193875895
    ],
    "p68_range": [
      48.36933902519297,
      48.912212193875895
    ],