{
  "Background MM": {
    "best": 9.467952546689604e-08,
    "index": 1,
    "integer": false,
    "label": "Background MM",
    "mean": 1.0269552939819366e-07,
    "median": 1.02391480477065e-07,
    "p68": [
      5.6092176216550405e-08,
      1.4578566638773546e-07
    ],
    "p68_range": [
      5.6092176216550405e-08,
      1.4578566638773546e-07
    ],
    "p95": [
      2.1529020463428934e-08,
      1.939836570915347e-07
    ],
    "p95_range": [
      2.1529020463428934e-08,
      1.939836570915347e-07
    ],
    "std": 4.3925138223801195e-08
  },
  "Background PP": {
    "best": 1.1593779265221262e-07,
    "index": 3,
    "integer": false,
    "label": "Background PP",
    "mean": 1.2021474410152528e-07,
    "median": 1.2089072041432859e-07,
    "p68": [
      8.075710203220424e-08,
      1.6264903830893816e-07
    ],
    "p68_range": [
      8.075710203220424e-08,
      1.6264903830893816e-07
    ],
    "p95": [
      3.1919006607261615e-08,
      2.012272241721628e-07
    ],
    "p95_range": [
      3.1919006607261615e-08,
      2.012272241721628e-07
    ],
    "std": 4.202718475348826e-08
  },
  "Bulk Nafion interface": {
    "best": 8.76194720180573,
    "index": 21,
    "integer": false,
    "label": "Bulk Nafion interface",
    "mean": 8.824720599707902,
    "median": 8.814448798038859,
    "p68": [
      8.607591198808286,
      9.050563914367078
    ],
    "p68_range": [
      8.607591198808286,
      9.050563914367078
    ],
    "p95": [
      8.420871438099766,
      9.260203959683928
    ],
    "p95_range": [
      8.420871438099766,
      9.260203959683928
    ],
    "std": 0.21631705764524117
  },
  "Bulk Nafion rho": {
    "best": 3.944373554645127,
    "index": 22,
    "integer": false,
    "label": "Bulk Nafion rho",
    "mean": 3.9419345052311163,
    "median": 3.9417540024926296,
    "p68": [
      3.9279712865427,
      3.9562366618899576
    ],
    "p68_range": [
      3.9279712865427,
      3.9562366618899576
    ],
    "p95": [
      3.914578480836562,
      3.9706492859711955
    ],
    "p95_range": [
      3.914578480836562,
      3.9706492859711955
    ],
    "std": 0.013994054811725845
  },
  "Bulk Nafion thickness": {
    "best": 229.35002911507718,
    "index": 23,
    "integer": false,
    "label": "Bulk Nafion thickness",
    "mean": 229.01794765845077,
    "median": 229.03215700264886,
    "p68": [
      228.34681033715816,
      229.67566885071975
    ],
    "p68_range": [
      228.34681033715816,
      229.67566885071975
    ],
    "p95": [
      227.76398982535284,
      230.20679739298203
    ],
    "p95_range": [
      227.76398982535284,
      230.20679739298203
    ],
    "std": 0.6430656055479996
  },
  "Grad thickness": {
    "best": 5.000416599985767,
    "index": 20,
    "integer": false,
    "label": "Grad thickness",
    "mean": 5.090789878840289,
    "median": 5.065081663395558,
    "p68": [
      5.016504071946882,
      5.17601635239073
    ],
    "p68_range": [
      5.016504071946882,
      5.17601635239073
    ],
    "p95": [
      5.002828189055868,
      5.310835091574284
    ],
    "p95_range": [
      5.002828189055868,
      5.310835091574284
    ],
    "std": 0.08770311859475281
  },
  "Grad:Nafion": {
    "best": 0.1363654971447918,
    "index": 32,
    "integer": false,
    "label": "Grad:Nafion",
    "mean": 0.21054618125142435,
    "median": 0.19354216387124545,
    "p68": [
      0.058259783299728626,
      0.3764373633660328
    ],
    "p68_range": [
      0.058259783299728626,
      0.3764373633660328
    ],
    "p95": [
      0.010188571185453098,
      0.48924011802176287
    ],
    "p95_range": [
      0.010188571185453098,
      0.48924011802176287
    ],
    "std": 0.13719295595958753
  },
  "NRL1 thickness": {
    "best": 4.0567556937456155,
    "index": 16,
    "integer": false,
    "label": "NRL1 thickness",
    "mean": 4.519986164646719,
    "median": 4.368327698326364,
    "p68": [
      4.077180778058179,
      4.96614101686255
    ],
    "p68_range": [
      4.077180778058179,
      4.96614101686255
    ],
    "p95": [
      4.011703177883963,
      5.825279866481384
    ],
    "p95_range": [
      4.011703177883963,
      5.825279866481384
    ],
    "std": 0.5010955141088399
  },
  "NRL1:WRL1": {
    "best": 0.18069210258938376,
    "index": 24,
    "integer": false,
    "label": "NRL1:WRL1",
    "mean": 0.2300880954016404,
    "median": 0.21800875674080447,
    "p68": [
      0.07218406849119466,
      0.3927575350145503
    ],
    "p68_range": [
      0.07218406849119466,
      0.3927575350145503
    ],
    "p95": [
      0.010957059242680207,
      0.5180755758954094
    ],
    "p95_range": [
      0.010957059242680207,
      0.5180755758954094
    ],
    "std": 0.14384358916594356
  },
  "NRL2 thickness": {
    "best": 10.097549118242775,
    "index": 18,
    "integer": false,
    "label": "NRL2 thickness",
    "mean": 9.752700057023187,
    "median": 9.826374564352484,
    "p68": [
      8.658115280654316,
      10.913114499077288
    ],
    "p68_range": [
      8.658115280654316,
      10.913114499077288
    ],
    "p95": [
      7.185815823050073,
      11.866714610318288
    ],
    "p95_range": [
      7.185815823050073,
      11.866714610318288
    ],
    "std": 1.145039104324719
  },
  "NRL2:WRL2": {
    "best": 0.5499740135773279,
    "index": 28,
    "integer": false,
    "label": "NRL2:WRL2",
    "mean": 0.529465340647214,
    "median": 0.536896633206056,
    "p68": [
      0.5105763733205728,
      0.5470285658001244
    ],
    "p68_range": [
      0.5105763733205728,
      0.5470285658001244
    ],
    "p95": [
      0.4713083495652082,
      0.5495823183900876
    ],
    "p95_range": [
      0.4713083495652082,
      0.5495823183900876
    ],
    "std": 0.022232390860617957
  },
  "Nafion Fraction-Gradient": {
    "best": 1.1999988378591657,
    "index": 33,
    "integer": false,
    "label": "Nafion Fraction-Gradient",
    "mean": 1.1894520412243297,
    "median": 1.1923655666600945,
    "p68": [
      1.1814895093652371,
      1.1982024553925947
    ],
    "p68_range": [
      1.1814895093652371,
      1.1982024553925947
    ],
    "p95": [
      1.1611840616691365,
      1.199727780164022
    ],
    "p95_range": [
      1.1611840616691365,
      1.199727780164022
    ],
    "std": 0.010141021558205726
  },
  "Nafion Fraction-NRL1": {
    "best": 1.2999898619708952,
    "index": 25,
    "integer": false,
    "label": "Nafion Fraction-NRL1",
    "mean": 1.2793969283514501,
    "median": 1.2864352326684032,
    "p68": [
      1.2627826144729102,
      1.2963917861184344
    ],
    "p68_range": [
      1.2627826144729102,
      1.2963917861184344
    ],
    "p95": [
      1.2249914809828315,
      1.2994381872935337
    ],
    "p95_range": [
      1.2249914809828315,
      1.2994381872935337
    ],
    "std": 0.022926425236083424
  },
  "Nafion Fraction-NRL2": {
    "best": 1.167541898380001,
    "index": 29,
    "integer": false,
    "label": "Nafion Fraction-NRL2",
    "mean": 1.1766531861276788,
    "median": 1.1736311181701269,
    "p68": [
      1.1376416374841607,
      1.2166864107905722
    ],
    "p68_range": [
      1.1376416374841607,
      1.2166864107905722
    ],
    "p95": [
      1.1061428827525348,
      1.2694017768659502
    ],
    "p95_range": [
      1.1061428827525348,
      1.2694017768659502
    ],
    "std": 0.040159601242276965
  },
  "Nafion Fraction-WRL1": {
    "best": 0.417999321596917,
    "index": 27,
    "integer": false,
    "label": "Nafion Fraction-WRL1",
    "mean": 0.406688671229307,
    "median": 0.40772588454508246,