{
  "Background MM": {
    "best": 1.0271233205125469e-07,
    "index": 1,
    "integer": false,
    "label": "Background MM",
    "mean": 1.1100133630594617e-07,
    "median": 1.1284664589147392e-07,
    "p68": [
      6.056013605098848e-08,
      1.589291493198894e-07
    ],
    "p68_range": [
      6.056013605098848e-08,
      1.589291493198894e-07
    ],
    "p95": [
      2.2735609419136986e-08,
      1.9668723207631464e-07
    ],
    "p95_range": [
      2.2735609419136986e-08,
      1.9668723207631464e-07
    ],
    "std": 4.585292346445433e-08
  },
  "Background PP": {
    "best": 1.027658236353783e-07,
    "index": 3,
    "integer": false,
    "label": "Background PP",
    "mean": 1.2690034502385532e-07,
    "median": 1.2466432697432387e-07,
    "p68": [
      8.759623175689188e-08,
      1.6728420459876796e-07
    ],
    "p68_range": [
      8.759623175689188e-08,
      1.6728420459876796e-07
    ],
    "p95": [
      5.411438111334816e-08,
      2.1065108890585915e-07
    ],
    "p95_range": [
      5.411438111334816e-08,
      2.1065108890585915e-07
    ],
    "std": 4.0316128804483e-08
  },
  "Bulk Nafion interface": {
    "best": 8.641129473724341,
    "index": 20,
    "integer": false,
    "label": "Bulk Nafion interface",
    "mean": 8.60621655042672,
    "median": 8.59880135101434,
    "p68": [
      8.411308484105444,
      8.812718212529672
    ],
    "p68_range": [
      8.411308484105444,
      8.812718212529672
    ],
    "p95": [
      8.227325923621091,
      9.017717021520095
    ],
    "p95_range": [
      8.227325923621091,
      9.017717021520095
    ],
    "std": 0.20014214339779524
  },
  "Bulk Nafion rho": {
    "best": 3.8437628978458966,
    "index": 21,
    "integer": false,
    "label": "Bulk Nafion rho",
    "mean": 3.841350808224655,
    "median": 3.8415713674805914,
    "p68": [
      3.8311083288746013,
      3.852034385376607
    ],
    "p68_range": [
      3.8311083288746013,
      3.852034385376607
    ],
    "p95": [
      3.820875545939281,
      3.8603150871189476
    ],
    "p95_range": [
      3.820875545939281,
      3.8603150871189476
    ],
    "std": 0.010241163252231287
  },
  "Bulk Nafion thickness": {
    "best": 244.16885694863998,
    "index": 22,
    "integer": false,
    "label": "Bulk Nafion thickness",
    "mean": 244.66115326364908,
    "median": 244.69391157194025,
    "p68": [
      243.70453294874682,
      245.62345745044192
    ],
    "p68_range": [
      243.70453294874682,
      245.62345745044192
    ],
    "p95": [
      242.68925350096276,
      246.43034760827598
    ],
    "p95_range": [
      242.68925350096276,
      246.43034760827598
    ],
    "std": 0.9714615252372246
  },
  "NRL1 thickness": {
    "best": 4.056020821548739,
    "index": 16,
    "integer": false,
    "label": "NRL1 thickness",
    "mean": 4.2630233588820365,
    "median": 4.1959431259812145,
    "p68": [
      4.05475720895699,
      4.476507191233568
    ],
    "p68_range": [
      4.05475720895699,
      4.476507191233568
    ],
    "p95": [
      4.01023146469195,
      4.86627499142367
    ],
    "p95_range": [
      4.01023146469195,
      4.86627499142367
    ],
    "std": 0.235879520199106
  },
  "NRL2 thickness": {
    "best": 19.173499601417653,
    "index": 18,
    "integer": false,
    "label": "NRL2 thickness",
    "mean": 17.815620862146236,
    "median": 18.40105992399343,
    "p68": [
      15.05711404221115,
      20.166347140136576
    ],
    "p68_range": [
      15.05711404221115,
      20.166347140136576
    ],
    "p95": [
      11.553592841028255,
      21.38828677437141
    ],
    "p95_range": [
      11.553592841028255,
      21.38828677437141
    ],
    "std": 2.5731090051820984
  },
  "Nafion Fraction-NRL1": {
    "best": 1.2581582945388337,
    "index": 23,
    "integer": false,
    "label": "Nafion Fraction-NRL1",
    "mean": 1.0931895880723208,
    "median": 1.1482889631737097,
    "p68": [
      0.8754506076418247,
      1.264424326627337
    ],
    "p68_range": [
      0.8754506076418247,
      1.264424326627337
    ],
    "p95": [
      0.7254846630322863,
      1.2963194939647824
    ],
    "p95_range": [
      0.7254846630322863,
      1.2963194939647824
    ],
    "std": 0.17243014604143633
  },
  "Nafion Fraction-NRL2": {
    "best": 0.9573845417249497,
    "index": 25,
    "integer": false,
    "label": "Nafion Fraction-NRL2",
    "mean": 0.978695145981323,
    "median": 0.9665332938269582,
    "p68": [
      0.9473056160919765,
      1.0135076075525429
    ],
    "p68_range": [
      0.9473056160919765,
      1.0135076075525429
    ],
    "p95": [
      0.9342013264519898,
      1.0866927696699153
    ],
    "p95_range": [
      0.9342013264519898,
      1.0866927696699153
    ],
    "std": 0.03961675410380883
  },
  "Nafion Fraction-WRL1": {
    "best": 0.3106100442781434,
    "index": 24,
    "integer": false,
    "label": "Nafion Fraction-WRL1",
    "mean": 0.35887370794075585,
    "median": 0.35552545135768354,
    "p68": [
      0.2862028536368691,
      0.4330315725846445
    ],
    "p68_range": [
      0.2862028536368691,
      0.4330315725846445
    ],
    "p95": [
      0.21767859919536034,
      0.5122553680670485
    ],
    "p95_range": [
      0.21767859919536034,
      0.5122553680670485
    ],
    "std": 0.07437576233543809
  },
  "Nafion Fraction-WRL2": {
    "best": 0.7385905484370661,
    "index": 26,
    "integer": false,
    "label": "Nafion Fraction-WRL2",
    "mean": 0.727796267137152,
    "median": 0.7312650000606509,
    "p68": [
      0.7025449805522054,
      0.7532946853769145
    ],
    "p68_range": [
      0.7025449805522054,
      0.7532946853769145
    ],
    "p95": [
      0.6688289714056889,
      0.7676452542479495
    ],
    "p95_range": [
      0.6688289714056889,
      0.7676452542479495
    ],
    "std": 0.026569462901409067
  },
  "Permalloy interface": {
    "best": 7.190145188123179,
    "index": 9,
    "integer": false,
    "label": "Permalloy interface",
    "mean": 7.36297616585756,
    "median": 7.363299577277982,
    "p68": [
      7.110890339231497,
      7.625199264126037
    ],
    "p68_range": [
      7.110890339231497,
      7.625199264126037
    ],
    "p95": [
      6.849887132643437,
      7.838170009534126
    ],
    "p95_range": [
      6.849887132643437,
      7.838170009534126
    ],
    "std": 0.25070116698721273
  },
  "Permalloy rho": {
    "best": 8.860629799411491,
    "index": 11,
    "integer": false,
    "label": "Permalloy rho",
    "mean": 8.867322008683313,
    "median": 8.866944064804866,
    "p68": [
      8.846408608663035,
      8.888760510653768
    ],
    "p68_range": [
      8.846408608663035,
      8.888760510653768
    ],
    "p95": [
      8.828012202720886,
      8.90747669759717
    ],
    "p95_range": [
      8.828012202720886,
      8.90747669759717
    ],
    "std": 0.020856257460706552
  },
  "Permalloy rhoM": {
    "best": 1.9370225424435186,
    "index": 10,
    "integer": false,
    "label": "Permalloy rhoM",
    "mean": 1.9359630649164805,
    "median": 1.9364388763852072,
    "p68": [
      1.924089245125894,
      1.9476893425926116
    ],
    "p68_range": [
      1.924089245125894,
      1.9476893425926116
    ],
    "p95": [
      1.9126891502719328,
      1.9564660511906415
    ],
    "p95_range": [
      1.9126891502719328,
      1.9564660511906415
    ],
    "std": 0.011380297139660196
  },
  "Permalloy thickness": {
    "best": 108.93275541152833,
    "index": 12,
    "integer": false,
    "label": "Permalloy thickness",
    "mean": 108.90628014020221,
    "median": 108.90692565452022,