{
  "Background MM": {
    "best": 3.5587937618595133e-08,
    "index": 1,
    "integer": false,
    "label": "Background MM",
    "mean": 5.6792490701938646e-08,
    "median": 5.194632817037517e-08,
    "p68": [
      1.6574345629861033e-08,
      9.318510639733414e-08
    ],
    "p68_range": [
      1.6574345629861033e-08,
      9.318510639733414e-08
    ],
    "p95": [
      3.955744410421961e-09,
      1.4387425210293025e-07
    ],
    "p95_range": [
      3.955744410421961e-09,
      1.4387425210293025e-07
    ],
    "std": 3.786487688865935e-08
  },
  "Background PP": {
    "best": 2.5991429278167325e-07,
    "index": 3,
    "integer": false,
    "label": "Background PP",
    "mean": 2.697034234312885e-07,
    "median": 2.7064113106867925e-07,
    "p68": [
      2.197199434121658e-07,
      3.1777506774850393e-07
    ],
    "p68_range": [
      2.197199434121658e-07,
      3.1777506774850393e-07
    ],
    "p95": [
      1.7068973812786476e-07,
      3.658817360390608e-07
    ],
    "p95_range": [
      1.7068973812786476e-07,
      3.658817360390608e-07
    ],
    "std": 4.9675345662966395e-08
  },
  "Bulk Nafion interface": {
    "best": 11.927798171064392,
    "index": 21,
    "integer": false,
    "label": "Bulk Nafion interface",
    "mean": 11.914554528182629,
    "median": 11.912771908241863,
    "p68": [
      11.67454122883249,
      12.154949842311806
    ],
    "p68_range": [
      11.67454122883249,
      12.154949842311806
    ],
    "p95": [
      11.490364390291159,
      12.375638312520731
    ],
    "p95_range": [
      11.490364390291159,
      12.375638312520731
    ],
    "std": 0.23057539471500846
  },
  "Bulk Nafion rho": {
    "best": 3.1965715079937835,
    "index": 22,
    "integer": false,
    "label": "Bulk Nafion rho",
    "mean": 3.195055478019926,
    "median": 3.19600281151957,
    "p68": [
      3.1823551335863374,
      3.2081549809785677
    ],
    "p68_range": [
      3.1823551335863374,
      3.2081549809785677
    ],
    "p95": [
      3.1689131222065114,
      3.2179601963707603
    ],
    "p95_range": [
      3.1689131222065114,
      3.2179601963707603
    ],
    "std": 0.012727737654126001
  },
  "Bulk Nafion thickness": {
    "best": 264.92554440426215,
    "index": 23,
    "integer": false,
    "label": "Bulk Nafion thickness",
    "mean": 264.91364930444416,
    "median": 264.87219821838954,
    "p68": [
      263.7165621723341,
      266.10053192276536
    ],
    "p68_range": [
      263.7165621723341,
      266.10053192276536
    ],
    "p95": [
      262.9437735866943,
      267.2273598422779
    ],
    "p95_range": [
      262.9437735866943,
      267.2273598422779
    ],
    "std": 1.1332035903482947
  },
  "Grad thickness": {
    "best": 7.614909832540925,
    "index": 20,
    "integer": false,
    "label": "Grad thickness",
    "mean": 8.24474739472584,
    "median": 8.186318895693278,
    "p68": [
      7.394928981530375,
      9.082527616100752
    ],
    "p68_range": [
      7.394928981530375,
      9.082527616100752
    ],
    "p95": [
      6.728775199927392,
      10.161238283534004
    ],
    "p95_range": [
      6.728775199927392,
      10.161238283534004
    ],
    "std": 0.8751955162921843
  },
  "Grad:Nafion": {
    "best": 0.5499875075550208,
    "index": 32,
    "integer": false,
    "label": "Grad:Nafion",
    "mean": 0.5415041209912446,
    "median": 0.5443012455265844,
    "p68": [
      0.5349965181613238,
      0.5483147025406425
    ],
    "p68_range": [
      0.5349965181613238,
      0.5483147025406425
    ],
    "p95": [
      0.5148052858446374,
      0.5497040083254782
    ],
    "p95_range": [
      0.5148052858446374,
      0.5497040083254782
    ],
    "std": 0.00881649275091284
  },
  "NRL1 thickness": {
    "best": 4.443701477204259,
    "index": 16,
    "integer": false,
    "label": "NRL1 thickness",
    "mean": 4.594079419618589,
    "median": 4.445345851907041,
    "p68": [
      4.119596992586663,
      5.0923368300897645
    ],
    "p68_range": [
      4.119596992586663,
      5.0923368300897645
    ],
    "p95": [
      4.0194352041281265,
      6.021960508256092
    ],
    "p95_range": [
      4.0194352041281265,
      6.021960508256092
    ],
    "std": 0.5293715977535243
  },
  "NRL1:WRL1": {
    "best": 0.5497510927007083,
    "index": 24,
    "integer": false,
    "label": "NRL1:WRL1",
    "mean": 0.4833683539173405,
    "median": 0.5041902999577043,
    "p68": [
      0.425673565415081,
      0.5385461802203989
    ],
    "p68_range": [
      0.425673565415081,
      0.5385461802203989
    ],
    "p95": [
      0.2950536612991412,
      0.548233946706127
    ],
    "p95_range": [
      0.2950536612991412,
      0.548233946706127
    ],
    "std": 0.06906052121550517
  },
  "NRL2 thickness": {
    "best": 11.684325731245108,
    "index": 18,
    "integer": false,
    "label": "NRL2 thickness",
    "mean": 12.061484224568112,
    "median": 11.963305341143043,
    "p68": [
      11.22850282130558,
      12.896552250339285
    ],
    "p68_range": [
      11.22850282130558,
      12.896552250339285
    ],
    "p95": [
      10.520500920333967,
      14.102842874646296
    ],
    "p95_range": [
      10.520500920333967,
      14.102842874646296
    ],
    "std": 0.9055903611453763
  },
  "NRL2:WRL2": {
    "best": 0.5499967420941053,
    "index": 28,
    "integer": false,
    "label": "NRL2:WRL2",
    "mean": 0.5424340787943407,
    "median": 0.5458353941473697,
    "p68": [
      0.5350274371711743,
      0.5489134081887901
    ],
    "p68_range": [
      0.5350274371711743,
      0.5489134081887901
    ],
    "p95": [
      0.5136709234838726,
      0.5498493384785254
    ],
    "p95_range": [
      0.5136709234838726,
      0.5498493384785254
    ],
    "std": 0.009172517567321774
  },
  "Nafion Fraction-Gradient": {
    "best": 1.167656269577844,
    "index": 33,
    "integer": false,
    "label": "Nafion Fraction-Gradient",
    "mean": 1.154193219000694,
    "median": 1.1642049730314836,
    "p68": [
      1.118517824429482,
      1.1890363985122103
    ],
    "p68_range": [
      1.118517824429482,
      1.1890363985122103
    ],
    "p95": [
      1.0570771907758565,
      1.1986013491311938
    ],
    "p95_range": [
      1.0570771907758565,
      1.1986013491311938
    ],
    "std": 0.03761837792893723
  },
  "Nafion Fraction-NRL1": {
    "best": 0.700003331329847,
    "index": 25,
    "integer": false,
    "label": "Nafion Fraction-NRL1",
    "mean": 0.7131345129115061,
    "median": 0.7094199943232301,
    "p68": [
      0.702772472977471,
      0.7229060071017294
    ],
    "p68_range": [
      0.702772472977471,
      0.7229060071017294
    ],
    "p95": [
      0.7003677490980728,
      0.7483495108050225
    ],
    "p95_range": [
      0.7003677490980728,
      0.7483495108050225
    ],
    "std": 0.013153908839415009
  },
  "Nafion Fraction-NRL2": {
    "best": 1.283673978244042,
    "index": 29,
    "integer": false,
    "label": "Nafion Fraction-NRL2",
    "mean": 1.2719266337679078,
    "median": 1.2790854733954717,
    "p68": [
      1.246370922154547,
      1.2951228656807734
    ],
    "p68_range": [
      1.246370922154547,
      1.2951228656807734
    ],
    "p95": [
      1.207868173408703,
      1.299158279197966
    ],
    "p95_range": [
      1.207868173408703,
      1.299158279197966
    ],
    "std": 0.024882377435590616
  },
  "Nafion Fraction-WRL1": {
    "best": 0.48153700531083476,
    "index": 27,
    "integer": false,
    "label": "Nafion Fraction-WRL1",
    "mean": 0.4769011008139931,
    "median": 0.4800434578456316,