{
  "Background MM": {
    "best": 3.1430833336895993e-07,
    "index": 1,
    "integer": false,
    "label": "Background MM",
    "mean": 2.94273099377224e-07,
    "median": 2.937883511346257e-07,
    "p68": [
      2.609689533815033e-07,
      3.292375085541952e-07
    ],
    "p68_range": [
      2.609689533815033e-07,
      3.292375085541952e-07
    ],
    "p95": [
      2.2591572014088872e-07,
      3.608703384206719e-07
    ],
    "p95_range": [
      2.2591572014088872e-07,
      3.608703384206719e-07
    ],
    "std": 3.418080507703243e-08
  },
  "Background PP": {
    "best": 4.44413724150675e-07,
    "index": 3,
    "integer": false,
    "label": "Background PP",
    "mean": 4.2403101310841147e-07,
    "median": 4.239482994795022e-07,
    "p68": [
      3.852779216936291e-07,
      4.636877220726536e-07
    ],
    "p68_range": [
      3.852779216936291e-07,
      4.636877220726536e-07
    ],
    "p95": [
      3.472582713968506e-07,
      5.014180536706763e-07
    ],
    "p95_range": [
      3.472582713968506e-07,
      5.014180536706763e-07
    ],
    "std": 3.913712074842302e-08
  },
  "Bulk Nafion interface": {
    "best": 12.604439908393571,
    "index": 20,
    "integer": false,
    "label": "Bulk Nafion interface",
    "mean": 12.497250005403306,
    "median": 12.492622119226835,
    "p68": [
      12.315168535010645,
      12.67468451331927
    ],
    "p68_range": [
      12.315168535010645,
      12.67468451331927
    ],
    "p95": [
      12.13677891524621,
      12.86471429406373
    ],
    "p95_range": [
      12.13677891524621,
      12.86471429406373
    ],
    "std": 0.1833159228505192
  },
  "Bulk Nafion rho": {
    "best": 3.237722548112845,
    "index": 21,
    "integer": false,
    "label": "Bulk Nafion rho",
    "mean": 3.236196641459837,
    "median": 3.236190961446872,
    "p68": [
      3.2263904430303576,
      3.24544062595487
    ],
    "p68_range": [
      3.2263904430303576,
      3.24544062595487
    ],
    "p95": [
      3.2174694910968227,
      3.2566067687443763
    ],
    "p95_range": [
      3.2174694910968227,
      3.2566067687443763
    ],
    "std": 0.009737007850097462
  },
  "Bulk Nafion thickness": {
    "best": 265.98147271306,
    "index": 22,
    "integer": false,
    "label": "Bulk Nafion thickness",
    "mean": 266.4243042930629,
    "median": 266.50532321128946,
    "p68": [
      265.5799670348976,
      267.2774506464551
    ],
    "p68_range": [
      265.5799670348976,
      267.2774506464551
    ],
    "p95": [
      264.31112226592444,
      267.8962769335406
    ],
    "p95_range": [
      264.31112226592444,
      267.8962769335406
    ],
    "std": 0.8801006153834693
  },
  "NRL1 thickness": {
    "best": 17.381987528336865,
    "index": 16,
    "integer": false,
    "label": "NRL1 thickness",
    "mean": 17.27931668914555,
    "median": 17.28719058941678,
    "p68": [
      17.079048618833877,
      17.479748346265733
    ],
    "p68_range": [
      17.079048618833877,
      17.479748346265733
    ],
    "p95": [
      16.892583450623032,
      17.646875598486844
    ],
    "p95_range": [
      16.892583450623032,
      17.646875598486844
    ],
    "std": 0.19571847627159622
  },
  "NRL2 thickness": {
    "best": 26.368662733946913,
    "index": 18,
    "integer": false,
    "label": "NRL2 thickness",
    "mean": 26.542909721992345,
    "median": 26.57097316187563,
    "p68": [
      25.928446549129298,
      27.16224265855594
    ],
    "p68_range": [
      25.928446549129298,
      27.16224265855594
    ],
    "p95": [
      25.246709659331422,
      27.62696107856937
    ],
    "p95_range": [
      25.246709659331422,
      27.62696107856937
    ],
    "std": 0.6184945661403398
  },
  "Nafion Fraction-NRL1": {
    "best": 0.7009261945195613,
    "index": 23,
    "integer": false,
    "label": "Nafion Fraction-NRL1",
    "mean": 0.7010837808412322,
    "median": 0.7007555986876998,
    "p68": [
      0.7002093159872906,
      0.7020131737673181
    ],
    "p68_range": [
      0.7002093159872906,
      0.7020131737673181
    ],
    "p95": [
      0.7000401401511277,
      0.7040557526532791
    ],
    "p95_range": [
      0.7000401401511277,
      0.7040557526532791
    ],
    "std": 0.0010759836683659747
  },
  "Nafion Fraction-NRL2": {
    "best": 0.7002293704198218,
    "index": 25,
    "integer": false,
    "label": "Nafion Fraction-NRL2",
    "mean": 0.7003795551971657,
    "median": 0.700271416175305,
    "p68": [
      0.700080949292359,
      0.7006858007192335
    ],
    "p68_range": [
      0.700080949292359,
      0.7006858007192335
    ],
    "p95": [
      0.7000132096894413,
      0.7012948138212891
    ],
    "p95_range": [
      0.7000132096894413,
      0.7012948138212891
    ],
    "std": 0.00034343598008952804
  },
  "Nafion Fraction-WRL1": {
    "best": 1.1981944676901768,
    "index": 24,
    "integer": false,
    "label": "Nafion Fraction-WRL1",
    "mean": 1.198047188505489,
    "median": 1.1986128171766333,
    "p68": [
      1.1963931871331854,
      1.1996595453587877
    ],
    "p68_range": [
      1.1963931871331854,
      1.1996595453587877
    ],
    "p95": [
      1.1931498247202816,
      1.1999487836710014
    ],
    "p95_range": [
      1.1931498247202816,
      1.1999487836710014
    ],
    "std": 0.0018692913358503065
  },
  "Nafion Fraction-WRL2": {
    "best": 0.9765025218531113,
    "index": 26,
    "integer": false,
    "label": "Nafion Fraction-WRL2",
    "mean": 1.0139049960146305,
    "median": 1.0050247294313124,
    "p68": [
      0.9567865232055845,
      1.0764021750551058
    ],
    "p68_range": [
      0.9567865232055845,
      1.0764021750551058
    ],
    "p95": [
      0.9190983244199782,
      1.1263007065237722
    ],
    "p95_range": [
      0.9190983244199782,
      1.1263007065237722
    ],
    "std": 0.054607966344961435
  },
  "Permalloy interface": {
    "best": 8.451937938210156,
    "index": 9,
    "integer": false,
    "label": "Permalloy interface",
    "mean": 8.302570572564298,
    "median": 8.302925936624716,
    "p68": [
      8.086825495499284,
      8.514449490339771
    ],
    "p68_range": [
      8.086825495499284,
      8.514449490339771
    ],
    "p95": [
      7.897639756611843,
      8.727722992912453
    ],
    "p95_range": [
      7.897639756611843,
      8.727722992912453
    ],
    "std": 0.21536347053263508
  },
  "Permalloy rho": {
    "best": 8.714865676033394,
    "index": 11,
    "integer": false,
    "label": "Permalloy rho",
    "mean": 8.706858948115737,
    "median": 8.70571516190387,
    "p68": [
      8.692147329538196,
      8.721770383953952
    ],
    "p68_range": [
      8.692147329538196,
      8.721770383953952
    ],
    "p95": [
      8.678981413072927,
      8.734520204897816
    ],
    "p95_range": [
      8.678981413072927,
      8.734520204897816
    ],
    "std": 0.014304856053287553
  },
  "Permalloy rhoM": {
    "best": 1.6293587971103696,
    "index": 10,
    "integer": false,
    "label": "Permalloy rhoM",
    "mean": 1.633986140505235,
    "median": 1.633820935750295,
    "p68": [
      1.6228627547534529,
      1.6453030884615694
    ],
    "p68_range": [
      1.6228627547534529,
      1.6453030884615694
    ],
    "p95": [
      1.6136466331667885,
      1.6547388086280932
    ],
    "p95_range": [
      1.6136466331667885,
      1.6547388086280932
    ],
    "std": 0.010702129463726449
  },
  "Permalloy thickness": {
    "best": 108.65905076909766,
    "index": 12,
    "integer": false,
    "label": "Permalloy thickness",
    "mean": 108.68850283043449,
    "median": 108.69009892141278,