{
  "Background MM": {
    "best": 7.042237425016024e-10,
    "index": 1,
    "integer": false,
    "label": "Background MM",
    "mean": 5.669646920718247e-08,
    "median": 4.996243083342895e-08,
    "p68": [
      1.6281168354317547e-08,
      9.812466175375452e-08
    ],
    "p68_range": [
      1.6281168354317547e-08,
      9.812466175375452e-08
    ],
    "p95": [
      3.0632057546688693e-09,
      1.5204221323126423e-07
    ],
    "p95_range": [
      3.0632057546688693e-09,
      1.5204221323126423e-07
    ],
    "std": 3.971429797833948e-08
  },
  "Background PP": {
    "best": 1.994361832935336e-07,
    "index": 3,
    "integer": false,
    "label": "Background PP",
    "mean": 2.34210151484834e-07,
    "median": 2.3469202475386343e-07,
    "p68": [
      1.806627275037874e-07,
      2.923150469658272e-07
    ],
    "p68_range": [
      1.806627275037874e-07,
      2.923150469658272e-07
    ],
    "p95": [
      1.24669382856244e-07,
      3.3198525028690136e-07
    ],
    "p95_range": [
      1.24669382856244e-07,
      3.3198525028690136e-07
    ],
    "std": 5.594497577693538e-08
  },
  "Bulk Nafion interface": {
    "best": 13.46824308636735,
    "index": 26,
    "integer": false,
    "label": "Bulk Nafion interface",
    "mean": 13.190124173968744,
    "median": 13.270011689862661,
    "p68": [
      12.788074235659273,
      13.644801840724265
    ],
    "p68_range": [
      12.788074235659273,
      13.644801840724265
    ],
    "p95": [
      11.881651719354169,
      13.926258738513614
    ],
    "p95_range": [
      11.881651719354169,
      13.926258738513614
    ],
    "std": 0.4980163281366711
  },
  "Bulk Nafion rho": {
    "best": 3.384333207267441,
    "index": 27,
    "integer": false,
    "label": "Bulk Nafion rho",
    "mean": 3.3643002628414513,
    "median": 3.370261945848495,
    "p68": [
      3.3306348443017657,
      3.401333830093835
    ],
    "p68_range": [
      3.3306348443017657,
      3.401333830093835
    ],
    "p95": [
      3.2044287608757056,
      3.4388425604940913
    ],
    "p95_range": [
      3.2044287608757056,
      3.4388425604940913
    ],
    "std": 0.06489820880357143
  },
  "Bulk Nafion thickness": {
    "best": 46.28040515253626,
    "index": 28,
    "integer": false,
    "label": "Bulk Nafion thickness",
    "mean": 51.59055502324812,
    "median": 46.74680830051446,
    "p68": [
      45.697274657963156,
      47.924070981261394
    ],
    "p68_range": [
      45.697274657963156,
      47.924070981261394
    ],
    "p95": [
      19.929861460621716,
      138.77781331231535
    ],
    "p95_range": [
      19.929861460621716,
      138.77781331231535
    ],
    "std": 26.656680903667272
  },
  "Grad thickness": {
    "best": 212.64592693471232,
    "index": 25,
    "integer": false,
    "label": "Grad thickness",
    "mean": 209.97670318389166,
    "median": 214.3962450195134,
    "p68": [
      211.95541740182006,
      217.68227531426044
    ],
    "p68_range": [
      211.95541740182006,
      217.68227531426044
    ],
    "p95": [
      123.16317834262243,
      241.60266635814565
    ],
    "p95_range": [
      123.16317834262243,
      241.60266635814565
    ],
    "std": 26.467526519007546
  },
  "Grad:Nafion": {
    "best": 9.225768910547431e-09,
    "index": 33,
    "integer": false,
    "label": "Grad:Nafion",
    "mean": 0.04311769166766244,
    "median": 0.0050135817352683415,
    "p68": [
      0.001564392124289311,
      0.013016856057173147
    ],
    "p68_range": [
      0.001564392124289311,
      0.013016856057173147
    ],
    "p95": [
      0.0002962238951473957,
      0.4292785086388055
    ],
    "p95_range": [
      0.0002962238951473957,
      0.4292785086388055
    ],
    "std": 0.10854857232503698
  },
  "Gradient rho": {
    "best": 3.198793428246006,
    "index": 24,
    "integer": false,
    "label": "Gradient rho",
    "mean": 3.1975069497019697,
    "median": 3.197141020567411,
    "p68": [
      3.184505264527194,
      3.210233290120012
    ],
    "p68_range": [
      3.184505264527194,
      3.210233290120012
    ],
    "p95": [
      3.1720420261168414,
      3.2253432917544833
    ],
    "p95_range": [
      3.1720420261168414,
      3.2253432917544833
    ],
    "std": 0.014083412060445484
  },
  "NRL1 rho": {
    "best": 4.46304185444876,
    "index": 18,
    "integer": false,
    "label": "NRL1 rho",
    "mean": 4.363893789087941,
    "median": 4.313921327549138,
    "p68": [
      4.1478313038431684,
      4.575944945724402
    ],
    "p68_range": [
      4.1478313038431684,
      4.575944945724402
    ],
    "p95": [
      4.0634082152225135,
      4.900065737401343
    ],
    "p95_range": [
      4.0634082152225135,
      4.900065737401343
    ],
    "std": 0.22594842561479203
  },
  "NRL1 thickness": {
    "best": 17.159278133460134,
    "index": 19,
    "integer": false,
    "label": "NRL1 thickness",
    "mean": 17.75116885919141,
    "median": 17.80345494363747,
    "p68": [
      15.564136435744409,
      19.99358426713697
    ],
    "p68_range": [
      15.564136435744409,
      19.99358426713697
    ],
    "p95": [
      13.400993548597045,
      21.445431312849415
    ],
    "p95_range": [
      13.400993548597045,
      21.445431312849415
    ],
    "std": 2.156935437947922
  },
  "NRL1:WRL2": {
    "best": 0.5084636429934015,
    "index": 30,
    "integer": false,
    "label": "NRL1:WRL2",
    "mean": 0.3476008924674394,
    "median": 0.3603852744564816,
    "p68": [
      0.22509840299676714,
      0.46574961272120646
    ],
    "p68_range": [
      0.22509840299676714,
      0.46574961272120646
    ],
    "p95": [
      0.08860794581441597,
      0.5409831556467014
    ],
    "p95_range": [
      0.08860794581441597,
      0.5409831556467014
    ],
    "std": 0.11734803912606935
  },
  "NRL2 rho": {
    "best": 3.502527290391309,
    "index": 22,
    "integer": false,
    "label": "NRL2 rho",
    "mean": 3.6135544025430915,
    "median": 3.572928743449605,
    "p68": [
      3.5092570094650104,
      3.744295369756561
    ],
    "p68_range": [
      3.5092570094650104,
      3.744295369756561
    ],
    "p95": [
      3.472837158295672,
      3.8943156518114397
    ],
    "p95_range": [
      3.472837158295672,
      3.8943156518114397
    ],
    "std": 0.11746138158018979
  },
  "NRL2 thickness": {
    "best": 20.61021756582287,
    "index": 23,
    "integer": false,
    "label": "NRL2 thickness",
    "mean": 17.8116630967204,
    "median": 18.249163691684444,
    "p68": [
      14.475546971890264,
      20.719529289027502
    ],
    "p68_range": [
      14.475546971890264,
      20.719529289027502
    ],
    "p95": [
      11.757841561195606,
      22.75301786416639
    ],
    "p95_range": [
      11.757841561195606,
      22.75301786416639
    ],
    "std": 2.997062942330791
  },
  "NRL2:Grad": {
    "best": 0.011730428280091637,
    "index": 32,
    "integer": false,
    "label": "NRL2:Grad",
    "mean": 0.18888617715843503,
    "median": 0.15924529643454005,
    "p68": [
      0.05186500158079584,
      0.34332953053601034
    ],
    "p68_range": [
      0.05186500158079584,
      0.34332953053601034
    ],
    "p95": [
      0.01579161429745898,
      0.49677739384514735
    ],
    "p95_range": [
      0.01579161429745898,
      0.49677739384514735
    ],
    "std": 0.13524344023342283
  },
  "Permalloy interface": {
    "best": 8.210495636086037,
    "index": 9,
    "integer": false,
    "label": "Permalloy interface",
    "mean": 8.201119671896222,
    "median": 8.205301558626285,
    "p68": [
      7.979815637550832,
      8.446829895924894
    ],