{
  "Background MM": {
    "best": 8.041737454157749e-08,
    "index": 1,
    "integer": false,
    "label": "Background MM",
    "mean": 1.4805037596932414e-07,
    "median": 1.2483579236090801e-07,
    "p68": [
      4.9437367719701915e-08,
      2.3980625019105525e-07
    ],
    "p68_range": [
      4.9437367719701915e-08,
      2.3980625019105525e-07
    ],
    "p95": [
      1.2749891895566211e-08,
      4.2971081270834955e-07
    ],
    "p95_range": [
      1.2749891895566211e-08,
      4.2971081270834955e-07
    ],
    "std": 1.0844302709746052e-07
  },
  "Background PP": {
    "best": 3.3990873771816673e-07,
    "index": 3,
    "integer": false,
    "label": "Background PP",
    "mean": 3.0106533306692947e-07,
    "median": 3.011409439099984e-07,
    "p68": [
      2.1306820235030747e-07,
      3.8338306856622315e-07
    ],
    "p68_range": [
      2.1306820235030747e-07,
      3.8338306856622315e-07
    ],
    "p95": [
      1.1577540438832454e-07,
      5.268331426037619e-07
    ],
    "p95_range": [
      1.1577540438832454e-07,
      5.268331426037619e-07
    ],
    "std": 9.748330356265244e-08
  },
  "Bulk Nafion interface": {
    "best": 13.082399006648647,
    "index": 26,
    "integer": false,
    "label": "Bulk Nafion interface",
    "mean": 12.481174813074656,
    "median": 12.438571317017843,
    "p68": [
      11.973274356741088,
      13.031823059724946
    ],
    "p68_range": [
      11.973274356741088,
      13.031823059724946
    ],
    "p95": [
      11.232218513226503,
      13.966238797004667
    ],
    "p95_range": [
      11.232218513226503,
      13.966238797004667
    ],
    "std": 0.6293795453340386
  },
  "Bulk Nafion rho": {
    "best": 3.375868760484857,
    "index": 27,
    "integer": false,
    "label": "Bulk Nafion rho",
    "mean": 3.2722990730170483,
    "median": 3.263721884636735,
    "p68": [
      3.196877245590275,
      3.351848075255593
    ],
    "p68_range": [
      3.196877245590275,
      3.351848075255593
    ],
    "p95": [
      3.126444143556278,
      3.4633816132765465
    ],
    "p95_range": [
      3.126444143556278,
      3.4633816132765465
    ],
    "std": 0.08950555831734239
  },
  "Bulk Nafion thickness": {
    "best": 47.8321177507694,
    "index": 28,
    "integer": false,
    "label": "Bulk Nafion thickness",
    "mean": 117.19701975555542,
    "median": 93.56627363315602,
    "p68": [
      46.574964946032125,
      217.77229376472468
    ],
    "p68_range": [
      46.574964946032125,
      217.77229376472468
    ],
    "p95": [
      22.927845114498464,
      282.5248154599291
    ],
    "p95_range": [
      22.927845114498464,
      282.5248154599291
    ],
    "std": 78.70144794863727
  },
  "Grad thickness": {
    "best": 213.70674298883395,
    "index": 25,
    "integer": false,
    "label": "Grad thickness",
    "mean": 155.22506019853475,
    "median": 176.002764401599,
    "p68": [
      51.16088119022668,
      218.32041580064848
    ],
    "p68_range": [
      51.16088119022668,
      218.32041580064848
    ],
    "p95": [
      9.857460962908574,
      254.21844844393036
    ],
    "p95_range": [
      9.857460962908574,
      254.21844844393036
    ],
    "std": 73.01197744964172
  },
  "Grad:Nafion": {
    "best": 0.005621010186007296,
    "index": 33,
    "integer": false,
    "label": "Grad:Nafion",
    "mean": 0.23696461404769822,
    "median": 0.24483099772844993,
    "p68": [
      0.0343650888092513,
      0.39610476020152574
    ],
    "p68_range": [
      0.0343650888092513,
      0.39610476020152574
    ],
    "p95": [
      0.006518129712288348,
      0.5112365581478595
    ],
    "p95_range": [
      0.006518129712288348,
      0.5112365581478595
    ],
    "std": 0.1499799854875917
  },
  "Gradient rho": {
    "best": 3.2090864529791605,
    "index": 24,
    "integer": false,
    "label": "Gradient rho",
    "mean": 3.1965545079077393,
    "median": 3.202981807739066,
    "p68": [
      3.1703792155130825,
      3.2628211191153524
    ],
    "p68_range": [
      3.1703792155130825,
      3.2628211191153524
    ],
    "p95": [
      2.7185438693454,
      3.4796739793562845
    ],
    "p95_range": [
      2.7185438693454,
      3.4796739793562845
    ],
    "std": 0.22731923535471169
  },
  "NRL1 rho": {
    "best": 4.36392054522942,
    "index": 18,
    "integer": false,
    "label": "NRL1 rho",
    "mean": 3.8794662174185395,
    "median": 4.196492074648532,
    "p68": [
      2.748792699191266,
      4.443000448996588
    ],
    "p68_range": [
      2.748792699191266,
      4.443000448996588
    ],
    "p95": [
      2.1428794403808973,
      6.075898208412796
    ],
    "p95_range": [
      2.1428794403808973,
      6.075898208412796
    ],
    "std": 0.9410970056264474
  },
  "NRL1 thickness": {
    "best": 15.304634518078103,
    "index": 19,
    "integer": false,
    "label": "NRL1 thickness",
    "mean": 15.03551104646564,
    "median": 16.00755593434596,
    "p68": [
      10.90035155037483,
      18.15914778310202
    ],
    "p68_range": [
      10.90035155037483,
      18.15914778310202
    ],
    "p95": [
      5.340639705093465,
      20.66967738235489
    ],
    "p95_range": [
      5.340639705093465,
      20.66967738235489
    ],
    "std": 4.12116055197966
  },
  "NRL1:WRL2": {
    "best": 0.22777718547927386,
    "index": 30,
    "integer": false,
    "label": "NRL1:WRL2",
    "mean": 0.28516180765709637,
    "median": 0.29217177387613463,
    "p68": [
      0.1555848607922168,
      0.40709165865022134
    ],
    "p68_range": [
      0.1555848607922168,
      0.40709165865022134
    ],
    "p95": [
      0.0363310884535656,
      0.5148296089023837
    ],
    "p95_range": [
      0.0363310884535656,
      0.5148296089023837
    ],
    "std": 0.12196402904490979
  },
  "NRL2 rho": {
    "best": 3.627557629606369,
    "index": 22,
    "integer": false,
    "label": "NRL2 rho",
    "mean": 3.3758815404180025,
    "median": 3.579916231052156,
    "p68": [
      2.6212861418435063,
      3.7958099327324986
    ],
    "p68_range": [
      2.6212861418435063,
      3.7958099327324986
    ],
    "p95": [
      2.3049803627474432,
      4.505819608409848
    ],
    "p95_range": [
      2.3049803627474432,
      4.505819608409848
    ],
    "std": 0.6095438496705866
  },
  "NRL2 thickness": {
    "best": 17.037925123789105,
    "index": 23,
    "integer": false,
    "label": "NRL2 thickness",
    "mean": 14.939628864464417,
    "median": 15.038977952938726,
    "p68": [
      11.719672467196224,
      18.263542750090288
    ],
    "p68_range": [
      11.719672467196224,
      18.263542750090288
    ],
    "p95": [
      6.37925769716661,
      21.5178142583463
    ],
    "p95_range": [
      6.37925769716661,
      21.5178142583463
    ],
    "std": 3.6966092078490336
  },
  "NRL2:Grad": {
    "best": 0.3152660956020739,
    "index": 32,
    "integer": false,
    "label": "NRL2:Grad",
    "mean": 0.2110600891923589,
    "median": 0.21040429477394515,
    "p68": [
      0.07701607501385285,
      0.3453341630246798
    ],
    "p68_range": [
      0.07701607501385285,
      0.3453341630246798
    ],
    "p95": [
      0.016888700505345747,
      0.46819798639135246
    ],
    "p95_range": [
      0.016888700505345747,
      0.46819798639135246
    ],
    "std": 0.12148679277372325
  },
  "Permalloy interface": {
    "best": 7.685826011382135,
    "index": 9,
    "integer": false,
    "label": "Permalloy interface",
    "mean": 8.82633799769342,
    "median": 8.605923353350786,
    "p68": [
      8.159434116437534,
      9.70359866255849
    ],