{
  "Background MM": {
    "best": 2.985708019658591e-08,
    "index": 1,
    "integer": false,
    "label": "Background MM",
    "mean": 7.148911522375077e-08,
    "median": 5.873986002435921e-08,
    "p68": [
      2.187878655861279e-08,
      1.2314103271654267e-07
    ],
    "p68_range": [
      2.187878655861279e-08,
      1.2314103271654267e-07
    ],
    "p95": [
      3.833079529760571e-09,
      2.0945020105032178e-07
    ],
    "p95_range": [
      3.833079529760571e-09,
      2.0945020105032178e-07
    ],
    "std": 5.342351413079983e-08
  },
  "Background PP": {
    "best": 2.5368699920242866e-07,
    "index": 3,
    "integer": false,
    "label": "Background PP",
    "mean": 2.462017192299494e-07,
    "median": 2.4324216169834934e-07,
    "p68": [
      1.8529600265160162e-07,
      3.089500906434009e-07
    ],
    "p68_range": [
      1.8529600265160162e-07,
      3.089500906434009e-07
    ],
    "p95": [
      1.181463610116805e-07,
      3.9238761306992173e-07
    ],
    "p95_range": [
      1.181463610116805e-07,
      3.9238761306992173e-07
    ],
    "std": 6.599194509201114e-08
  },
  "Bulk Nafion interface": {
    "best": 13.61621102719944,
    "index": 26,
    "integer": false,
    "label": "Bulk Nafion interface",
    "mean": 12.626634953072998,
    "median": 12.646031139083457,
    "p68": [
      12.036968996497519,
      13.133369729742544
    ],
    "p68_range": [
      12.036968996497519,
      13.133369729742544
    ],
    "p95": [
      11.565680136134748,
      13.676014901427312
    ],
    "p95_range": [
      11.565680136134748,
      13.676014901427312
    ],
    "std": 0.5896760034005152
  },
  "Bulk Nafion rho": {
    "best": 3.3815347384720047,
    "index": 27,
    "integer": false,
    "label": "Bulk Nafion rho",
    "mean": 3.3042338765250503,
    "median": 3.3102830636245026,
    "p68": [
      3.2074045222437606,
      3.3625678641568277
    ],
    "p68_range": [
      3.2074045222437606,
      3.3625678641568277
    ],
    "p95": [
      3.1634642589075717,
      3.424665494764023
    ],
    "p95_range": [
      3.1634642589075717,
      3.424665494764023
    ],
    "std": 0.1524355083844761
  },
  "Bulk Nafion thickness": {
    "best": 47.13901437375299,
    "index": 28,
    "integer": false,
    "label": "Bulk Nafion thickness",
    "mean": 83.17526511557065,
    "median": 47.91675490695498,
    "p68": [
      46.12802106260381,
      158.79418485073361
    ],
    "p68_range": [
      46.12802106260381,
      158.79418485073361
    ],
    "p95": [
      21.403671780784897,
      260.54361106538187
    ],
    "p95_range": [
      21.403671780784897,
      260.54361106538187
    ],
    "std": 68.12075307200169
  },
  "Grad thickness": {
    "best": 213.34321829105437,
    "index": 25,
    "integer": false,
    "label": "Grad thickness",
    "mean": 181.5542604705304,
    "median": 214.5483379444424,
    "p68": [
      104.19515035815434,
      218.00652806200412
    ],
    "p68_range": [
      104.19515035815434,
      218.00652806200412
    ],
    "p95": [
      18.297695751027124,
      242.4156047732971
    ],
    "p95_range": [
      18.297695751027124,
      242.4156047732971
    ],
    "std": 65.37260536298817
  },
  "Grad:Nafion": {
    "best": 0.0018479772016630207,
    "index": 33,
    "integer": false,
    "label": "Grad:Nafion",
    "mean": 0.114596595911848,
    "median": 0.012173854181051807,
    "p68": [
      0.0030163311760776383,
      0.30775006672578054
    ],
    "p68_range": [
      0.0030163311760776383,
      0.30775006672578054
    ],
    "p95": [
      0.0006376305037771538,
      0.4849413003995725
    ],
    "p95_range": [
      0.0006376305037771538,
      0.4849413003995725
    ],
    "std": 0.15483159927819898
  },
  "Gradient rho": {
    "best": 3.202018263968662,
    "index": 24,
    "integer": false,
    "label": "Gradient rho",
    "mean": 3.220516738950159,
    "median": 3.1979481578918882,
    "p68": [
      3.1823400836531985,
      3.221283618469419
    ],
    "p68_range": [
      3.1823400836531985,
      3.221283618469419
    ],
    "p95": [
      3.16637651753549,
      3.488010100135758
    ],
    "p95_range": [
      3.16637651753549,
      3.488010100135758
    ],
    "std": 0.10886111099259765
  },
  "NRL1 rho": {
    "best": 4.387938572267564,
    "index": 18,
    "integer": false,
    "label": "NRL1 rho",
    "mean": 4.201979091968047,
    "median": 4.258836291448705,
    "p68": [
      4.105115159556271,
      4.435936276808431
    ],
    "p68_range": [
      4.105115159556271,
      4.435936276808431
    ],
    "p95": [
      2.728046310950115,
      4.677994970454851
    ],
    "p95_range": [
      2.728046310950115,
      4.677994970454851
    ],
    "std": 0.4139940467661683
  },
  "NRL1 thickness": {
    "best": 16.963066146654967,
    "index": 19,
    "integer": false,
    "label": "NRL1 thickness",
    "mean": 16.973280747973266,
    "median": 17.58594405285325,
    "p68": [
      15.02419943622364,
      19.476434263164563
    ],
    "p68_range": [
      15.02419943622364,
      19.476434263164563
    ],
    "p95": [
      7.846924596878975,
      21.719596996485016
    ],
    "p95_range": [
      7.846924596878975,
      21.719596996485016
    ],
    "std": 3.1807477473990002
  },
  "NRL1:WRL2": {
    "best": 0.4299965093244315,
    "index": 30,
    "integer": false,
    "label": "NRL1:WRL2",
    "mean": 0.2940765914404907,
    "median": 0.3026192224088887,
    "p68": [
      0.16850159285231767,
      0.41665321811269235
    ],
    "p68_range": [
      0.16850159285231767,
      0.41665321811269235
    ],
    "p95": [
      0.04395714181918123,
      0.5176617426215141
    ],
    "p95_range": [
      0.04395714181918123,
      0.5176617426215141
    ],
    "std": 0.12010135542902091
  },
  "NRL2 rho": {
    "best": 3.547682426256699,
    "index": 22,
    "integer": false,
    "label": "NRL2 rho",
    "mean": 3.5079779518458465,
    "median": 3.6026341918169456,
    "p68": [
      3.491464317993504,
      3.734816775684872
    ],
    "p68_range": [
      3.491464317993504,
      3.734816775684872
    ],
    "p95": [
      2.348948017743237,
      3.895563790312726
    ],
    "p95_range": [
      2.348948017743237,
      3.895563790312726
    ],
    "std": 0.38919434624628396
  },
  "NRL2 thickness": {
    "best": 19.62015648443115,
    "index": 23,
    "integer": false,
    "label": "NRL2 thickness",
    "mean": 16.006208026147586,
    "median": 16.208610417303998,
    "p68": [
      12.669940814467223,
      19.09152521828594
    ],
    "p68_range": [
      12.669940814467223,
      19.09152521828594
    ],
    "p95": [
      9.19282540591941,
      22.15229833787422
    ],
    "p95_range": [
      9.19282540591941,
      22.15229833787422
    ],
    "std": 3.35013808011052
  },
  "NRL2:Grad": {
    "best": 0.08951985421954906,
    "index": 32,
    "integer": false,
    "label": "NRL2:Grad",
    "mean": 0.2436949136629032,
    "median": 0.24047518943002427,
    "p68": [
      0.08460690823101483,
      0.39262210508605766
    ],
    "p68_range": [
      0.08460690823101483,
      0.39262210508605766
    ],
    "p95": [
      0.021615261546362542,
      0.5074024294338623
    ],
    "p95_range": [
      0.021615261546362542,
      0.5074024294338623
    ],
    "std": 0.1362294007791065
  },
  "Permalloy interface": {
    "best": 7.641572547362797,
    "index": 9,
    "integer": false,
    "label": "Permalloy interface",
    "mean": 8.263353133910982,
    "median": 8.231191835764388,
    "p68": [
      7.930929999245379,
      8.579723658226804
    ],