{
  "Background MM": {
    "best": 4.2658706218764124e-07,
    "index": 1,
    "integer": false,
    "label": "Background MM",
    "mean": 4.2707681739951466e-07,
    "median": 4.256678023722285e-07,
    "p68": [
      3.9030575029535377e-07,
      4.646206642015206e-07
    ],
    "p68_range": [
      3.9030575029535377e-07,
      4.646206642015206e-07
    ],
    "p95": [
      3.548807577942079e-07,
      5.028331047774995e-07
    ],
    "p95_range": [
      3.548807577942079e-07,
      5.028331047774995e-07
    ],
    "std": 3.8418487739569884e-08
  },
  "Background PP": {
    "best": 1.3048416275279066e-07,
    "index": 3,
    "integer": false,
    "label": "Background PP",
    "mean": 1.3445817670369494e-07,
    "median": 1.3324394146046643e-07,
    "p68": [
      9.616076123187608e-08,
      1.748976410657525e-07
    ],
    "p68_range": [
      9.616076123187608e-08,
      1.748976410657525e-07
    ],
    "p95": [
      5.548647539977504e-08,
      2.1782512525713423e-07
    ],
    "p95_range": [
      5.548647539977504e-08,
      2.1782512525713423e-07
    ],
    "std": 4.133808029554568e-08
  },
  "Bulk Nafion interface": {
    "best": 12.60616324749059,
    "index": 26,
    "integer": false,
    "label": "Bulk Nafion interface",
    "mean": 12.605246094428372,
    "median": 12.607720988493787,
    "p68": [
      12.535095236731992,
      12.677626860567162
    ],
    "p68_range": [
      12.535095236731992,
      12.677626860567162
    ],
    "p95": [
      12.374993105897188,
      12.853301460339225
    ],
    "p95_range": [
      12.374993105897188,
      12.853301460339225
    ],
    "std": 0.09489764295999133
  },
  "Bulk Nafion rho": {
    "best": 3.2906435651321084,
    "index": 27,
    "integer": false,
    "label": "Bulk Nafion rho",
    "mean": 3.290530220181759,
    "median": 3.290589660472114,
    "p68": [
      3.280426813136225,
      3.299929899253791
    ],
    "p68_range": [
      3.280426813136225,
      3.299929899253791
    ],
    "p95": [
      3.269533517509373,
      3.313771107536004
    ],
    "p95_range": [
      3.269533517509373,
      3.313771107536004
    ],
    "std": 0.010527621889236017
  },
  "Bulk Nafion thickness": {
    "best": 200.0078698536839,
    "index": 28,
    "integer": false,
    "label": "Bulk Nafion thickness",
    "mean": 200.0313121063752,
    "median": 200.0150489817066,
    "p68": [
      199.6922289313823,
      200.3778872716976
    ],
    "p68_range": [
      199.6922289313823,
      200.3778872716976
    ],
    "p95": [
      199.01431261280166,
      201.0868773641609
    ],
    "p95_range": [
      199.01431261280166,
      201.0868773641609
    ],
    "std": 0.4514280160428584
  },
  "Grad thickness": {
    "best": 31.576529630378328,
    "index": 25,
    "integer": false,
    "label": "Grad thickness",
    "mean": 31.54592655352642,
    "median": 31.57026333459783,
    "p68": [
      31.18869132508945,
      31.89177269687638
    ],
    "p68_range": [
      31.18869132508945,
      31.89177269687638
    ],
    "p95": [
      30.533778785415485,
      32.48361481525455
    ],
    "p95_range": [
      30.533778785415485,
      32.48361481525455
    ],
    "std": 0.4391346274079464
  },
  "Grad:Nafion": {
    "best": 0.467693250446605,
    "index": 33,
    "integer": false,
    "label": "Grad:Nafion",
    "mean": 0.46754645198625916,
    "median": 0.46769793589515346,
    "p68": [
      0.46593544142695664,
      0.4695178915823814
    ],
    "p68_range": [
      0.46593544142695664,
      0.4695178915823814
    ],
    "p95": [
      0.4608597038009782,
      0.4728544888299859
    ],
    "p95_range": [
      0.4608597038009782,
      0.4728544888299859
    ],
    "std": 0.0026459921651097403
  },
  "Gradient rho": {
    "best": 3.054680548080397,
    "index": 24,
    "integer": false,
    "label": "Gradient rho",
    "mean": 3.0542505539040734,
    "median": 3.0548300774338593,
    "p68": [
      3.0386943238907183,
      3.068354957593779
    ],
    "p68_range": [
      3.0386943238907183,
      3.068354957593779
    ],
    "p95": [
      3.025361843777827,
      3.0866767388695813
    ],
    "p95_range": [
      3.025361843777827,
      3.0866767388695813
    ],
    "std": 0.015765083327230856
  },
  "NRL1 rho": {
    "best": 1.9637898782556,
    "index": 18,
    "integer": false,
    "label": "NRL1 rho",
    "mean": 1.963111080409803,
    "median": 1.9635367367522407,
    "p68": [
      1.9459197528087906,
      1.9799577781584197
    ],
    "p68_range": [
      1.9459197528087906,
      1.9799577781584197
    ],
    "p95": [
      1.913218950821069,
      2.0073677423716725
    ],
    "p95_range": [
      1.913218950821069,
      2.0073677423716725
    ],
    "std": 0.022588590238336995
  },
  "NRL1 thickness": {
    "best": 6.338168390868462,
    "index": 19,
    "integer": false,
    "label": "NRL1 thickness",
    "mean": 6.344994367167264,
    "median": 6.342856054953501,
    "p68": [
      6.228513961070797,
      6.456213546861784
    ],
    "p68_range": [
      6.228513961070797,
      6.456213546861784
    ],
    "p95": [
      6.0821022903645705,
      6.612988338881371
    ],
    "p95_range": [
      6.0821022903645705,
      6.612988338881371
    ],
    "std": 0.12731170265147168
  },
  "NRL1:WRL2": {
    "best": 0.05754836646405144,
    "index": 30,
    "integer": false,
    "label": "NRL1:WRL2",
    "mean": 0.05744862171012711,
    "median": 0.05754248426836084,
    "p68": [
      0.05537841211820145,
      0.05956285272440599
    ],
    "p68_range": [
      0.05537841211820145,
      0.05956285272440599
    ],
    "p95": [
      0.050985531942461575,
      0.06445970450447455
    ],
    "p95_range": [
      0.050985531942461575,
      0.06445970450447455
    ],
    "std": 0.0030822289562005395
  },
  "NRL2 rho": {
    "best": 3.01267748236288,
    "index": 22,
    "integer": false,
    "label": "NRL2 rho",
    "mean": 3.012636668308962,
    "median": 3.0129499848251684,
    "p68": [
      3.001277529719668,
      3.0241926988725356
    ],
    "p68_range": [
      3.001277529719668,
      3.0241926988725356
    ],
    "p95": [
      2.984032048579462,
      3.0376376004868604
    ],
    "p95_range": [
      2.984032048579462,
      3.0376376004868604
    ],
    "std": 0.012991453266166613
  },
  "NRL2 thickness": {
    "best": 31.385154929759786,
    "index": 23,
    "integer": false,
    "label": "NRL2 thickness",
    "mean": 31.383140400825194,
    "median": 31.387433709190063,
    "p68": [
      31.219462342352244,
      31.56365007915603
    ],
    "p68_range": [
      31.219462342352244,
      31.56365007915603
    ],
    "p95": [
      30.898965278763377,
      31.920973062104494
    ],
    "p95_range": [
      30.898965278763377,
      31.920973062104494
    ],
    "std": 0.24916302558347384
  },
  "NRL2:Grad": {
    "best": 0.5498352430969989,
    "index": 32,
    "integer": false,
    "label": "NRL2:Grad",
    "mean": 0.5492173576204961,
    "median": 0.5495883533612166,
    "p68": [
      0.5486285661803121,
      0.5498971539764796
    ],
    "p68_range": [
      0.5486285661803121,
      0.5498971539764796
    ],
    "p95": [
      0.5460811194492036,
      0.5499758465059676
    ],
    "p95_range": [
      0.5460811194492036,
      0.5499758465059676
    ],
    "std": 0.0010174417999243323
  },
  "Permalloy interface": {
    "best": 9.518097599451831,
    "index": 9,
    "integer": false,
    "label": "Permalloy interface",
    "mean": 9.514446482608056,
    "median": 9.522040908935281,
    "p68": [
      9.431094574919896,
      9.593025346202095
    ],