{
  "Interface interface": {
    "best": 2.6325171506129976,
    "index": 4,
    "integer": false,
    "label": "Interface interface",
    "mean": 2.6256157406664693,
    "median": 2.6226975515944764,
    "p68": [
      2.5929979343769216,
      2.6599346036131566
    ],
    "p68_range": [
      2.5929979343769216,
      2.6599346036131566
    ],
    "p95": [
      2.558910471201421,
      2.714043079970597
    ],
    "p95_range": [
      2.558910471201421,
      2.714043079970597
    ],
    "std": 0.035783092179449326
  },
  "Interface irho": {
    "best": 23.479044390700608,
    "index": 5,
    "integer": false,
    "label": "Interface irho",
    "mean": 22.532990130848088,
    "median": 22.547182263604807,
    "p68": [
      21.66162714621181,
      23.440431034631867
    ],
    "p68_range": [
      21.66162714621181,
      23.440431034631867
    ],
    "p95": [
      20.742927126195223,
      24.18178098015975
    ],
    "p95_range": [
      20.742927126195223,
      24.18178098015975
    ],
    "std": 0.8848141691375666
  },
  "Interface rho": {
    "best": 27.090463604162963,
    "index": 6,
    "integer": false,
    "label": "Interface rho",
    "mean": 26.266110394456895,
    "median": 26.300955935712967,
    "p68": [
      25.637364604403206,
      26.915451070080767
    ],
    "p68_range": [
      25.637364604403206,
      26.915451070080767
    ],
    "p95": [
      24.922499134419017,
      27.380899212685037
    ],
    "p95_range": [
      24.922499134419017,
      27.380899212685037
    ],
    "std": 0.6359270588857784
  },
  "Interface thickness": {
    "best": 39.23088692995653,
    "index": 7,
    "integer": false,
    "label": "Interface thickness",
    "mean": 38.736291263723515,
    "median": 38.73244998676157,
    "p68": [
      38.16905305014513,
      39.306501615807996
    ],
    "p68_range": [
      38.16905305014513,
      39.306501615807996
    ],
    "p95": [
      37.677481004500564,
      39.78076763308409
    ],
    "p95_range": [
      37.677481004500564,
      39.78076763308409
    ],
    "std": 0.5453150809016917
  },
  "Permalloy interface": {
    "best": 6.54923257724473,
    "index": 12,
    "integer": false,
    "label": "Permalloy interface",
    "mean": 6.554718397739328,
    "median": 6.555070450539585,
    "p68": [
      6.540856155673379,
      6.567640996520374
    ],
    "p68_range": [
      6.540856155673379,
      6.567640996520374
    ],
    "p95": [
      6.5290616578451255,
      6.580077115564937
    ],
    "p95_range": [
      6.5290616578451255,
      6.580077115564937
    ],
    "std": 0.013280041188089876
  },
  "Permalloy irho": {
    "best": 5.775115899930661,
    "index": 13,
    "integer": false,
    "label": "Permalloy irho",
    "mean": 5.719539342488925,
    "median": 5.712911528089092,
    "p68": [
      5.499859896523115,
      5.940951008272895
    ],
    "p68_range": [
      5.499859896523115,
      5.940951008272895
    ],
    "p95": [
      5.260436464652805,
      6.1593087540843605
    ],
    "p95_range": [
      5.260436464652805,
      6.1593087540843605
    ],
    "std": 0.22902272546388486
  },
  "Permalloy rho": {
    "best": 66.90402848655322,
    "index": 14,
    "integer": false,
    "label": "Permalloy rho",
    "mean": 66.77375311467014,
    "median": 66.77559169845313,
    "p68": [
      66.58672108770541,
      66.95280837561401
    ],
    "p68_range": [
      66.58672108770541,
      66.95280837561401
    ],
    "p95": [
      66.41975180507207,
      67.14774368171305
    ],
    "p95_range": [
      66.41975180507207,
      67.14774368171305
    ],
    "std": 0.18821015938721608
  },
  "Permalloy thickness": {
    "best": 105.98606393471954,
    "index": 15,
    "integer": false,
    "label": "Permalloy thickness",
    "mean": 106.07059147052026,
    "median": 106.07349245381813,
    "p68": [
      105.96649027106895,
      106.17700647367751
    ],
    "p68_range": [
      105.96649027106895,
      106.17700647367751
    ],
    "p95": [
      105.82203406664956,
      106.28389491987006
    ],
    "p95_range": [
      105.82203406664956,
      106.28389491987006
    ],
    "std": 0.11094581274902723
  },
  "Platinum interface": {
    "best": 3.717858439365277,
    "index": 16,
    "integer": false,
    "label": "Platinum interface",
    "mean": 3.7178676795490007,
    "median": 3.717746807803562,
    "p68": [
      3.715602029145036,
      3.7201857904629407
    ],
    "p68_range": [
      3.715602029145036,
      3.7201857904629407
    ],
    "p95": [
      3.7134906851472342,
      3.7222919007754434
    ],
    "p95_range": [
      3.7134906851472342,
      3.7222919007754434
    ],
    "std": 0.0022494475078837267
  },
  "Platinum irho": {
    "best": 12.435771974793113,
    "index": 17,
    "integer": false,
    "label": "Platinum irho",
    "mean": 12.458861327821262,
    "median": 12.45977850215926,
    "p68": [
      12.363905758130844,
      12.549801019643596
    ],
    "p68_range": [
      12.363905758130844,
      12.549801019643596
    ],
    "p95": [
      12.266401448119506,
      12.64495719324528
    ],
    "p95_range": [
      12.266401448119506,
      12.64495719324528
    ],
    "std": 0.09427511846941729
  },
  "Platinum rho": {
    "best": 133.30360321483272,
    "index": 18,
    "integer": false,
    "label": "Platinum rho",
    "mean": 133.25997396283466,
    "median": 133.26178301393233,
    "p68": [
      133.1287523543403,
      133.3928159922092
    ],
    "p68_range": [
      133.1287523543403,
      133.3928159922092
    ],
    "p95": [
      132.9938621848377,
      133.5184916233451
    ],
    "p95_range": [
      132.9938621848377,
      133.5184916233451
    ],
    "std": 0.13273299786211967
  },
  "Platinum thickness": {
    "best": 49.35279519569886,
    "index": 19,
    "integer": false,
    "label": "Platinum thickness",
    "mean": 49.35228346343916,
    "median": 49.35250422412767,
    "p68": [
      49.331769367594426,
      49.37400267819036
    ],
    "p68_range": [
      49.331769367594426,
      49.37400267819036
    ],
    "p95": [
      49.31026685952922,
      49.39527293317374
    ],
    "p95_range": [
      49.31026685952922,
      49.39527293317374
    ],
    "std": 0.02145005461515122
  },
  "SiOx interface": {
    "best": 4.677905714454523,
    "index": 8,
    "integer": false,
    "label": "SiOx interface",
    "mean": 4.759978973383787,
    "median": 4.757609566606177,
    "p68": [
      4.69372370987771,
      4.8234843944126125
    ],
    "p68_range": [
      4.69372370987771,
      4.8234843944126125
    ],
    "p95": [
      4.643871972294388,
      4.890361125178602
    ],
    "p95_range": [
      4.643871972294388,
      4.890361125178602
    ],
    "std": 0.06344746733897991
  },
  "SiOx irho": {
    "best": -0.3716633595744241,
    "index": 9,
    "integer": false,
    "label": "SiOx irho",
    "mean": -0.06564208137523192,
    "median": -0.11444705478875593,
    "p68": [
      -0.35520223708580034,
      0.21531627135050208
    ],
    "p68_range": [
      -0.35520223708580034,
      0.21531627135050208
    ],
    "p95": [
      -0.4776471875381079,
      0.6083720115808418
    ],
    "p95_range": [
      -0.4776471875381079,
      0.6083720115808418
    ],
    "std": 0.2926549404198109
  },
  "SiOx rho": {
    "best": 27.556738625403863,
    "index": 10,
    "integer": false,
    "label": "SiOx rho",
    "mean": 30.893611540643374,
    "median": 30.734985520180334,
    "p68": [
      28.85609553895857,
      32.91707707039778
    ],
    "p68_range": [
      28.85609553895857,
      32.91707707039778
    ],