{
  "Interface interface": {
    "best": 2.721191025940913,
    "index": 4,
    "integer": false,
    "label": "Interface interface",
    "mean": 2.7347314343303912,
    "median": 2.7349809467642774,
    "p68": [
      2.7069582365276705,
      2.7626212603980504
    ],
    "p68_range": [
      2.7069582365276705,
      2.7626212603980504
    ],
    "p95": [
      2.674249278097942,
      2.7913447857686053
    ],
    "p95_range": [
      2.674249278097942,
      2.7913447857686053
    ],
    "std": 0.029210580245714764
  },
  "Interface irho": {
    "best": 25.727098821051037,
    "index": 5,
    "integer": false,
    "label": "Interface irho",
    "mean": 26.206943147185882,
    "median": 26.209726210769535,
    "p68": [
      25.463527242060636,
      26.98096182602814
    ],
    "p68_range": [
      25.463527242060636,
      26.98096182602814
    ],
    "p95": [
      24.82464610159342,
      27.677052353166875
    ],
    "p95_range": [
      24.82464610159342,
      27.677052353166875
    ],
    "std": 0.7515868183537902
  },
  "Interface rho": {
    "best": 28.569668989166598,
    "index": 6,
    "integer": false,
    "label": "Interface rho",
    "mean": 28.473669268527022,
    "median": 28.510417306169362,
    "p68": [
      27.940306155808322,
      29.049826157328862
    ],
    "p68_range": [
      27.940306155808322,
      29.049826157328862
    ],
    "p95": [
      27.239360360484753,
      29.490806220635402
    ],
    "p95_range": [
      27.239360360484753,
      29.490806220635402
    ],
    "std": 0.5665947886955823
  },
  "Interface thickness": {
    "best": 39.45355758352551,
    "index": 7,
    "integer": false,
    "label": "Interface thickness",
    "mean": 39.30303002202343,
    "median": 39.28092088333485,
    "p68": [
      38.7575856872509,
      39.85690634729134
    ],
    "p68_range": [
      38.7575856872509,
      39.85690634729134
    ],
    "p95": [
      38.311576827514074,
      40.424347556455
    ],
    "p95_range": [
      38.311576827514074,
      40.424347556455
    ],
    "std": 0.548280170227759
  },
  "Permalloy interface": {
    "best": 6.545819165062917,
    "index": 12,
    "integer": false,
    "label": "Permalloy interface",
    "mean": 6.54087656961253,
    "median": 6.541214474349564,
    "p68": [
      6.527819780623721,
      6.553200684315124
    ],
    "p68_range": [
      6.527819780623721,
      6.553200684315124
    ],
    "p95": [
      6.516633957627842,
      6.567190157942246
    ],
    "p95_range": [
      6.516633957627842,
      6.567190157942246
    ],
    "std": 0.012730436263046941
  },
  "Permalloy irho": {
    "best": 5.73130821433514,
    "index": 13,
    "integer": false,
    "label": "Permalloy irho",
    "mean": 5.9099795513894495,
    "median": 5.903773442146904,
    "p68": [
      5.6815732437546185,
      6.1463764609360005
    ],
    "p68_range": [
      5.6815732437546185,
      6.1463764609360005
    ],
    "p95": [
      5.477960938735235,
      6.3576805936924
    ],
    "p95_range": [
      5.477960938735235,
      6.3576805936924
    ],
    "std": 0.23016432704493217
  },
  "Permalloy rho": {
    "best": 67.62929541591889,
    "index": 14,
    "integer": false,
    "label": "Permalloy rho",
    "mean": 67.73359573777104,
    "median": 67.73665623081035,
    "p68": [
      67.57972247631298,
      67.89645956612203
    ],
    "p68_range": [
      67.57972247631298,
      67.89645956612203
    ],
    "p95": [
      67.40154072419766,
      68.05739765063784
    ],
    "p95_range": [
      67.40154072419766,
      68.05739765063784
    ],
    "std": 0.16277337490148622
  },
  "Permalloy thickness": {
    "best": 105.78060672601119,
    "index": 15,
    "integer": false,
    "label": "Permalloy thickness",
    "mean": 105.76173886804015,
    "median": 105.76412986130269,
    "p68": [
      105.67772025603217,
      105.84118649400395
    ],
    "p68_range": [
      105.67772025603217,
      105.84118649400395
    ],
    "p95": [
      105.59833781204276,
      105.93747241115689
    ],
    "p95_range": [
      105.59833781204276,
      105.93747241115689
    ],
    "std": 0.08542315542270981
  },
  "Platinum interface": {
    "best": 3.708520316407263,
    "index": 16,
    "integer": false,
    "label": "Platinum interface",
    "mean": 3.7086946978481325,
    "median": 3.7086427202396077,
    "p68": [
      3.7067760878956277,
      3.710684585387701
    ],
    "p68_range": [
      3.7067760878956277,
      3.710684585387701
    ],
    "p95": [
      3.7050670941166017,
      3.712461575184371
    ],
    "p95_range": [
      3.7050670941166017,
      3.712461575184371
    ],
    "std": 0.001882098412896277
  },
  "Platinum irho": {
    "best": 11.94686846868234,
    "index": 17,
    "integer": false,
    "label": "Platinum irho",
    "mean": 11.960115983711674,
    "median": 11.96042430184028,
    "p68": [
      11.886232373991469,
      12.038897692053695
    ],
    "p68_range": [
      11.886232373991469,
      12.038897692053695
    ],
    "p95": [
      11.806412712206757,
      12.103110906345226
    ],
    "p95_range": [
      11.806412712206757,
      12.103110906345226
    ],
    "std": 0.07654773727770156
  },
  "Platinum rho": {
    "best": 134.40100836750864,
    "index": 18,
    "integer": false,
    "label": "Platinum rho",
    "mean": 134.40179250127983,
    "median": 134.40171317188745,
    "p68": [
      134.3468952241723,
      134.45716630195696
    ],
    "p68_range": [
      134.3468952241723,
      134.45716630195696
    ],
    "p95": [
      134.2912613834857,
      134.51613393375285
    ],
    "p95_range": [
      134.2912613834857,
      134.51613393375285
    ],
    "std": 0.05602592167017764
  },
  "Platinum thickness": {
    "best": 49.38110627918726,
    "index": 19,
    "integer": false,
    "label": "Platinum thickness",
    "mean": 49.37124821192959,
    "median": 49.37225384687774,
    "p68": [
      49.3484286030922,
      49.3931386375978
    ],
    "p68_range": [
      49.3484286030922,
      49.3931386375978
    ],
    "p95": [
      49.329104844124394,
      49.41449418650939
    ],
    "p95_range": [
      49.329104844124394,
      49.41449418650939
    ],
    "std": 0.02172460663509089
  },
  "SiOx interface": {
    "best": 4.58236559997983,
    "index": 8,
    "integer": false,
    "label": "SiOx interface",
    "mean": 4.606753246866275,
    "median": 4.604721633532727,
    "p68": [
      4.549625366076186,
      4.6632710090301615
    ],
    "p68_range": [
      4.549625366076186,
      4.6632710090301615
    ],
    "p95": [
      4.506617485885863,
      4.723416666501876
    ],
    "p95_range": [
      4.506617485885863,
      4.723416666501876
    ],
    "std": 0.05532077696938703
  },
  "SiOx irho": {
    "best": -0.17977300241451272,
    "index": 9,
    "integer": false,
    "label": "SiOx irho",
    "mean": 0.045833128002542474,
    "median": -0.03621087623262115,
    "p68": [
      -0.3290230241852369,
      0.39374612310792856
    ],
    "p68_range": [
      -0.3290230241852369,
      0.39374612310792856
    ],
    "p95": [
      -0.4676658318096119,
      1.1018167910688514
    ],
    "p95_range": [
      -0.4676658318096119,
      1.1018167910688514
    ],
    "std": 0.4094648272746854
  },
  "SiOx rho": {
    "best": 25.898034864528398,
    "index": 10,
    "integer": false,
    "label": "SiOx rho",
    "mean": 26.22600048522336,
    "median": 26.079925247677394,
    "p68": [
      24.329935439872013,
      28.042396753121917
    ],
    "p68_range": [
      24.329935439872013,
      28.042396753121917
    ],