{
  "Interface interface": {
    "best": 14.120230608991852,
    "index": 3,
    "integer": false,
    "label": "Interface interface",
    "mean": 13.972623316301721,
    "median": 14.140559666690308,
    "p68": [
      13.349810894081005,
      14.668178324413374
    ],
    "p68_range": [
      13.349810894081005,
      14.668178324413374
    ],
    "p95": [
      11.741718869437854,
      14.927199331366541
    ],
    "p95_range": [
      11.741718869437854,
      14.927199331366541
    ],
    "std": 0.7926841493073196
  },
  "Interface irho": {
    "best": 3.4592142391886016,
    "index": 4,
    "integer": false,
    "label": "Interface irho",
    "mean": 3.419714017656626,
    "median": 3.442704950571459,
    "p68": [
      3.3522931628548345,
      3.4863836286836842
    ],
    "p68_range": [
      3.3522931628548345,
      3.4863836286836842
    ],
    "p95": [
      3.206442723890519,
      3.4979285320301936
    ],
    "p95_range": [
      3.206442723890519,
      3.4979285320301936
    ],
    "std": 0.07677888637210796
  },
  "Interface rho": {
    "best": 22.219044386793016,
    "index": 5,
    "integer": false,
    "label": "Interface rho",
    "mean": 22.71194903439379,
    "median": 22.40061538526914,
    "p68": [
      22.10358021082055,
      23.3078872270926
    ],
    "p68_range": [
      22.10358021082055,
      23.3078872270926
    ],
    "p95": [
      22.01547386455083,
      25.356690687319738
    ],
    "p95_range": [
      22.01547386455083,
      25.356690687319738
    ],
    "std": 0.8520790430329384
  },
  "Interface thickness": {
    "best": 30.130661264865868,
    "index": 6,
    "integer": false,
    "label": "Interface thickness",
    "mean": 29.457497568805515,
    "median": 29.813947200681532,
    "p68": [
      27.621149531989783,
      31.219964990087362
    ],
    "p68_range": [
      27.621149531989783,
      31.219964990087362
    ],
    "p95": [
      23.93882727225067,
      32.4153841113395
    ],
    "p95_range": [
      23.93882727225067,
      32.4153841113395
    ],
    "std": 2.0472531836642593
  },
  "Permalloy interface": {
    "best": 6.688950575168831,
    "index": 11,
    "integer": false,
    "label": "Permalloy interface",
    "mean": 6.69171760039734,
    "median": 6.691366071199117,
    "p68": [
      6.679881969861848,
      6.70359694632613
    ],
    "p68_range": [
      6.679881969861848,
      6.70359694632613
    ],
    "p95": [
      6.669237309753926,
      6.716208041131089
    ],
    "p95_range": [
      6.669237309753926,
      6.716208041131089
    ],
    "std": 0.011920118238232458
  },
  "Permalloy irho": {
    "best": 0.6869922961074137,
    "index": 12,
    "integer": false,
    "label": "Permalloy irho",
    "mean": 0.6124411717801983,
    "median": 0.6115408838964428,
    "p68": [
      0.48008369881963847,
      0.7525302367025494
    ],
    "p68_range": [
      0.48008369881963847,
      0.7525302367025494
    ],
    "p95": [
      0.3169847495097971,
      0.8895665721161021
    ],
    "p95_range": [
      0.3169847495097971,
      0.8895665721161021
    ],
    "std": 0.14090275053764673
  },
  "Permalloy rho": {
    "best": 67.25213792062846,
    "index": 13,
    "integer": false,
    "label": "Permalloy rho",
    "mean": 67.23118463511244,
    "median": 67.23449472207984,
    "p68": [
      67.10174360587398,
      67.36028500486832
    ],
    "p68_range": [
      67.10174360587398,
      67.36028500486832
    ],
    "p95": [
      66.97010748715137,
      67.46123711703625
    ],
    "p95_range": [
      66.97010748715137,
      67.46123711703625
    ],
    "std": 0.12667742523830283
  },
  "Permalloy thickness": {
    "best": 107.89667792970674,
    "index": 14,
    "integer": false,
    "label": "Permalloy thickness",
    "mean": 107.90477731643384,
    "median": 107.90401486892067,
    "p68": [
      107.87541612932033,
      107.93563066502486
    ],
    "p68_range": [
      107.87541612932033,
      107.93563066502486
    ],
    "p95": [
      107.84808374624103,
      107.96502820421989
    ],
    "p95_range": [
      107.84808374624103,
      107.96502820421989
    ],
    "std": 0.02991553265139703
  },
  "Platinum interface": {
    "best": 3.65924214910066,
    "index": 15,
    "integer": false,
    "label": "Platinum interface",
    "mean": 3.6599776557444432,
    "median": 3.659981099418611,
    "p68": [
      3.6580239334473013,
      3.6618312271713322
    ],
    "p68_range": [
      3.6580239334473013,
      3.6618312271713322
    ],
    "p95": [
      3.6565444615243385,
      3.6636278847901957
    ],
    "p95_range": [
      3.6565444615243385,
      3.6636278847901957
    ],
    "std": 0.0018472354509524661
  },
  "Platinum irho": {
    "best": 8.450499784150233,
    "index": 16,
    "integer": false,
    "label": "Platinum irho",
    "mean": 8.448537894561605,
    "median": 8.44936149833297,
    "p68": [
      8.446438127811822,
      8.450604921064741
    ],
    "p68_range": [
      8.446438127811822,
      8.450604921064741
    ],
    "p95": [
      8.441489546379637,
      8.450938929870619
    ],
    "p95_range": [
      8.441489546379637,
      8.450938929870619
    ],
    "std": 0.002579063478686464
  },
  "Platinum rho": {
    "best": 134.70183216160456,
    "index": 17,
    "integer": false,
    "label": "Platinum rho",
    "mean": 134.66935023221754,
    "median": 134.66991998274804,
    "p68": [
      134.56443866775388,
      134.7784613991436
    ],
    "p68_range": [
      134.56443866775388,
      134.7784613991436
    ],
    "p95": [
      134.46088306581376,
      134.86974734950772
    ],
    "p95_range": [
      134.46088306581376,
      134.86974734950772
    ],
    "std": 0.10426020921746156
  },
  "Platinum thickness": {
    "best": 49.58129062692492,
    "index": 18,
    "integer": false,
    "label": "Platinum thickness",
    "mean": 49.568171749441554,
    "median": 49.56850564919173,
    "p68": [
      49.55074857477216,
      49.5863684625023
    ],
    "p68_range": [
      49.55074857477216,
      49.5863684625023
    ],
    "p95": [
      49.53164217251555,
      49.60237018190056
    ],
    "p95_range": [
      49.53164217251555,
      49.60237018190056
    ],
    "std": 0.017779261491000398
  },
  "SiOx interface": {
    "best": 3.2761759609007943,
    "index": 7,
    "integer": false,
    "label": "SiOx interface",
    "mean": 3.276471143880179,
    "median": 3.2766588069694222,
    "p68": [
      3.2648073085543157,
      3.2877675001741213
    ],
    "p68_range": [
      3.2648073085543157,
      3.2877675001741213
    ],
    "p95": [
      3.2531108876758865,
      3.299594599490552
    ],
    "p95_range": [
      3.2531108876758865,
      3.299594599490552
    ],
    "std": 0.011640032445782704
  },
  "SiOx irho": {
    "best": 7.866671189685509,
    "index": 8,
    "integer": false,
    "label": "SiOx irho",
    "mean": 7.770249887104437,
    "median": 7.803444845512281,
    "p68": [
      7.683975898066821,
      7.853419575807222
    ],
    "p68_range": [
      7.683975898066821,
      7.853419575807222
    ],
    "p95": [
      7.48246385946689,
      7.8685633022319825
    ],
    "p95_range": [
      7.48246385946689,
      7.8685633022319825
    ],
    "std": 0.10225745475253203
  },
  "SiOx rho": {
    "best": 33.33088358151806,
    "index": 9,
    "integer": false,
    "label": "SiOx rho",
    "mean": 33.35230547522043,
    "median": 33.34468859322386,
    "p68": [
      33.085883329164595,
      33.60651840805847
    ],
    "p68_range": [
      33.085883329164595,
      33.60651840805847
    ],