{
  "Background MM": {
    "best": 5.929843325069248e-08,
    "index": 1,
    "integer": false,
    "label": "Background MM",
    "mean": 6.80038907510224e-08,
    "median": 6.236887197820392e-08,
    "p68": [
      2.746188226064742e-08,
      1.0955412586864059e-07
    ],
    "p68_range": [
      2.746188226064742e-08,
      1.0955412586864059e-07
    ],
    "p95": [
      7.97721425250529e-09,
      1.5646780093574685e-07
    ],
    "p95_range": [
      7.97721425250529e-09,
      1.5646780093574685e-07
    ],
    "std": 3.941329959725653e-08
  },
  "Background PP": {
    "best": 4.6571301444031434e-08,
    "index": 3,
    "integer": false,
    "label": "Background PP",
    "mean": 6.778742673504173e-08,
    "median": 6.397318194624101e-08,
    "p68": [
      2.748355263784612e-08,
      1.0719895131672926e-07
    ],
    "p68_range": [
      2.748355263784612e-08,
      1.0719895131672926e-07
    ],
    "p95": [
      7.131574230470219e-09,
      1.4390364514830432e-07
    ],
    "p95_range": [
      7.131574230470219e-09,
      1.4390364514830432e-07
    ],
    "std": 3.708042579744799e-08
  },
  "Bulk Nafion interface": {
    "best": 10.298771270363465,
    "index": 26,
    "integer": false,
    "label": "Bulk Nafion interface",
    "mean": 9.751717994496083,
    "median": 9.734951753127035,
    "p68": [
      9.484186183499686,
      10.017118676269972
    ],
    "p68_range": [
      9.484186183499686,
      10.017118676269972
    ],
    "p95": [
      9.265581141699707,
      10.364603568658366
    ],
    "p95_range": [
      9.265581141699707,
      10.364603568658366
    ],
    "std": 0.27840091020447927
  },
  "Bulk Nafion rho": {
    "best": 4.324979068951953,
    "index": 27,
    "integer": false,
    "label": "Bulk Nafion rho",
    "mean": 4.176993114090557,
    "median": 4.164959338934763,
    "p68": [
      4.1168869103008054,
      4.239182969793705
    ],
    "p68_range": [
      4.1168869103008054,
      4.239182969793705
    ],
    "p95": [
      4.0844831876921655,
      4.331492416819824
    ],
    "p95_range": [
      4.0844831876921655,
      4.331492416819824
    ],
    "std": 0.06340174778368635
  },
  "Bulk Nafion thickness": {
    "best": 42.164807194212614,
    "index": 28,
    "integer": false,
    "label": "Bulk Nafion thickness",
    "mean": 103.1192328791631,
    "median": 107.68320231915068,
    "p68": [
      80.85882289191115,
      124.04578268166092
    ],
    "p68_range": [
      80.85882289191115,
      124.04578268166092
    ],
    "p95": [
      47.39854685551112,
      135.068994474279
    ],
    "p95_range": [
      47.39854685551112,
      135.068994474279
    ],
    "std": 22.640702449246543
  },
  "Grad thickness": {
    "best": 167.72569861021378,
    "index": 25,
    "integer": false,
    "label": "Grad thickness",
    "mean": 107.66503029606142,
    "median": 103.23089188439118,
    "p68": [
      87.43431921148726,
      129.86160252995856
    ],
    "p68_range": [
      87.43431921148726,
      129.86160252995856
    ],
    "p95": [
      75.88708014154645,
      162.62095419152027
    ],
    "p95_range": [
      75.88708014154645,
      162.62095419152027
    ],
    "std": 22.130504984750893
  },
  "Grad:Nafion": {
    "best": 0.5185208359091198,
    "index": 33,
    "integer": false,
    "label": "Grad:Nafion",
    "mean": 0.5014504543387822,
    "median": 0.5093978007630036,
    "p68": [
      0.4671620113449298,
      0.5367170242730875
    ],
    "p68_range": [
      0.4671620113449298,
      0.5367170242730875
    ],
    "p95": [
      0.40637523670706294,
      0.5478356250953353
    ],
    "p95_range": [
      0.40637523670706294,
      0.5478356250953353
    ],
    "std": 0.037511220729948454
  },
  "Gradient rho": {
    "best": 3.833374450336581,
    "index": 24,
    "integer": false,
    "label": "Gradient rho",
    "mean": 3.829039178817165,
    "median": 3.8295033964082164,
    "p68": [
      3.802386551476343,
      3.8559350492380626
    ],
    "p68_range": [
      3.802386551476343,
      3.8559350492380626
    ],
    "p95": [
      3.771455469499346,
      3.881945539828535
    ],
    "p95_range": [
      3.771455469499346,
      3.881945539828535
    ],
    "std": 0.028707696460355883
  },
  "NRL1 rho": {
    "best": 3.851947070444714,
    "index": 18,
    "integer": false,
    "label": "NRL1 rho",
    "mean": 3.8963091513536487,
    "median": 3.8925409903166712,
    "p68": [
      3.841641422600693,
      3.947778698598195
    ],
    "p68_range": [
      3.841641422600693,
      3.947778698598195
    ],
    "p95": [
      3.79573277648151,
      4.024381694656034
    ],
    "p95_range": [
      3.79573277648151,
      4.024381694656034
    ],
    "std": 0.058172737383333506
  },
  "NRL1 thickness": {
    "best": 20.930560050473787,
    "index": 19,
    "integer": false,
    "label": "NRL1 thickness",
    "mean": 20.45139059844173,
    "median": 20.50022377001255,
    "p68": [
      19.094051244030176,
      21.854357506391786
    ],
    "p68_range": [
      19.094051244030176,
      21.854357506391786
    ],
    "p95": [
      17.255241422956722,
      23.157939214590417
    ],
    "p95_range": [
      17.255241422956722,
      23.157939214590417
    ],
    "std": 1.4648645233698594
  },
  "NRL1:WRL2": {
    "best": 0.21179898270640857,
    "index": 30,
    "integer": false,
    "label": "NRL1:WRL2",
    "mean": 0.13034352151333098,
    "median": 0.09643643455165057,
    "p68": [
      0.031407272496235886,
      0.23901197316722278
    ],
    "p68_range": [
      0.031407272496235886,
      0.23901197316722278
    ],
    "p95": [
      0.006330425077438256,
      0.4230678382007287
    ],
    "p95_range": [
      0.006330425077438256,
      0.4230678382007287
    ],
    "std": 0.11069352140910248
  },
  "NRL2 rho": {
    "best": 3.6590707202965036,
    "index": 22,
    "integer": false,
    "label": "NRL2 rho",
    "mean": 3.677944199997789,
    "median": 3.678660118387346,
    "p68": [
      3.6572485417400955,
      3.698732759244372
    ],
    "p68_range": [
      3.6572485417400955,
      3.698732759244372
    ],
    "p95": [
      3.635455513301719,
      3.7169401513142946
    ],
    "p95_range": [
      3.635455513301719,
      3.7169401513142946
    ],
    "std": 0.020720353704155193
  },
  "NRL2 thickness": {
    "best": 37.16612491870104,
    "index": 23,
    "integer": false,
    "label": "NRL2 thickness",
    "mean": 36.6599491435016,
    "median": 36.69917561545076,
    "p68": [
      34.1760877811625,
      39.06475704948897
    ],
    "p68_range": [
      34.1760877811625,
      39.06475704948897
    ],
    "p95": [
      31.38320167266584,
      41.67141314529647
    ],
    "p95_range": [
      31.38320167266584,
      41.67141314529647
    ],
    "std": 2.7259647590038756
  },
  "NRL2:Grad": {
    "best": 0.06616512169115159,
    "index": 32,
    "integer": false,
    "label": "NRL2:Grad",
    "mean": 0.09940869606866072,
    "median": 0.07970606147348817,
    "p68": [
      0.02731062099646248,
      0.16006697054475405
    ],
    "p68_range": [
      0.02731062099646248,
      0.16006697054475405
    ],
    "p95": [
      0.004575959652995776,
      0.3725149759880611
    ],
    "p95_range": [
      0.004575959652995776,
      0.3725149759880611
    ],
    "std": 0.08647605899528231
  },
  "Permalloy interface": {
    "best": 7.581024526496053,
    "index": 9,
    "integer": false,
    "label": "Permalloy interface",
    "mean": 7.487820724403365,
    "median": 7.483618104819889,
    "p68": [
      7.242057714439436,
      7.74296340578205
    ],