{
  "Background MM": {
    "best": 4.486021207082492e-07,
    "index": 1,
    "integer": false,
    "label": "Background MM",
    "mean": 4.4863003795059674e-07,
    "median": 4.48258287038301e-07,
    "p68": [
      4.0704423898016317e-07,
      4.938826531891924e-07
    ],
    "p68_range": [
      4.0704423898016317e-07,
      4.938826531891924e-07
    ],
    "p95": [
      3.6902033270152395e-07,
      5.291206301633731e-07
    ],
    "p95_range": [
      3.6902033270152395e-07,
      5.291206301633731e-07
    ],
    "std": 4.243555189966386e-08
  },
  "Background PP": {
    "best": 1.5885029121836596e-07,
    "index": 3,
    "integer": false,
    "label": "Background PP",
    "mean": 1.5583409218860645e-07,
    "median": 1.5475149464198726e-07,
    "p68": [
      1.0846454112133989e-07,
      2.054746356793369e-07
    ],
    "p68_range": [
      1.0846454112133989e-07,
      2.054746356793369e-07
    ],
    "p95": [
      5.751033193582552e-08,
      2.6286377661198887e-07
    ],
    "p95_range": [
      5.751033193582552e-08,
      2.6286377661198887e-07
    ],
    "std": 5.017188496030284e-08
  },
  "Bulk Nafion interface": {
    "best": 12.574079372013484,
    "index": 21,
    "integer": false,
    "label": "Bulk Nafion interface",
    "mean": 12.573841865886342,
    "median": 12.574213077154427,
    "p68": [
      12.475882573297808,
      12.67961827384835
    ],
    "p68_range": [
      12.475882573297808,
      12.67961827384835
    ],
    "p95": [
      12.313558550958556,
      12.829104591449129
    ],
    "p95_range": [
      12.313558550958556,
      12.829104591449129
    ],
    "std": 0.12452436079047967
  },
  "Bulk Nafion rho": {
    "best": 3.287509864427866,
    "index": 22,
    "integer": false,
    "label": "Bulk Nafion rho",
    "mean": 3.2875005372977446,
    "median": 3.2873743000372913,
    "p68": [
      3.275279010632217,
      3.299389322291691
    ],
    "p68_range": [
      3.275279010632217,
      3.299389322291691
    ],
    "p95": [
      3.2642669381780833,
      3.3120105876629102
    ],
    "p95_range": [
      3.2642669381780833,
      3.3120105876629102
    ],
    "std": 0.012137488735563265
  },
  "Bulk Nafion thickness": {
    "best": 205.67777712291317,
    "index": 23,
    "integer": false,
    "label": "Bulk Nafion thickness",
    "mean": 205.69723240133436,
    "median": 205.685671774666,
    "p68": [
      205.1165839461506,
      206.19186261926936
    ],
    "p68_range": [
      205.1165839461506,
      206.19186261926936
    ],
    "p95": [
      204.5436487175814,
      206.92262287346858
    ],
    "p95_range": [
      204.5436487175814,
      206.92262287346858
    ],
    "std": 0.5892875071154623
  },
  "Grad thickness": {
    "best": 34.578342091294296,
    "index": 20,
    "integer": false,
    "label": "Grad thickness",
    "mean": 34.54977166972982,
    "median": 34.571404990022025,
    "p68": [
      34.18922821436074,
      34.921969264960815
    ],
    "p68_range": [
      34.18922821436074,
      34.921969264960815
    ],
    "p95": [
      33.45580396559515,
      35.463895410046646
    ],
    "p95_range": [
      33.45580396559515,
      35.463895410046646
    ],
    "std": 0.4526799863650918
  },
  "Grad:Nafion": {
    "best": 0.5486983331641606,
    "index": 32,
    "integer": false,
    "label": "Grad:Nafion",
    "mean": 0.5457032053991081,
    "median": 0.5470985211326195,
    "p68": [
      0.5421671410253565,
      0.5494911620514366
    ],
    "p68_range": [
      0.5421671410253565,
      0.5494911620514366
    ],
    "p95": [
      0.5326180931211881,
      0.5499334777267888
    ],
    "p95_range": [
      0.5326180931211881,
      0.5499334777267888
    ],
    "std": 0.004832690844618662
  },
  "NRL1 thickness": {
    "best": 9.263000208174008,
    "index": 17,
    "integer": false,
    "label": "NRL1 thickness",
    "mean": 9.236283200626971,
    "median": 9.267757064940822,
    "p68": [
      8.950783957600647,
      9.543167178533013
    ],
    "p68_range": [
      8.950783957600647,
      9.543167178533013
    ],
    "p95": [
      8.306257615315204,
      9.845957895426992
    ],
    "p95_range": [
      8.306257615315204,
      9.845957895426992
    ],
    "std": 0.3604720460623326
  },
  "NRL1:WRL2": {
    "best": 0.5499847218221207,
    "index": 26,
    "integer": false,
    "label": "NRL1:WRL2",
    "mean": 0.5491303921321327,
    "median": 0.5495694573884917,
    "p68": [
      0.5484466820019442,
      0.5498990699836314
    ],
    "p68_range": [
      0.5484466820019442,
      0.5498990699836314
    ],
    "p95": [
      0.5451456920126155,
      0.54998568269202
    ],
    "p95_range": [
      0.5451456920126155,
      0.54998568269202
    ],
    "std": 0.001236636205633345
  },
  "NRL2 thickness": {
    "best": 26.399167553211196,
    "index": 19,
    "integer": false,
    "label": "NRL2 thickness",
    "mean": 26.419160448905817,
    "median": 26.40823623856627,
    "p68": [
      26.083604645021072,
      26.76210853280406
    ],
    "p68_range": [
      26.083604645021072,
      26.76210853280406
    ],
    "p95": [
      25.508863934393048,
      27.40119061778964
    ],
    "p95_range": [
      25.508863934393048,
      27.40119061778964
    ],
    "std": 0.4610036970872641
  },
  "NRL2:Grad": {
    "best": 0.5454580343150631,
    "index": 30,
    "integer": false,
    "label": "NRL2:Grad",
    "mean": 0.5410729301029129,
    "median": 0.5444583700550418,
    "p68": [
      0.5334991695051527,
      0.5483919767469521
    ],
    "p68_range": [
      0.5334991695051527,
      0.5483919767469521
    ],
    "p95": [
      0.5085530293041574,
      0.549864623299618
    ],
    "p95_range": [
      0.5085530293041574,
      0.549864623299618
    ],
    "std": 0.009769380793873328
  },
  "Nafion Fraction-Gradient": {
    "best": 0.7564044019185663,
    "index": 33,
    "integer": false,
    "label": "Nafion Fraction-Gradient",
    "mean": 0.7562083626232887,
    "median": 0.756216932552446,
    "p68": [
      0.7523882614642832,
      0.7603796569367975
    ],
    "p68_range": [
      0.7523882614642832,
      0.7603796569367975
    ],
    "p95": [
      0.7476132347628478,
      0.764720552820253
    ],
    "p95_range": [
      0.7476132347628478,
      0.764720552820253
    ],
    "std": 0.004215125643436326
  },
  "Nafion Fraction-NRL1": {
    "best": 0.5800757032733436,
    "index": 27,
    "integer": false,
    "label": "Nafion Fraction-NRL1",
    "mean": 0.5797025137842998,
    "median": 0.5800240349736443,
    "p68": [
      0.5713869344470757,
      0.5882009368880259
    ],
    "p68_range": [
      0.5713869344470757,
      0.5882009368880259
    ],
    "p95": [
      0.5613806738397987,
      0.5966297851984093
    ],
    "p95_range": [
      0.5613806738397987,
      0.5966297851984093
    ],
    "std": 0.009863236495268256
  },
  "Nafion Fraction-NRL2": {
    "best": 0.7582475128318139,
    "index": 31,
    "integer": false,
    "label": "Nafion Fraction-NRL2",
    "mean": 0.7582422382700656,
    "median": 0.7582321553888194,
    "p68": [
      0.7545004092387275,
      0.7622587688852677
    ],
    "p68_range": [
      0.7545004092387275,
      0.7622587688852677
    ],
    "p95": [
      0.7492890645516121,
      0.7676587404324494
    ],
    "p95_range": [
      0.7492890645516121,
      0.7676587404324494
    ],
    "std": 0.004311100398624051
  },
  "Nafion Fraction-WRL1": {
    "best": 0.8465746097935546,
    "index": 25,
    "integer": false,
    "label": "Nafion Fraction-WRL1",
    "mean": 0.8462947617360124,
    "median": 0.8462179644264132,