{
  "Background MM": {
    "best": 1.839678379378624e-07,
    "index": 1,
    "integer": false,
    "label": "Background MM",
    "mean": 1.9269011024713802e-07,
    "median": 1.9461657474376403e-07,
    "p68": [
      1.5262997631023228e-07,
      2.2800611147846675e-07
    ],
    "p68_range": [
      1.5262997631023228e-07,
      2.2800611147846675e-07
    ],
    "p95": [
      1.1826207358509172e-07,
      2.6744917338504804e-07
    ],
    "p95_range": [
      1.1826207358509172e-07,
      2.6744917338504804e-07
    ],
    "std": 3.7694706288595335e-08
  },
  "Background PP": {
    "best": 1.9877493460312322e-07,
    "index": 3,
    "integer": false,
    "label": "Background PP",
    "mean": 2.0008649647394395e-07,
    "median": 2.0078750721387298e-07,
    "p68": [
      1.5464290364578283e-07,
      2.426811180207262e-07
    ],
    "p68_range": [
      1.5464290364578283e-07,
      2.426811180207262e-07
    ],
    "p95": [
      1.1575578259522441e-07,
      2.7836777651101546e-07
    ],
    "p95_range": [
      1.1575578259522441e-07,
      2.7836777651101546e-07
    ],
    "std": 4.197128625172389e-08
  },
  "Bulk Nafion interface": {
    "best": 9.457037898604156,
    "index": 21,
    "integer": false,
    "label": "Bulk Nafion interface",
    "mean": 9.363758956472395,
    "median": 9.348215997195709,
    "p68": [
      9.184888843327228,
      9.560014072386588
    ],
    "p68_range": [
      9.184888843327228,
      9.560014072386588
    ],
    "p95": [
      8.986320437732237,
      9.755733567773644
    ],
    "p95_range": [
      8.986320437732237,
      9.755733567773644
    ],
    "std": 0.19420183055695622
  },
  "Bulk Nafion rho": {
    "best": 4.07145316534623,
    "index": 22,
    "integer": false,
    "label": "Bulk Nafion rho",
    "mean": 4.048791710607496,
    "median": 4.0474815274461395,
    "p68": [
      4.032803093842085,
      4.065522004012472
    ],
    "p68_range": [
      4.032803093842085,
      4.065522004012472
    ],
    "p95": [
      4.020993562395108,
      4.0832632636656285
    ],
    "p95_range": [
      4.020993562395108,
      4.0832632636656285
    ],
    "std": 0.016430900766187678
  },
  "Bulk Nafion thickness": {
    "best": 181.27633864112926,
    "index": 23,
    "integer": false,
    "label": "Bulk Nafion thickness",
    "mean": 180.11393469413204,
    "median": 180.14998679157068,
    "p68": [
      179.28449537199572,
      180.92049435975136
    ],
    "p68_range": [
      179.28449537199572,
      180.92049435975136
    ],
    "p95": [
      177.86209572505481,
      182.0186431016538
    ],
    "p95_range": [
      177.86209572505481,
      182.0186431016538
    ],
    "std": 0.9666042947433823
  },
  "Grad thickness": {
    "best": 32.9060922128627,
    "index": 20,
    "integer": false,
    "label": "Grad thickness",
    "mean": 33.61480708565744,
    "median": 33.532521118447335,
    "p68": [
      32.960960056237646,
      34.23064679334483
    ],
    "p68_range": [
      32.960960056237646,
      34.23064679334483
    ],
    "p95": [
      31.86187977079533,
      35.946574417457434
    ],
    "p95_range": [
      31.86187977079533,
      35.946574417457434
    ],
    "std": 0.9288429654308189
  },
  "Grad:Nafion": {
    "best": 0.5442908911152498,
    "index": 32,
    "integer": false,
    "label": "Grad:Nafion",
    "mean": 0.544263442299089,
    "median": 0.5454413760814777,
    "p68": [
      0.5396851692857495,
      0.5482754494404439
    ],
    "p68_range": [
      0.5396851692857495,
      0.5482754494404439
    ],
    "p95": [
      0.5332014363864593,
      0.5496768502464426
    ],
    "p95_range": [
      0.5332014363864593,
      0.5496768502464426
    ],
    "std": 0.004425683327480187
  },
  "NRL1 thickness": {
    "best": 5.358414747722209,
    "index": 17,
    "integer": false,
    "label": "NRL1 thickness",
    "mean": 5.528333030970752,
    "median": 5.529557043496138,
    "p68": [
      5.327346629683342,
      5.730524038756643
    ],
    "p68_range": [
      5.327346629683342,
      5.730524038756643
    ],
    "p95": [
      5.011072466296758,
      6.029005688745608
    ],
    "p95_range": [
      5.011072466296758,
      6.029005688745608
    ],
    "std": 0.23423109717149046
  },
  "NRL1:WRL2": {
    "best": 0.5348870554081948,
    "index": 26,
    "integer": false,
    "label": "NRL1:WRL2",
    "mean": 0.5342765664439302,
    "median": 0.5354928029548662,
    "p68": [
      0.5242722815070301,
      0.544352088243563
    ],
    "p68_range": [
      0.5242722815070301,
      0.544352088243563
    ],
    "p95": [
      0.5081980935276261,
      0.5485781059087388
    ],
    "p95_range": [
      0.5081980935276261,
      0.5485781059087388
    ],
    "std": 0.010394221639758965
  },
  "NRL2 thickness": {
    "best": 29.97104004182292,
    "index": 19,
    "integer": false,
    "label": "NRL2 thickness",
    "mean": 29.674579647863133,
    "median": 29.595943515039192,
    "p68": [
      29.305953597495073,
      30.117041621109692
    ],
    "p68_range": [
      29.305953597495073,
      30.117041621109692
    ],
    "p95": [
      28.69090715115816,
      30.78965458885975
    ],
    "p95_range": [
      28.69090715115816,
      30.78965458885975
    ],
    "std": 0.5083364486666451
  },
  "NRL2:Grad": {
    "best": 0.17141648516389482,
    "index": 30,
    "integer": false,
    "label": "NRL2:Grad",
    "mean": 0.14793768618196004,
    "median": 0.151970017105771,
    "p68": [
      0.13129101273874588,
      0.16882948833045994
    ],
    "p68_range": [
      0.13129101273874588,
      0.16882948833045994
    ],
    "p95": [
      0.061610214784812344,
      0.2079140025301273
    ],
    "p95_range": [
      0.061610214784812344,
      0.2079140025301273
    ],
    "std": 0.03173537694050264
  },
  "Nafion Fraction-Gradient": {
    "best": 0.9187271643727495,
    "index": 33,
    "integer": false,
    "label": "Nafion Fraction-Gradient",
    "mean": 0.9230198166389929,
    "median": 0.9224683240828542,
    "p68": [
      0.9173709454989455,
      0.9288821897800424
    ],
    "p68_range": [
      0.9173709454989455,
      0.9288821897800424
    ],
    "p95": [
      0.911478772951941,
      0.9346494128043681
    ],
    "p95_range": [
      0.911478772951941,
      0.9346494128043681
    ],
    "std": 0.005829809329384614
  },
  "Nafion Fraction-NRL1": {
    "best": 1.153444617283076,
    "index": 27,
    "integer": false,
    "label": "Nafion Fraction-NRL1",
    "mean": 1.1485127694858097,
    "median": 1.1477399449368455,
    "p68": [
      1.1326336537400563,
      1.1613454642326346
    ],
    "p68_range": [
      1.1326336537400563,
      1.1613454642326346
    ],
    "p95": [
      1.11395133558831,
      1.1950116366302193
    ],
    "p95_range": [
      1.11395133558831,
      1.1950116366302193
    ],
    "std": 0.017875832398172628
  },
  "Nafion Fraction-NRL2": {
    "best": 0.8816660717380949,
    "index": 31,
    "integer": false,
    "label": "Nafion Fraction-NRL2",
    "mean": 0.8824696060746955,
    "median": 0.8821414080480409,
    "p68": [
      0.8786710528647804,
      0.8864863385483247
    ],
    "p68_range": [
      0.8786710528647804,
      0.8864863385483247
    ],
    "p95": [
      0.8744933827475696,
      0.8911950631353528
    ],
    "p95_range": [
      0.8744933827475696,
      0.8911950631353528
    ],
    "std": 0.004081230992851858
  },
  "Nafion Fraction-WRL1": {
    "best": 0.690941354152168,
    "index": 25,
    "integer": false,
    "label": "Nafion Fraction-WRL1",
    "mean": 0.6973920404344321,
    "median": 0.697788577705951,