{
  "Interface interface": {
    "best": 0.9330913359043677,
    "index": 3,
    "integer": false,
    "label": "Interface interface",
    "mean": 1.0269107771838373,
    "median": 0.8901316669506948,
    "p68": [
      0.32032831371559617,
      1.712937251580851
    ],
    "p68_range": [
      0.32032831371559617,
      1.712937251580851
    ],
    "p95": [
      0.08928943839345782,
      2.9241138124721466
    ],
    "p95_range": [
      0.08928943839345782,
      2.9241138124721466
    ],
    "std": 0.7286268525094065
  },
  "Interface rho": {
    "best": 2.0723073752455603,
    "index": 4,
    "integer": false,
    "label": "Interface rho",
    "mean": 2.07437367226951,
    "median": 2.073119095324259,
    "p68": [
      2.071611525114164,
      2.07702446229727
    ],
    "p68_range": [
      2.071611525114164,
      2.07702446229727
    ],
    "p95": [
      2.0711105761796045,
      2.085365489703881
    ],
    "p95_range": [
      2.0711105761796045,
      2.085365489703881
    ],
    "std": 0.003687865288538224
  },
  "Interface thickness": {
    "best": 96.95466105722736,
    "index": 5,
    "integer": false,
    "label": "Interface thickness",
    "mean": 29.911473007899346,
    "median": 19.431656948258134,
    "p68": [
      9.22217471682535,
      55.45893237042929
    ],
    "p68_range": [
      9.22217471682535,
      55.45893237042929
    ],
    "p95": [
      1.9768326751859047,
      111.7751169125349
    ],
    "p95_range": [
      1.9768326751859047,
      111.7751169125349
    ],
    "std": 27.486082102867318
  },
  "Nafion interface": {
    "best": 6.430284783921174,
    "index": 20,
    "integer": false,
    "label": "Nafion interface",
    "mean": 6.4246408900742065,
    "median": 6.444865131151344,
    "p68": [
      6.1625991357872305,
      6.69791366713272
    ],
    "p68_range": [
      6.1625991357872305,
      6.69791366713272
    ],
    "p95": [
      5.739206984461001,
      6.967964848725274
    ],
    "p95_range": [
      5.739206984461001,
      6.967964848725274
    ],
    "std": 0.29659226302868236
  },
  "Nafion rho": {
    "best": 4.40398352951601,
    "index": 21,
    "integer": false,
    "label": "Nafion rho",
    "mean": 4.40926844042774,
    "median": 4.409123100448096,
    "p68": [
      4.398836325675504,
      4.4205780497474585
    ],
    "p68_range": [
      4.398836325675504,
      4.4205780497474585
    ],
    "p95": [
      4.387404436911053,
      4.43061772138915
    ],
    "p95_range": [
      4.387404436911053,
      4.43061772138915
    ],
    "std": 0.011129028824489514
  },
  "Nafion thickness": {
    "best": 307.3230171810025,
    "index": 22,
    "integer": false,
    "label": "Nafion thickness",
    "mean": 307.41285887444974,
    "median": 307.36722110034117,
    "p68": [
      306.5513579493549,
      308.3483912424797
    ],
    "p68_range": [
      306.5513579493549,
      308.3483912424797
    ],
    "p95": [
      305.8494606434566,
      309.1392583620586
    ],
    "p95_range": [
      305.8494606434566,
      309.1392583620586
    ],
    "std": 0.8583589127508008
  },
  "Permalloy interface": {
    "best": 10.283826541895055,
    "index": 10,
    "integer": false,
    "label": "Permalloy interface",
    "mean": 10.484501132635586,
    "median": 10.357548216315761,
    "p68": [
      9.879048404293181,
      11.08983051433616
    ],
    "p68_range": [
      9.879048404293181,
      11.08983051433616
    ],
    "p95": [
      9.398314373480682,
      12.246348725129021
    ],
    "p95_range": [
      9.398314373480682,
      12.246348725129021
    ],
    "std": 0.7276371531750486
  },
  "Permalloy rho": {
    "best": 9.293463045657596,
    "index": 12,
    "integer": false,
    "label": "Permalloy rho",
    "mean": 9.293648598776915,
    "median": 9.291027889706475,
    "p68": [
      9.274606088643266,
      9.31222464326101
    ],
    "p68_range": [
      9.274606088643266,
      9.31222464326101
    ],
    "p95": [
      9.258945272278986,
      9.346561177504269
    ],
    "p95_range": [
      9.258945272278986,
      9.346561177504269
    ],
    "std": 0.021158313961475227
  },
  "Permalloy rhoM": {
    "best": 1.9334823235176464,
    "index": 11,
    "integer": false,
    "label": "Permalloy rhoM",
    "mean": 1.9402879438153413,
    "median": 1.9392770660492211,
    "p68": [
      1.9238863240325954,
      1.9562446895501757
    ],
    "p68_range": [
      1.9238863240325954,
      1.9562446895501757
    ],
    "p95": [
      1.9095514131611488,
      1.9778547648549685
    ],
    "p95_range": [
      1.9095514131611488,
      1.9778547648549685
    ],
    "std": 0.017089596056643806
  },
  "Permalloy thickness": {
    "best": 103.67107711340145,
    "index": 13,
    "integer": false,
    "label": "Permalloy thickness",
    "mean": 103.83195309698355,
    "median": 103.80437628115169,
    "p68": [
      103.44156948325093,
      104.23986472189144
    ],
    "p68_range": [
      103.44156948325093,
      104.23986472189144
    ],
    "p95": [
      103.02244258193447,
      104.67299090165581
    ],
    "p95_range": [
      103.02244258193447,
      104.67299090165581
    ],
    "std": 0.4066624267404237
  },
  "Platinum interface": {
    "best": 5.452535916027073,
    "index": 14,
    "integer": false,
    "label": "Platinum interface",
    "mean": 5.52438582359768,
    "median": 5.543829267797754,
    "p68": [
      5.1030987285933636,
      5.9089167370889495
    ],
    "p68_range": [
      5.1030987285933636,
      5.9089167370889495
    ],
    "p95": [
      4.716811186236041,
      6.37291219910184
    ],
    "p95_range": [
      4.716811186236041,
      6.37291219910184
    ],
    "std": 0.4203586863564878
  },
  "Platinum rho": {
    "best": 6.38108761423847,
    "index": 15,
    "integer": false,
    "label": "Platinum rho",
    "mean": 6.38483438142377,
    "median": 6.3863632452388055,
    "p68": [
      6.357056611421596,
      6.4143205771704475
    ],
    "p68_range": [
      6.357056611421596,
      6.4143205771704475
    ],
    "p95": [
      6.316283134359397,
      6.441355840511385
    ],
    "p95_range": [
      6.316283134359397,
      6.441355840511385
    ],
    "std": 0.03154168214203975
  },
  "Platinum thickness": {
    "best": 55.888249117141854,
    "index": 16,
    "integer": false,
    "label": "Platinum thickness",
    "mean": 56.00999982377684,
    "median": 56.00269438165719,
    "p68": [
      55.665286041049725,
      56.358896089990736
    ],
    "p68_range": [
      55.665286041049725,
      56.358896089990736
    ],
    "p95": [
      55.26063632406542,
      56.758332276632885
    ],
    "p95_range": [
      55.26063632406542,
      56.758332276632885
    ],
    "std": 0.37068057659071824
  },
  "SiOx interface": {
    "best": 0.402253849867513,
    "index": 6,
    "integer": false,
    "label": "SiOx interface",
    "mean": 1.0225269911983494,
    "median": 0.8137732675709491,
    "p68": [
      0.27450304871659587,
      1.9427994573415788
    ],
    "p68_range": [
      0.27450304871659587,
      1.9427994573415788
    ],
    "p95": [
      0.05849767158175227,
      2.7650246907604266
    ],
    "p95_range": [
      0.05849767158175227,
      2.7650246907604266
    ],
    "std": 0.7735281496096018
  },
  "SiOx rho": {
    "best": 4.526120354190872,
    "index": 8,
    "integer": false,
    "label": "SiOx rho",
    "mean": 4.378207671469969,
    "median": 4.404216950419724,
    "p68": [
      4.006651514609574,
      4.699833531755012
    ],
    "p68_range": [
      4.006651514609574,
      4.699833531755012
    ],