{
  "Nafion interface": {
    "best": 8.505021946496116,
    "index": 19,
    "integer": false,
    "label": "Nafion interface",
    "mean": 8.519032361040585,
    "median": 8.51487365580677,
    "p68": [
      8.340072042736494,
      8.70453282625929
    ],
    "p68_range": [
      8.340072042736494,
      8.70453282625929
    ],
    "p95": [
      8.154334032486439,
      8.886145524407175
    ],
    "p95_range": [
      8.154334032486439,
      8.886145524407175
    ],
    "std": 0.18543770091976672
  },
  "Nafion rho": {
    "best": 3.79775631459263,
    "index": 20,
    "integer": false,
    "label": "Nafion rho",
    "mean": 3.797859144370006,
    "median": 3.797386646596416,
    "p68": [
      3.7902344001372663,
      3.806034515185028
    ],
    "p68_range": [
      3.7902344001372663,
      3.806034515185028
    ],
    "p95": [
      3.782340678424323,
      3.8136580671312026
    ],
    "p95_range": [
      3.782340678424323,
      3.8136580671312026
    ],
    "std": 0.007860087237293326
  },
  "Nafion thickness": {
    "best": 275.10352211665196,
    "index": 21,
    "integer": false,
    "label": "Nafion thickness",
    "mean": 275.64267970680777,
    "median": 275.5123541362247,
    "p68": [
      274.8413777070905,
      276.4747413353832
    ],
    "p68_range": [
      274.8413777070905,
      276.4747413353832
    ],
    "p95": [
      274.1270800670558,
      277.7982002254851
    ],
    "p95_range": [
      274.1270800670558,
      277.7982002254851
    ],
    "std": 0.9165419275149844
  },
  "Permalloy interface": {
    "best": 7.350864069420136,
    "index": 9,
    "integer": false,
    "label": "Permalloy interface",
    "mean": 7.330987287809038,
    "median": 7.3288432372993535,
    "p68": [
      7.081202721549637,
      7.566734763020826
    ],
    "p68_range": [
      7.081202721549637,
      7.566734763020826
    ],
    "p95": [
      6.848928744819439,
      7.834187884894964
    ],
    "p95_range": [
      6.848928744819439,
      7.834187884894964
    ],
    "std": 0.2480366323988024
  },
  "Permalloy rho": {
    "best": 8.835483920504911,
    "index": 11,
    "integer": false,
    "label": "Permalloy rho",
    "mean": 8.83577214825126,
    "median": 8.836240872061488,
    "p68": [
      8.816103020272529,
      8.855105436151128
    ],
    "p68_range": [
      8.816103020272529,
      8.855105436151128
    ],
    "p95": [
      8.798672627279121,
      8.874627714008302
    ],
    "p95_range": [
      8.798672627279121,
      8.874627714008302
    ],
    "std": 0.019277226038597824
  },
  "Permalloy rhoM": {
    "best": 1.9328530137380693,
    "index": 10,
    "integer": false,
    "label": "Permalloy rhoM",
    "mean": 1.9329816617649211,
    "median": 1.9330081286654008,
    "p68": [
      1.9227921102278112,
      1.9436607428609982
    ],
    "p68_range": [
      1.9227921102278112,
      1.9436607428609982
    ],
    "p95": [
      1.912917639282297,
      1.9529331092857765
    ],
    "p95_range": [
      1.912917639282297,
      1.9529331092857765
    ],
    "std": 0.010213267222141427
  },
  "Permalloy thickness": {
    "best": 109.11993584541344,
    "index": 12,
    "integer": false,
    "label": "Permalloy thickness",
    "mean": 109.11395669704702,
    "median": 109.10984976920298,
    "p68": [
      108.96072289528227,
      109.27292626995826
    ],
    "p68_range": [
      108.96072289528227,
      109.27292626995826
    ],
    "p95": [
      108.82506501778965,
      109.39238233816288
    ],
    "p95_range": [
      108.82506501778965,
      109.39238233816288
    ],
    "std": 0.1502203834157343
  },
  "Platinum interface": {
    "best": 0.516600304495388,
    "index": 13,
    "integer": false,
    "label": "Platinum interface",
    "mean": 0.8883615661692015,
    "median": 0.810563019197192,
    "p68": [
      0.2424032278897288,
      1.571353571150256
    ],
    "p68_range": [
      0.2424032278897288,
      1.571353571150256
    ],
    "p95": [
      0.04871985566501694,
      2.1030956657596303
    ],
    "p95_range": [
      0.04871985566501694,
      2.1030956657596303
    ],
    "std": 0.5894333636218009
  },
  "Platinum rho": {
    "best": 6.418844929577386,
    "index": 14,
    "integer": false,
    "label": "Platinum rho",
    "mean": 6.419879173406025,
    "median": 6.420525382402914,
    "p68": [
      6.398818633745731,
      6.440074330295416
    ],
    "p68_range": [
      6.398818633745731,
      6.440074330295416
    ],
    "p95": [
      6.381061634908103,
      6.458310059665863
    ],
    "p95_range": [
      6.381061634908103,
      6.458310059665863
    ],
    "std": 0.020125365587722484
  },
  "Platinum thickness": {
    "best": 51.38427726126454,
    "index": 15,
    "integer": false,
    "label": "Platinum thickness",
    "mean": 51.531378257680764,
    "median": 51.50231447416354,
    "p68": [
      51.17604300208874,
      51.87135908188089
    ],
    "p68_range": [
      51.17604300208874,
      51.87135908188089
    ],
    "p95": [
      50.88757158542259,
      52.40659954237242
    ],
    "p95_range": [
      50.88757158542259,
      52.40659954237242
    ],
    "std": 0.3731249681187851
  },
  "SiOx interface": {
    "best": 5.828418341940011,
    "index": 6,
    "integer": false,
    "label": "SiOx interface",
    "mean": 5.8190938536414585,
    "median": 5.82039931611536,
    "p68": [
      5.722334049191894,
      5.910955852770903
    ],
    "p68_range": [
      5.722334049191894,
      5.910955852770903
    ],
    "p95": [
      5.644807518953961,
      6.000792789202822
    ],
    "p95_range": [
      5.644807518953961,
      6.000792789202822
    ],
    "std": 0.09218526149424935
  },
  "SiOx rho": {
    "best": 0.8044391422617467,
    "index": 7,
    "integer": false,
    "label": "SiOx rho",
    "mean": 0.8067018250863446,
    "median": 0.8084891147747317,
    "p68": [
      0.7700659578103052,
      0.8431185993447702
    ],
    "p68_range": [
      0.7700659578103052,
      0.8431185993447702
    ],
    "p95": [
      0.7383011755400647,
      0.875841393126841
    ],
    "p95_range": [
      0.7383011755400647,
      0.875841393126841
    ],
    "std": 0.03561728880628621
  },
  "SiOx thickness": {
    "best": 94.25538284639508,
    "index": 8,
    "integer": false,
    "label": "SiOx thickness",
    "mean": 94.32169336151618,
    "median": 94.24681462073734,
    "p68": [
      92.82946177232587,
      95.82326961910235
    ],
    "p68_range": [
      92.82946177232587,
      95.82326961910235
    ],
    "p95": [
      91.42092222182724,
      97.33628513575377
    ],
    "p95_range": [
      91.42092222182724,
      97.33628513575377
    ],
    "std": 1.482052004123935
  },
  "Silicon interface": {
    "best": 29.754533190434085,
    "index": 5,
    "integer": false,
    "label": "Silicon interface",
    "mean": 29.63753565553629,
    "median": 29.652808357458746,
    "p68": [
      28.36225913266908,
      30.873111408155438
    ],
    "p68_range": [
      28.36225913266908,
      30.873111408155438
    ],
    "p95": [
      27.218742707743388,
      32.20602282600543
    ],
    "p95_range": [
      27.218742707743388,
      32.20602282600543
    ],
    "std": 1.2606742181521857
  },
  "Water interface": {
    "best": 0.4828623732026388,
    "index": 16,
    "integer": false,
    "label": "Water interface",
    "mean": 1.4071467593584883,
    "median": 1.2743657567903115,
    "p68": [
      0.4122263684038176,
      2.374088231124186
    ],
    "p68_range": [
      0.4122263684038176,
      2.374088231124186
    ],
    "p95": [
      0.06515562587785807,
      3.5623100583358838
    ],