{
  "Nafion interface": {
    "best": 8.949972528826564,
    "index": 19,
    "integer": false,
    "label": "Nafion interface",
    "mean": 8.944320925368647,
    "median": 8.946350962360407,
    "p68": [
      8.764399071330022,
      9.12515093212988
    ],
    "p68_range": [
      8.764399071330022,
      9.12515093212988
    ],
    "p95": [
      8.595789519296375,
      9.311707005915876
    ],
    "p95_range": [
      8.595789519296375,
      9.311707005915876
    ],
    "std": 0.1777694799050213
  },
  "Nafion rho": {
    "best": 4.060198313302665,
    "index": 20,
    "integer": false,
    "label": "Nafion rho",
    "mean": 4.062007334738308,
    "median": 4.062358534342026,
    "p68": [
      4.050921591009302,
      4.072093891795249
    ],
    "p68_range": [
      4.050921591009302,
      4.072093891795249
    ],
    "p95": [
      4.039192243256212,
      4.082622722483387
    ],
    "p95_range": [
      4.039192243256212,
      4.082622722483387
    ],
    "std": 0.010831371229160601
  },
  "Nafion thickness": {
    "best": 217.66920210817702,
    "index": 21,
    "integer": false,
    "label": "Nafion thickness",
    "mean": 217.21417323338105,
    "median": 217.2773834415973,
    "p68": [
      216.49768087415129,
      217.82532201347408
    ],
    "p68_range": [
      216.49768087415129,
      217.82532201347408
    ],
    "p95": [
      215.82875200046797,
      218.4311500484876
    ],
    "p95_range": [
      215.82875200046797,
      218.4311500484876
    ],
    "std": 0.6852984859803359
  },
  "Permalloy interface": {
    "best": 8.386537981391323,
    "index": 9,
    "integer": false,
    "label": "Permalloy interface",
    "mean": 8.395305905934707,
    "median": 8.3905045524583,
    "p68": [
      8.206764966392186,
      8.590795097275832
    ],
    "p68_range": [
      8.206764966392186,
      8.590795097275832
    ],
    "p95": [
      8.016545097074646,
      8.76403788791391
    ],
    "p95_range": [
      8.016545097074646,
      8.76403788791391
    ],
    "std": 0.19290542673831587
  },
  "Permalloy rho": {
    "best": 9.321074017174212,
    "index": 11,
    "integer": false,
    "label": "Permalloy rho",
    "mean": 9.321563564844705,
    "median": 9.322240391627114,
    "p68": [
      9.310355809474157,
      9.331951842927515
    ],
    "p68_range": [
      9.310355809474157,
      9.331951842927515
    ],
    "p95": [
      9.299321092669407,
      9.343482583103215
    ],
    "p95_range": [
      9.299321092669407,
      9.343482583103215
    ],
    "std": 0.011123230905638751
  },
  "Permalloy rhoM": {
    "best": 1.8959964259480984,
    "index": 10,
    "integer": false,
    "label": "Permalloy rhoM",
    "mean": 1.8954146592723295,
    "median": 1.895126430606601,
    "p68": [
      1.8847093555435865,
      1.9066292199242425
    ],
    "p68_range": [
      1.8847093555435865,
      1.9066292199242425
    ],
    "p95": [
      1.875670468763609,
      1.9174705860651509
    ],
    "p95_range": [
      1.875670468763609,
      1.9174705860651509
    ],
    "std": 0.010620165058326369
  },
  "Permalloy thickness": {
    "best": 108.49913286330401,
    "index": 12,
    "integer": false,
    "label": "Permalloy thickness",
    "mean": 108.49430580740318,
    "median": 108.49776803647343,
    "p68": [
      108.3357795319501,
      108.65048988560505
    ],
    "p68_range": [
      108.3357795319501,
      108.65048988560505
    ],
    "p95": [
      108.22482925607814,
      108.79032145973878
    ],
    "p95_range": [
      108.22482925607814,
      108.79032145973878
    ],
    "std": 0.15133109370688488
  },
  "Platinum interface": {
    "best": 0.06115302808425104,
    "index": 13,
    "integer": false,
    "label": "Platinum interface",
    "mean": 0.25492087881791387,
    "median": 0.21216827727301057,
    "p68": [
      0.053425487420462485,
      0.4511499465716701
    ],
    "p68_range": [
      0.053425487420462485,
      0.4511499465716701
    ],
    "p95": [
      0.006733389048150063,
      0.7094518910562665
    ],
    "p95_range": [
      0.006733389048150063,
      0.7094518910562665
    ],
    "std": 0.19522965559952155
  },
  "Platinum rho": {
    "best": 6.476895904346981,
    "index": 14,
    "integer": false,
    "label": "Platinum rho",
    "mean": 6.479278004303063,
    "median": 6.4800475583989146,
    "p68": [
      6.461080447825641,
      6.495133437015198
    ],
    "p68_range": [
      6.461080447825641,
      6.495133437015198
    ],
    "p95": [
      6.446839688108217,
      6.512714995397852
    ],
    "p95_range": [
      6.446839688108217,
      6.512714995397852
    ],
    "std": 0.0171440496100674
  },
  "Platinum thickness": {
    "best": 49.24876581583542,
    "index": 15,
    "integer": false,
    "label": "Platinum thickness",
    "mean": 49.23528388296631,
    "median": 49.233175937883544,
    "p68": [
      49.07597603677608,
      49.413833166683474
    ],
    "p68_range": [
      49.07597603677608,
      49.413833166683474
    ],
    "p95": [
      48.88526049259819,
      49.54524606791481
    ],
    "p95_range": [
      48.88526049259819,
      49.54524606791481
    ],
    "std": 0.16977893971657462
  },
  "SiOx interface": {
    "best": 4.013327860558842,
    "index": 6,
    "integer": false,
    "label": "SiOx interface",
    "mean": 4.010517527015092,
    "median": 4.009702025951023,
    "p68": [
      3.9285147276591856,
      4.084388775014658
    ],
    "p68_range": [
      3.9285147276591856,
      4.084388775014658
    ],
    "p95": [
      3.8633123095783595,
      4.144936137869627
    ],
    "p95_range": [
      3.8633123095783595,
      4.144936137869627
    ],
    "std": 0.07598726497541115
  },
  "SiOx rho": {
    "best": 2.0710118768756987,
    "index": 7,
    "integer": false,
    "label": "SiOx rho",
    "mean": 2.07273752922254,
    "median": 2.072168272111241,
    "p68": [
      2.071243731126427,
      2.0742972021800883
    ],
    "p68_range": [
      2.071243731126427,
      2.0742972021800883
    ],
    "p95": [
      2.0710374568481846,
      2.077348335352429
    ],
    "p95_range": [
      2.0710374568481846,
      2.077348335352429
    ],
    "std": 0.0017970402882786232
  },
  "SiOx thickness": {
    "best": 49.99870721602669,
    "index": 8,
    "integer": false,
    "label": "SiOx thickness",
    "mean": 35.764475362563005,
    "median": 37.89467835799424,
    "p68": [
      22.504633263421386,
      47.644858151945414
    ],
    "p68_range": [
      22.504633263421386,
      47.644858151945414
    ],
    "p95": [
      12.457575917627096,
      49.66916474450088
    ],
    "p95_range": [
      12.457575917627096,
      49.66916474450088
    ],
    "std": 11.143240206731868
  },
  "Silicon interface": {
    "best": 40.9334988649249,
    "index": 5,
    "integer": false,
    "label": "Silicon interface",
    "mean": 38.26938516754001,
    "median": 38.522284650364874,
    "p68": [
      30.285884251637125,
      46.03390010626616
    ],
    "p68_range": [
      30.285884251637125,
      46.03390010626616
    ],
    "p95": [
      26.511509855476454,
      49.56168119143112
    ],
    "p95_range": [
      26.511509855476454,
      49.56168119143112
    ],
    "std": 6.8056417579153505
  },
  "Water interface": {
    "best": 9.998255611520937,
    "index": 16,
    "integer": false,
    "label": "Water interface",
    "mean": 9.915182622690368,
    "median": 9.941729704314795,
    "p68": [
      9.845572213799906,
      9.985109360383039
    ],
    "p68_range": [
      9.845572213799906,
      9.985109360383039
    ],