{
  "Nafion interface": {
    "best": 9.178085700762676,
    "index": 19,
    "integer": false,
    "label": "Nafion interface",
    "mean": 9.182763867445818,
    "median": 9.184299904297294,
    "p68": [
      9.008819581112268,
      9.345004819401916
    ],
    "p68_range": [
      9.008819581112268,
      9.345004819401916
    ],
    "p95": [
      8.86807282969662,
      9.522479547196896
    ],
    "p95_range": [
      8.86807282969662,
      9.522479547196896
    ],
    "std": 0.16890994056357383
  },
  "Nafion rho": {
    "best": 4.130143241472286,
    "index": 20,
    "integer": false,
    "label": "Nafion rho",
    "mean": 4.131433688480508,
    "median": 4.131768503892851,
    "p68": [
      4.116187267968259,
      4.146026828915496
    ],
    "p68_range": [
      4.116187267968259,
      4.146026828915496
    ],
    "p95": [
      4.1030936874101505,
      4.160326859028905
    ],
    "p95_range": [
      4.1030936874101505,
      4.160326859028905
    ],
    "std": 0.014525916481402477
  },
  "Nafion thickness": {
    "best": 217.3734359798482,
    "index": 21,
    "integer": false,
    "label": "Nafion thickness",
    "mean": 215.91262538602805,
    "median": 215.94317914285563,
    "p68": [
      214.24869055820002,
      217.43186902222328
    ],
    "p68_range": [
      214.24869055820002,
      217.43186902222328
    ],
    "p95": [
      212.57066933686087,
      218.98347737464272
    ],
    "p95_range": [
      212.57066933686087,
      218.98347737464272
    ],
    "std": 1.636147033799917
  },
  "Permalloy interface": {
    "best": 8.417167622528122,
    "index": 9,
    "integer": false,
    "label": "Permalloy interface",
    "mean": 8.406987938303368,
    "median": 8.426299512220574,
    "p68": [
      8.203860780868215,
      8.590077375079828
    ],
    "p68_range": [
      8.203860780868215,
      8.590077375079828
    ],
    "p95": [
      8.04219844614241,
      8.750654459956763
    ],
    "p95_range": [
      8.04219844614241,
      8.750654459956763
    ],
    "std": 0.1847723715586275
  },
  "Permalloy rho": {
    "best": 9.333492803332145,
    "index": 11,
    "integer": false,
    "label": "Permalloy rho",
    "mean": 9.333322229208754,
    "median": 9.333370371331254,
    "p68": [
      9.321869825323418,
      9.345444788906615
    ],
    "p68_range": [
      9.321869825323418,
      9.345444788906615
    ],
    "p95": [
      9.312750668555632,
      9.353165567750496
    ],
    "p95_range": [
      9.312750668555632,
      9.353165567750496
    ],
    "std": 0.011183437532029092
  },
  "Permalloy rhoM": {
    "best": 1.8944774568009997,
    "index": 10,
    "integer": false,
    "label": "Permalloy rhoM",
    "mean": 1.897376102759666,
    "median": 1.8964957425083886,
    "p68": [
      1.8872743431545238,
      1.9079521908777628
    ],
    "p68_range": [
      1.8872743431545238,
      1.9079521908777628
    ],
    "p95": [
      1.8780762716112533,
      1.9208872506529842
    ],
    "p95_range": [
      1.8780762716112533,
      1.9208872506529842
    ],
    "std": 0.010670000873156279
  },
  "Permalloy thickness": {
    "best": 108.69454578934022,
    "index": 12,
    "integer": false,
    "label": "Permalloy thickness",
    "mean": 108.67507152909987,
    "median": 108.6729507373706,
    "p68": [
      108.51860826599285,
      108.83057690961618
    ],
    "p68_range": [
      108.51860826599285,
      108.83057690961618
    ],
    "p95": [
      108.39478122209715,
      109.00357687051927
    ],
    "p95_range": [
      108.39478122209715,
      109.00357687051927
    ],
    "std": 0.1564598084213609
  },
  "Platinum interface": {
    "best": 2.162950443871441e-05,
    "index": 13,
    "integer": false,
    "label": "Platinum interface",
    "mean": 0.13260001061461432,
    "median": 0.07608817416759134,
    "p68": [
      0.014055421529135007,
      0.2505608994403362
    ],
    "p68_range": [
      0.014055421529135007,
      0.2505608994403362
    ],
    "p95": [
      0.0013172377271116768,
      0.5473218138580997
    ],
    "p95_range": [
      0.0013172377271116768,
      0.5473218138580997
    ],
    "std": 0.15303454615012538
  },
  "Platinum rho": {
    "best": 6.464299287968829,
    "index": 14,
    "integer": false,
    "label": "Platinum rho",
    "mean": 6.467151963056599,
    "median": 6.466548296985122,
    "p68": [
      6.448373852961193,
      6.486486342058456
    ],
    "p68_range": [
      6.448373852961193,
      6.486486342058456
    ],
    "p95": [
      6.427714589629581,
      6.506385523270409
    ],
    "p95_range": [
      6.427714589629581,
      6.506385523270409
    ],
    "std": 0.018995973800458185
  },
  "Platinum thickness": {
    "best": 49.143331328822036,
    "index": 15,
    "integer": false,
    "label": "Platinum thickness",
    "mean": 49.122904136859304,
    "median": 49.120666780249756,
    "p68": [
      48.961758742974595,
      49.29148369064983
    ],
    "p68_range": [
      48.961758742974595,
      49.29148369064983
    ],
    "p95": [
      48.80003120312227,
      49.4791713686974
    ],
    "p95_range": [
      48.80003120312227,
      49.4791713686974
    ],
    "std": 0.17231817068890545
  },
  "SiOx interface": {
    "best": 3.9841739321445964,
    "index": 6,
    "integer": false,
    "label": "SiOx interface",
    "mean": 4.013528138393982,
    "median": 4.01412867293523,
    "p68": [
      3.9370304771581073,
      4.0921256407243405
    ],
    "p68_range": [
      3.9370304771581073,
      4.0921256407243405
    ],
    "p95": [
      3.874006693652641,
      4.1567868824544725
    ],
    "p95_range": [
      3.874006693652641,
      4.1567868824544725
    ],
    "std": 0.07400153598294866
  },
  "SiOx rho": {
    "best": 2.071159601339272,
    "index": 7,
    "integer": false,
    "label": "SiOx rho",
    "mean": 2.072720384631807,
    "median": 2.072220909289921,
    "p68": [
      2.07133117222164,
      2.07408105942368
    ],
    "p68_range": [
      2.07133117222164,
      2.07408105942368
    ],
    "p95": [
      2.071056654528028,
      2.0771649547418294
    ],
    "p95_range": [
      2.071056654528028,
      2.0771649547418294
    ],
    "std": 0.0016391172130532218
  },
  "SiOx thickness": {
    "best": 49.999858465307234,
    "index": 8,
    "integer": false,
    "label": "SiOx thickness",
    "mean": 37.18797714516488,
    "median": 41.26262223521515,
    "p68": [
      22.66622652088658,
      48.2100525080819
    ],
    "p68_range": [
      22.66622652088658,
      48.2100525080819
    ],
    "p95": [
      13.249194123795007,
      49.74914903372351
    ],
    "p95_range": [
      13.249194123795007,
      49.74914903372351
    ],
    "std": 11.370310966336248
  },
  "Silicon interface": {
    "best": 45.82782758278033,
    "index": 5,
    "integer": false,
    "label": "Silicon interface",
    "mean": 39.278751579043444,
    "median": 40.70936068634417,
    "p68": [
      30.463009606432,
      47.019504444274695
    ],
    "p68_range": [
      30.463009606432,
      47.019504444274695
    ],
    "p95": [
      26.1590031894236,
      49.5252708827518
    ],
    "p95_range": [
      26.1590031894236,
      49.5252708827518
    ],
    "std": 7.115487279554244
  },
  "Water interface": {
    "best": 30.549890190100104,
    "index": 16,
    "integer": false,
    "label": "Water interface",
    "mean": 30.46019920735773,
    "median": 30.43393654085101,
    "p68": [
      27.834372097957736,
      33.03984834254278
    ],
    "p68_range": [
      27.834372097957736,
      33.03984834254278
    ],