{
  "Nafion interface": {
    "best": 7.90200797349099,
    "index": 19,
    "integer": false,
    "label": "Nafion interface",
    "mean": 7.961756584844207,
    "median": 7.976698006403531,
    "p68": [
      7.78237430657811,
      8.131766248116099
    ],
    "p68_range": [
      7.78237430657811,
      8.131766248116099
    ],
    "p95": [
      7.597188127571693,
      8.266777042453453
    ],
    "p95_range": [
      7.597188127571693,
      8.266777042453453
    ],
    "std": 0.17544355772225606
  },
  "Nafion rho": {
    "best": 3.8131788268613005,
    "index": 20,
    "integer": false,
    "label": "Nafion rho",
    "mean": 3.8115387351636545,
    "median": 3.8121046913215157,
    "p68": [
      3.80265823441818,
      3.8203850363296405
    ],
    "p68_range": [
      3.80265823441818,
      3.8203850363296405
    ],
    "p95": [
      3.7936583700298434,
      3.8272915482850314
    ],
    "p95_range": [
      3.7936583700298434,
      3.8272915482850314
    ],
    "std": 0.008583269915507282
  },
  "Nafion thickness": {
    "best": 272.0896083324457,
    "index": 21,
    "integer": false,
    "label": "Nafion thickness",
    "mean": 272.01169509625174,
    "median": 271.9519604024284,
    "p68": [
      271.1857713437128,
      272.7627604235523
    ],
    "p68_range": [
      271.1857713437128,
      272.7627604235523
    ],
    "p95": [
      270.92508804005286,
      273.4841022087176
    ],
    "p95_range": [
      270.92508804005286,
      273.4841022087176
    ],
    "std": 0.7345479732072573
  },
  "Permalloy interface": {
    "best": 8.707720830887661,
    "index": 9,
    "integer": false,
    "label": "Permalloy interface",
    "mean": 8.752218033579698,
    "median": 8.752814834644411,
    "p68": [
      8.581419449461594,
      8.928700810276915
    ],
    "p68_range": [
      8.581419449461594,
      8.928700810276915
    ],
    "p95": [
      8.3769734917644,
      9.166661054911652
    ],
    "p95_range": [
      8.3769734917644,
      9.166661054911652
    ],
    "std": 0.1892233566055723
  },
  "Permalloy rho": {
    "best": 9.29336349509467,
    "index": 11,
    "integer": false,
    "label": "Permalloy rho",
    "mean": 9.297586783756635,
    "median": 9.298699503279721,
    "p68": [
      9.284820172613237,
      9.309825696056084
    ],
    "p68_range": [
      9.284820172613237,
      9.309825696056084
    ],
    "p95": [
      9.271532119196332,
      9.319475888394228
    ],
    "p95_range": [
      9.271532119196332,
      9.319475888394228
    ],
    "std": 0.011984881430138403
  },
  "Permalloy rhoM": {
    "best": 1.9211237448466187,
    "index": 10,
    "integer": false,
    "label": "Permalloy rhoM",
    "mean": 1.914954665481922,
    "median": 1.9151639507099438,
    "p68": [
      1.9030994117065982,
      1.9280706814181647
    ],
    "p68_range": [
      1.9030994117065982,
      1.9280706814181647
    ],
    "p95": [
      1.8915580584670826,
      1.9356594143088086
    ],
    "p95_range": [
      1.8915580584670826,
      1.9356594143088086
    ],
    "std": 0.011959566435152082
  },
  "Permalloy thickness": {
    "best": 108.61439849313506,
    "index": 12,
    "integer": false,
    "label": "Permalloy thickness",
    "mean": 108.47188779332193,
    "median": 108.469098085837,
    "p68": [
      108.32616321060001,
      108.6158525997093
    ],
    "p68_range": [
      108.32616321060001,
      108.6158525997093
    ],
    "p95": [
      108.18087859558234,
      108.77327801592115
    ],
    "p95_range": [
      108.18087859558234,
      108.77327801592115
    ],
    "std": 0.14746156889977938
  },
  "Platinum interface": {
    "best": 1.8702568716780177,
    "index": 13,
    "integer": false,
    "label": "Platinum interface",
    "mean": 1.9963571024493931,
    "median": 2.0593018391045352,
    "p68": [
      1.7835312858894923,
      2.210004730009702
    ],
    "p68_range": [
      1.7835312858894923,
      2.210004730009702
    ],
    "p95": [
      1.2543039642828098,
      2.5019664764383007
    ],
    "p95_range": [
      1.2543039642828098,
      2.5019664764383007
    ],
    "std": 0.3085807876319473
  },
  "Platinum rho": {
    "best": 6.3827272105382225,
    "index": 14,
    "integer": false,
    "label": "Platinum rho",
    "mean": 6.380735890722879,
    "median": 6.382303832991881,
    "p68": [
      6.363615092728505,
      6.397343425569282
    ],
    "p68_range": [
      6.363615092728505,
      6.397343425569282
    ],
    "p95": [
      6.34137845316826,
      6.411461329291976
    ],
    "p95_range": [
      6.34137845316826,
      6.411461329291976
    ],
    "std": 0.01736138245483968
  },
  "Platinum thickness": {
    "best": 50.216578905845914,
    "index": 15,
    "integer": false,
    "label": "Platinum thickness",
    "mean": 50.39571940345213,
    "median": 50.398546271610414,
    "p68": [
      50.22989667519852,
      50.558286638067834
    ],
    "p68_range": [
      50.22989667519852,
      50.558286638067834
    ],
    "p95": [
      50.102570244766206,
      50.711372891594415
    ],
    "p95_range": [
      50.102570244766206,
      50.711372891594415
    ],
    "std": 0.15803144302883887
  },
  "SiOx interface": {
    "best": 4.344927201451413,
    "index": 6,
    "integer": false,
    "label": "SiOx interface",
    "mean": 4.272641748832538,
    "median": 4.2744947484860445,
    "p68": [
      4.1912056487936855,
      4.354505439079765
    ],
    "p68_range": [
      4.1912056487936855,
      4.354505439079765
    ],
    "p95": [
      4.095889461173285,
      4.43472239469537
    ],
    "p95_range": [
      4.095889461173285,
      4.43472239469537
    ],
    "std": 0.08375239653524817
  },
  "SiOx rho": {
    "best": 2.071134956143236,
    "index": 7,
    "integer": false,
    "label": "SiOx rho",
    "mean": 2.0718999875895716,
    "median": 2.071525840093273,
    "p68": [
      2.0711290542565397,
      2.0727758923280795
    ],
    "p68_range": [
      2.0711290542565397,
      2.0727758923280795
    ],
    "p95": [
      2.0710171113330142,
      2.0745607382280538
    ],
    "p95_range": [
      2.0710171113330142,
      2.0745607382280538
    ],
    "std": 0.0009528040981076252
  },
  "SiOx thickness": {
    "best": 24.45202821723663,
    "index": 8,
    "integer": false,
    "label": "SiOx thickness",
    "mean": 26.691714273706037,
    "median": 25.392249664878562,
    "p68": [
      21.456366440364004,
      31.56119447061824
    ],
    "p68_range": [
      21.456366440364004,
      31.56119447061824
    ],
    "p95": [
      13.219724572720688,
      47.697659394755014
    ],
    "p95_range": [
      13.219724572720688,
      47.697659394755014
    ],
    "std": 8.940160734573638
  },
  "Silicon interface": {
    "best": 49.935025157420895,
    "index": 5,
    "integer": false,
    "label": "Silicon interface",
    "mean": 49.814984900765644,
    "median": 49.931200364497585,
    "p68": [
      49.691345981396196,
      49.98506113909955
    ],
    "p68_range": [
      49.691345981396196,
      49.98506113909955
    ],
    "p95": [
      49.027308460744386,
      49.99735730399
    ],
    "p95_range": [
      49.027308460744386,
      49.99735730399
    ],
    "std": 0.31984652524695867
  },
  "Water interface": {
    "best": 9.977504996700695,
    "index": 16,
    "integer": false,
    "label": "Water interface",
    "mean": 9.97966909633653,
    "median": 9.989518890688926,
    "p68": [
      9.95943810301139,
      9.997568304192923
    ],
    "p68_range": [
      9.95943810301139,
      9.997568304192923
    ],
    "p95": [
      9.914005889168967,
      9.999664666297585
    ],