{
  "Interface interface": {
    "best": 4.367533929798077,
    "index": 7,
    "integer": false,
    "label": "Interface interface",
    "mean": 4.250256327226993,
    "median": 4.289998718872508,
    "p68": [
      4.1268867892683945,
      4.378560289157523
    ],
    "p68_range": [
      4.1268867892683945,
      4.378560289157523
    ],
    "p95": [
      3.7387735181671915,
      4.470956337614383
    ],
    "p95_range": [
      3.7387735181671915,
      4.470956337614383
    ],
    "std": 0.17190977365884422
  },
  "Interface irho": {
    "best": 4.449835007160093,
    "index": 8,
    "integer": false,
    "label": "Interface irho",
    "mean": 3.8042414742305573,
    "median": 3.9482047318019893,
    "p68": [
      3.214475363859358,
      4.318245942472808
    ],
    "p68_range": [
      3.214475363859358,
      4.318245942472808
    ],
    "p95": [
      2.61726081626834,
      4.4271847458122044
    ],
    "p95_range": [
      2.61726081626834,
      4.4271847458122044
    ],
    "std": 0.5160899839894076
  },
  "Interface rho": {
    "best": 49.50179471727207,
    "index": 9,
    "integer": false,
    "label": "Interface rho",
    "mean": 49.72010226418617,
    "median": 49.62595791966415,
    "p68": [
      49.188559824166326,
      50.29925148868519
    ],
    "p68_range": [
      49.188559824166326,
      50.29925148868519
    ],
    "p95": [
      49.0407343099649,
      50.78448233611504
    ],
    "p95_range": [
      49.0407343099649,
      50.78448233611504
    ],
    "std": 0.5017087510012264
  },
  "Interface thickness": {
    "best": 0.7882151701776016,
    "index": 10,
    "integer": false,
    "label": "Interface thickness",
    "mean": 0.6027577525426955,
    "median": 0.6090016983680265,
    "p68": [
      0.38768999342699045,
      0.8002408625628448
    ],
    "p68_range": [
      0.38768999342699045,
      0.8002408625628448
    ],
    "p95": [
      0.13194470724845797,
      1.069439114719104
    ],
    "p95_range": [
      0.13194470724845797,
      1.069439114719104
    ],
    "std": 0.22747783426459273
  },
  "Permalloy interface": {
    "best": 6.733932845627157,
    "index": 11,
    "integer": false,
    "label": "Permalloy interface",
    "mean": 6.71872679324395,
    "median": 6.719978459649813,
    "p68": [
      6.694406342695148,
      6.743247636981326
    ],
    "p68_range": [
      6.694406342695148,
      6.743247636981326
    ],
    "p95": [
      6.659721524956514,
      6.774377188958987
    ],
    "p95_range": [
      6.659721524956514,
      6.774377188958987
    ],
    "std": 0.02767107914153796
  },
  "Permalloy irho": {
    "best": -0.04779457526805192,
    "index": 12,
    "integer": false,
    "label": "Permalloy irho",
    "mean": -0.38457906321115476,
    "median": -0.3998458963972325,
    "p68": [
      -0.7645905553604065,
      -0.0489919925602925
    ],
    "p68_range": [
      -0.7645905553604065,
      -0.0489919925602925
    ],
    "p95": [
      -0.9489972998139631,
      0.3454730619290665
    ],
    "p95_range": [
      -0.9489972998139631,
      0.3454730619290665
    ],
    "std": 0.34387169892491753
  },
  "Permalloy rho": {
    "best": 66.8249240962795,
    "index": 13,
    "integer": false,
    "label": "Permalloy rho",
    "mean": 66.85920501514391,
    "median": 66.8710827493665,
    "p68": [
      66.63644466898953,
      67.1140979490201
    ],
    "p68_range": [
      66.63644466898953,
      67.1140979490201
    ],
    "p95": [
      66.27388130567273,
      67.33171881484333
    ],
    "p95_range": [
      66.27388130567273,
      67.33171881484333
    ],
    "std": 0.2602880360313791
  },
  "Permalloy thickness": {
    "best": 107.29316752367703,
    "index": 14,
    "integer": false,
    "label": "Permalloy thickness",
    "mean": 107.42536239943848,
    "median": 107.40973114856575,
    "p68": [
      107.28851370588868,
      107.574257174339
    ],
    "p68_range": [
      107.28851370588868,
      107.574257174339
    ],
    "p95": [
      107.13047754005818,
      107.79528102005185
    ],
    "p95_range": [
      107.13047754005818,
      107.79528102005185
    ],
    "std": 0.15986470072247738
  },
  "Platinum interface": {
    "best": 3.67022684529248,
    "index": 15,
    "integer": false,
    "label": "Platinum interface",
    "mean": 3.6692077880196936,
    "median": 3.6696580341192937,
    "p68": [
      3.664958438618687,
      3.67327399407205
    ],
    "p68_range": [
      3.664958438618687,
      3.67327399407205
    ],
    "p95": [
      3.657949395203698,
      3.6778307451283268
    ],
    "p95_range": [
      3.657949395203698,
      3.6778307451283268
    ],
    "std": 0.004780248475422704
  },
  "Platinum irho": {
    "best": 8.450791075377689,
    "index": 16,
    "integer": false,
    "label": "Platinum irho",
    "mean": 8.433417665712133,
    "median": 8.442589280680304,
    "p68": [
      8.416847645763335,
      8.44909752849663
    ],
    "p68_range": [
      8.416847645763335,
      8.44909752849663
    ],
    "p95": [
      8.369478610368462,
      8.450667244780432
    ],
    "p95_range": [
      8.369478610368462,
      8.450667244780432
    ],
    "std": 0.023036801427044173
  },
  "Platinum rho": {
    "best": 134.5801565444402,
    "index": 17,
    "integer": false,
    "label": "Platinum rho",
    "mean": 134.44535332640734,
    "median": 134.517658436009,
    "p68": [
      134.20250869334942,
      134.68889735276377
    ],
    "p68_range": [
      134.20250869334942,
      134.68889735276377
    ],
    "p95": [
      133.60422752150973,
      134.84543905214892
    ],
    "p95_range": [
      133.60422752150973,
      134.84543905214892
    ],
    "std": 0.30224300689780714
  },
  "Platinum thickness": {
    "best": 49.57311494157828,
    "index": 18,
    "integer": false,
    "label": "Platinum thickness",
    "mean": 49.578798773863724,
    "median": 49.580234807387384,
    "p68": [
      49.550648239829094,
      49.60672069545315
    ],
    "p68_range": [
      49.550648239829094,
      49.60672069545315
    ],
    "p95": [
      49.502720350532314,
      49.64876256804556
    ],
    "p95_range": [
      49.502720350532314,
      49.64876256804556
    ],
    "std": 0.03429715858012538
  },
  "SiOx interface": {
    "best": 2.4564672061038455,
    "index": 3,
    "integer": false,
    "label": "SiOx interface",
    "mean": 2.5066806877862664,
    "median": 2.484166229170016,
    "p68": [
      2.4398623006179014,
      2.5758457391287513
    ],
    "p68_range": [
      2.4398623006179014,
      2.5758457391287513
    ],
    "p95": [
      2.3877436356847137,
      2.750577708447344
    ],
    "p95_range": [
      2.3877436356847137,
      2.750577708447344
    ],
    "std": 0.08872884285544651
  },
  "SiOx irho": {
    "best": 7.852004347884745,
    "index": 4,
    "integer": false,
    "label": "SiOx irho",
    "mean": 7.565343139717743,
    "median": 7.7545884654162025,
    "p68": [
      7.311018841415191,
      7.846160636516668
    ],
    "p68_range": [
      7.311018841415191,
      7.846160636516668
    ],
    "p95": [
      6.0843596064397385,
      7.867641718467905
    ],
    "p95_range": [
      6.0843596064397385,
      7.867641718467905
    ],
    "std": 0.457107636769939
  },
  "SiOx rho": {
    "best": 32.95992982134944,
    "index": 5,
    "integer": false,
    "label": "SiOx rho",
    "mean": 33.185989398395314,
    "median": 33.1002198884248,
    "p68": [
      32.986845846447196,
      33.379854619776076
    ],
    "p68_range": [
      32.986845846447196,
      33.379854619776076
    ],