{
  "Interface interface": {
    "best": 13.168203834932513,
    "index": 8,
    "integer": false,
    "label": "Interface interface",
    "mean": 13.19120233135948,
    "median": 13.19018491015887,
    "p68": [
      13.059810276954218,
      13.324575822627123
    ],
    "p68_range": [
      13.059810276954218,
      13.324575822627123
    ],
    "p95": [
      12.946478238277347,
      13.46008928609295
    ],
    "p95_range": [
      12.946478238277347,
      13.46008928609295
    ],
    "std": 0.13168981644289807
  },
  "Interface irho": {
    "best": -0.1664235437140017,
    "index": 9,
    "integer": false,
    "label": "Interface irho",
    "mean": -0.18904271212606394,
    "median": -0.2077040729136255,
    "p68": [
      -0.3863468831051482,
      0.0077639492031176425
    ],
    "p68_range": [
      -0.3863468831051482,
      0.0077639492031176425
    ],
    "p95": [
      -0.4803614003453657,
      0.15646470922981232
    ],
    "p95_range": [
      -0.4803614003453657,
      0.15646470922981232
    ],
    "std": 0.17972215356905963
  },
  "Interface rho": {
    "best": 60.62671837173999,
    "index": 10,
    "integer": false,
    "label": "Interface rho",
    "mean": 60.721572647053,
    "median": 60.720436031513124,
    "p68": [
      60.56124879087907,
      60.888055606744764
    ],
    "p68_range": [
      60.56124879087907,
      60.888055606744764
    ],
    "p95": [
      60.40273076682626,
      61.05716047505415
    ],
    "p95_range": [
      60.40273076682626,
      61.05716047505415
    ],
    "std": 0.1666086975537866
  },
  "Interface thickness": {
    "best": 109.78908353646112,
    "index": 11,
    "integer": false,
    "label": "Interface thickness",
    "mean": 109.76067886440428,
    "median": 109.76445515609419,
    "p68": [
      109.73036283618359,
      109.79036912495934
    ],
    "p68_range": [
      109.73036283618359,
      109.79036912495934
    ],
    "p95": [
      109.68909311928547,
      109.81503501034783
    ],
    "p95_range": [
      109.68909311928547,
      109.81503501034783
    ],
    "std": 0.03128735218384933
  },
  "Permalloy interface": {
    "best": 5.673906234460558,
    "index": 12,
    "integer": false,
    "label": "Permalloy interface",
    "mean": 5.66870828546043,
    "median": 5.668223927976943,
    "p68": [
      5.6470254687466594,
      5.690588703199615
    ],
    "p68_range": [
      5.6470254687466594,
      5.690588703199615
    ],
    "p95": [
      5.627404139598829,
      5.7141105468824795
    ],
    "p95_range": [
      5.627404139598829,
      5.7141105468824795
    ],
    "std": 0.021658579389024553
  },
  "Permalloy irho": {
    "best": 19.990453186896058,
    "index": 13,
    "integer": false,
    "label": "Permalloy irho",
    "mean": 19.8847600429072,
    "median": 19.91657477309375,
    "p68": [
      19.791303713756122,
      19.976563610596667
    ],
    "p68_range": [
      19.791303713756122,
      19.976563610596667
    ],
    "p95": [
      19.5955234375557,
      19.996706019438285
    ],
    "p95_range": [
      19.5955234375557,
      19.996706019438285
    ],
    "std": 0.10625424762225116
  },
  "Permalloy rho": {
    "best": 86.2059351321768,
    "index": 14,
    "integer": false,
    "label": "Permalloy rho",
    "mean": 86.1702235952187,
    "median": 86.18372703904197,
    "p68": [
      85.78135813598728,
      86.54761799069456
    ],
    "p68_range": [
      85.78135813598728,
      86.54761799069456
    ],
    "p95": [
      85.37007243435919,
      86.89226564939175
    ],
    "p95_range": [
      85.37007243435919,
      86.89226564939175
    ],
    "std": 0.38009652766628477
  },
  "Permalloy thickness": {
    "best": 0.0016920953213488748,
    "index": 15,
    "integer": false,
    "label": "Permalloy thickness",
    "mean": 0.017152705082250762,
    "median": 0.01110439998999688,
    "p68": [
      0.0027274305125612646,
      0.030919180861395622
    ],
    "p68_range": [
      0.0027274305125612646,
      0.030919180861395622
    ],
    "p95": [
      0.00033474708042132106,
      0.06960237716933619
    ],
    "p95_range": [
      0.00033474708042132106,
      0.06960237716933619
    ],
    "std": 0.018309290661144707
  },
  "Platinum interface": {
    "best": 3.681768022062422,
    "index": 16,
    "integer": false,
    "label": "Platinum interface",
    "mean": 3.682479366638622,
    "median": 3.6825503702363203,
    "p68": [
      3.6802713010526915,
      3.684613283490491
    ],
    "p68_range": [
      3.6802713010526915,
      3.684613283490491
    ],
    "p95": [
      3.678446895313818,
      3.686586333239195
    ],
    "p95_range": [
      3.678446895313818,
      3.686586333239195
    ],
    "std": 0.002121237255846228
  },
  "Platinum irho": {
    "best": 8.634619403738945,
    "index": 17,
    "integer": false,
    "label": "Platinum irho",
    "mean": 8.697776515706572,
    "median": 8.6964651433603,
    "p68": [
      8.586503219445214,
      8.804496563677446
    ],
    "p68_range": [
      8.586503219445214,
      8.804496563677446
    ],
    "p95": [
      8.495341404950599,
      8.907641908225136
    ],
    "p95_range": [
      8.495341404950599,
      8.907641908225136
    ],
    "std": 0.10542511966891567
  },
  "Platinum rho": {
    "best": 134.53701784029806,
    "index": 18,
    "integer": false,
    "label": "Platinum rho",
    "mean": 134.50757171986683,
    "median": 134.513125609426,
    "p68": [
      134.37108893554583,
      134.64750126998544
    ],
    "p68_range": [
      134.37108893554583,
      134.64750126998544
    ],
    "p95": [
      134.24378553208203,
      134.76975617294164
    ],
    "p95_range": [
      134.24378553208203,
      134.76975617294164
    ],
    "std": 0.13430124667577623
  },
  "Platinum thickness": {
    "best": 48.11316620230728,
    "index": 19,
    "integer": false,
    "label": "Platinum thickness",
    "mean": 48.12347101962004,
    "median": 48.12283937584002,
    "p68": [
      48.104067889224766,
      48.142964473728284
    ],
    "p68_range": [
      48.104067889224766,
      48.142964473728284
    ],
    "p95": [
      48.08771712326699,
      48.16420153141729
    ],
    "p95_range": [
      48.08771712326699,
      48.16420153141729
    ],
    "std": 0.019477804599306342
  },
  "SiOx interface": {
    "best": 3.270288067612825,
    "index": 4,
    "integer": false,
    "label": "SiOx interface",
    "mean": 3.2659624038099864,
    "median": 3.265822450232462,
    "p68": [
      3.2548665424719125,
      3.27705745020062
    ],
    "p68_range": [
      3.2548665424719125,
      3.27705745020062
    ],
    "p95": [
      3.245324596069228,
      3.2884497774280157
    ],
    "p95_range": [
      3.245324596069228,
      3.2884497774280157
    ],
    "std": 0.011000093149502265
  },
  "SiOx irho": {
    "best": -0.04404341581725989,
    "index": 5,
    "integer": false,
    "label": "SiOx irho",
    "mean": -0.14172223100997552,
    "median": -0.15879671825471384,
    "p68": [
      -0.3940488746352506,
      0.09952914770482013
    ],
    "p68_range": [
      -0.3940488746352506,
      0.09952914770482013
    ],
    "p95": [
      -0.4788849472660873,
      0.32995462945016163
    ],
    "p95_range": [
      -0.4788849472660873,
      0.32995462945016163
    ],
    "std": 0.22480459738418107
  },
  "SiOx rho": {
    "best": 26.279904827643037,
    "index": 6,
    "integer": false,
    "label": "SiOx rho",
    "mean": 26.39304779331099,
    "median": 26.394042169603058,
    "p68": [
      26.163381730085142,
      26.616388057232335
    ],