{
  "Interface interface": {
    "best": 4.323349859149165,
    "index": 7,
    "integer": false,
    "label": "Interface interface",
    "mean": 4.330077826781496,
    "median": 4.329243412232184,
    "p68": [
      4.290751416766018,
      4.369972625168383
    ],
    "p68_range": [
      4.290751416766018,
      4.369972625168383
    ],
    "p95": [
      4.250182235141877,
      4.413157421738829
    ],
    "p95_range": [
      4.250182235141877,
      4.413157421738829
    ],
    "std": 0.04086644966689243
  },
  "Interface irho": {
    "best": 4.420634612462882,
    "index": 8,
    "integer": false,
    "label": "Interface irho",
    "mean": 4.308825183148606,
    "median": 4.366279357072952,
    "p68": [
      4.185101606530778,
      4.4327522164237925
    ],
    "p68_range": [
      4.185101606530778,
      4.4327522164237925
    ],
    "p95": [
      3.84994435169647,
      4.447641393732644
    ],
    "p95_range": [
      3.84994435169647,
      4.447641393732644
    ],
    "std": 0.1638672257974886
  },
  "Interface rho": {
    "best": 49.038554820345816,
    "index": 9,
    "integer": false,
    "label": "Interface rho",
    "mean": 49.2522333489714,
    "median": 49.16084674266878,
    "p68": [
      49.04086269807795,
      49.505444215176105
    ],
    "p68_range": [
      49.04086269807795,
      49.505444215176105
    ],
    "p95": [
      49.006406299451825,
      49.907252517267224
    ],
    "p95_range": [
      49.006406299451825,
      49.907252517267224
    ],
    "std": 0.25410301298271226
  },
  "Interface thickness": {
    "best": 0.6925095134160749,
    "index": 10,
    "integer": false,
    "label": "Interface thickness",
    "mean": 0.6765491052553179,
    "median": 0.6780924702832426,
    "p68": [
      0.5806549865067158,
      0.7682279322731634
    ],
    "p68_range": [
      0.5806549865067158,
      0.7682279322731634
    ],
    "p95": [
      0.4969309039509428,
      0.8549908958423855
    ],
    "p95_range": [
      0.4969309039509428,
      0.8549908958423855
    ],
    "std": 0.0923131343350642
  },
  "Permalloy interface": {
    "best": 6.71599508817854,
    "index": 11,
    "integer": false,
    "label": "Permalloy interface",
    "mean": 6.723659917360545,
    "median": 6.723691335702571,
    "p68": [
      6.712670035488676,
      6.734611905438558
    ],
    "p68_range": [
      6.712670035488676,
      6.734611905438558
    ],
    "p95": [
      6.7027755789900025,
      6.745515864671452
    ],
    "p95_range": [
      6.7027755789900025,
      6.745515864671452
    ],
    "std": 0.010825327253174527
  },
  "Permalloy irho": {
    "best": -0.24853837202277174,
    "index": 12,
    "integer": false,
    "label": "Permalloy irho",
    "mean": -0.44996002697238496,
    "median": -0.44221500127632596,
    "p68": [
      -0.8172849476279364,
      -0.08941408716073741
    ],
    "p68_range": [
      -0.8172849476279364,
      -0.08941408716073741
    ],
    "p95": [
      -0.9710871586013166,
      0.01966907236472279
    ],
    "p95_range": [
      -0.9710871586013166,
      0.01966907236472279
    ],
    "std": 0.30625708465603807
  },
  "Permalloy rho": {
    "best": 66.89156321729098,
    "index": 13,
    "integer": false,
    "label": "Permalloy rho",
    "mean": 66.83333984571085,
    "median": 66.83058999108762,
    "p68": [
      66.73444267750267,
      66.93024714954716
    ],
    "p68_range": [
      66.73444267750267,
      66.93024714954716
    ],
    "p95": [
      66.6407867904603,
      67.04310370564313
    ],
    "p95_range": [
      66.6407867904603,
      67.04310370564313
    ],
    "std": 0.10116720209349997
  },
  "Permalloy thickness": {
    "best": 107.36168308030166,
    "index": 14,
    "integer": false,
    "label": "Permalloy thickness",
    "mean": 107.36160632668775,
    "median": 107.36193313853389,
    "p68": [
      107.29775925080733,
      107.4281854713827
    ],
    "p68_range": [
      107.29775925080733,
      107.4281854713827
    ],
    "p95": [
      107.23856984762686,
      107.4814602159554
    ],
    "p95_range": [
      107.23856984762686,
      107.4814602159554
    ],
    "std": 0.06267518697671173
  },
  "Platinum interface": {
    "best": 3.6722017989072184,
    "index": 15,
    "integer": false,
    "label": "Platinum interface",
    "mean": 3.670743301378178,
    "median": 3.670706020272609,
    "p68": [
      3.668721505213903,
      3.6727377522208147
    ],
    "p68_range": [
      3.668721505213903,
      3.6727377522208147
    ],
    "p95": [
      3.66703307354655,
      3.6745588073662296
    ],
    "p95_range": [
      3.66703307354655,
      3.6745588073662296
    ],
    "std": 0.0019569215402913853
  },
  "Platinum irho": {
    "best": 8.450635853907666,
    "index": 16,
    "integer": false,
    "label": "Platinum irho",
    "mean": 8.448895518002582,
    "median": 8.449544218473356,
    "p68": [
      8.447135024672592,
      8.450627557314434
    ],
    "p68_range": [
      8.447135024672592,
      8.450627557314434
    ],
    "p95": [
      8.443041990629053,
      8.450948293087864
    ],
    "p95_range": [
      8.443041990629053,
      8.450948293087864
    ],
    "std": 0.002141461152175982
  },
  "Platinum rho": {
    "best": 134.61240450969157,
    "index": 17,
    "integer": false,
    "label": "Platinum rho",
    "mean": 134.55819695527865,
    "median": 134.5625465315291,
    "p68": [
      134.4517260099599,
      134.66358774629202
    ],
    "p68_range": [
      134.4517260099599,
      134.66358774629202
    ],
    "p95": [
      134.34550633403774,
      134.7637729751399
    ],
    "p95_range": [
      134.34550633403774,
      134.7637729751399
    ],
    "std": 0.10570441913723047
  },
  "Platinum thickness": {
    "best": 49.5789986933048,
    "index": 18,
    "integer": false,
    "label": "Platinum thickness",
    "mean": 49.579600332742054,
    "median": 49.57955232129475,
    "p68": [
      49.5666788524426,
      49.59254041383426
    ],
    "p68_range": [
      49.5666788524426,
      49.59254041383426
    ],
    "p95": [
      49.55511553362318,
      49.60406041475799
    ],
    "p95_range": [
      49.55511553362318,
      49.60406041475799
    ],
    "std": 0.012772147614965722
  },
  "SiOx interface": {
    "best": 2.4361192743966726,
    "index": 3,
    "integer": false,
    "label": "SiOx interface",
    "mean": 2.4456551418697234,
    "median": 2.4443547420868854,
    "p68": [
      2.4214534806276866,
      2.469353500253745
    ],
    "p68_range": [
      2.4214534806276866,
      2.469353500253745
    ],
    "p95": [
      2.4004665386173434,
      2.496149332666382
    ],
    "p95_range": [
      2.4004665386173434,
      2.496149332666382
    ],
    "std": 0.02442105397759729
  },
  "SiOx irho": {
    "best": 7.850563325431582,
    "index": 4,
    "integer": false,
    "label": "SiOx irho",
    "mean": 7.847745823791752,
    "median": 7.854387061727626,
    "p68": [
      7.828588197622755,
      7.86662324981882
    ],
    "p68_range": [
      7.828588197622755,
      7.86662324981882
    ],
    "p95": [
      7.788491202792477,
      7.870351799196709
    ],
    "p95_range": [
      7.788491202792477,
      7.870351799196709
    ],
    "std": 0.022511702370427253
  },
  "SiOx rho": {
    "best": 32.95003826780986,
    "index": 5,
    "integer": false,
    "label": "SiOx rho",
    "mean": 32.98298175148738,
    "median": 32.9705317128397,
    "p68": [
      32.94877315148514,
      33.02105838280148
    ],
    "p68_range": [
      32.94877315148514,
      33.02105838280148
    ],