{
  "Interface interface": {
    "best": 21.414751983203715,
    "index": 8,
    "integer": false,
    "label": "Interface interface",
    "mean": 21.604415835276587,
    "median": 21.6136769729038,
    "p68": [
      21.05603618269543,
      22.133771703640463
    ],
    "p68_range": [
      21.05603618269543,
      22.133771703640463
    ],
    "p95": [
      20.541925970302824,
      22.665778710519014
    ],
    "p95_range": [
      20.541925970302824,
      22.665778710519014
    ],
    "std": 0.5439232293761594
  },
  "Interface irho": {
    "best": -0.004872381206233026,
    "index": 9,
    "integer": false,
    "label": "Interface irho",
    "mean": -0.23887700638908047,
    "median": -0.2366512159616401,
    "p68": [
      -0.41019620697554693,
      -0.06762766488855634
    ],
    "p68_range": [
      -0.41019620697554693,
      -0.06762766488855634
    ],
    "p95": [
      -0.4819654170028439,
      0.0014261599793565938
    ],
    "p95_range": [
      -0.4819654170028439,
      0.0014261599793565938
    ],
    "std": 0.14532251642255023
  },
  "Interface rho": {
    "best": 60.483637520863276,
    "index": 10,
    "integer": false,
    "label": "Interface rho",
    "mean": 60.48984524835095,
    "median": 60.48299550538837,
    "p68": [
      60.1956202547459,
      60.78403762255809
    ],
    "p68_range": [
      60.1956202547459,
      60.78403762255809
    ],
    "p95": [
      59.956545698052416,
      61.09930550696
    ],
    "p95_range": [
      59.956545698052416,
      61.09930550696
    ],
    "std": 0.2907493172192773
  },
  "Interface thickness": {
    "best": 98.52363028083681,
    "index": 11,
    "integer": false,
    "label": "Interface thickness",
    "mean": 98.49316789829498,
    "median": 98.50169713668743,
    "p68": [
      98.43001380973693,
      98.55707646897702
    ],
    "p68_range": [
      98.43001380973693,
      98.55707646897702
    ],
    "p95": [
      98.33214452525768,
      98.60054288764736
    ],
    "p95_range": [
      98.33214452525768,
      98.60054288764736
    ],
    "std": 0.06824780960720576
  },
  "Permalloy interface": {
    "best": 6.127710984699726,
    "index": 12,
    "integer": false,
    "label": "Permalloy interface",
    "mean": 6.1302771030322845,
    "median": 6.1302430198007425,
    "p68": [
      6.11993365918786,
      6.14053561138574
    ],
    "p68_range": [
      6.11993365918786,
      6.14053561138574
    ],
    "p95": [
      6.1097064039524405,
      6.149692442029583
    ],
    "p95_range": [
      6.1097064039524405,
      6.149692442029583
    ],
    "std": 0.010203768994389918
  },
  "Permalloy irho": {
    "best": 5.471989153293394,
    "index": 13,
    "integer": false,
    "label": "Permalloy irho",
    "mean": 5.563496139668687,
    "median": 5.565133090924624,
    "p68": [
      5.11328136616822,
      6.011118817834783
    ],
    "p68_range": [
      5.11328136616822,
      6.011118817834783
    ],
    "p95": [
      4.67567001504536,
      6.410097079899137
    ],
    "p95_range": [
      4.67567001504536,
      6.410097079899137
    ],
    "std": 0.4415056467338966
  },
  "Permalloy rho": {
    "best": 74.99064419771227,
    "index": 14,
    "integer": false,
    "label": "Permalloy rho",
    "mean": 74.94292798770482,
    "median": 74.95788385476398,
    "p68": [
      74.89624213302832,
      74.98880846880078
    ],
    "p68_range": [
      74.89624213302832,
      74.98880846880078
    ],
    "p95": [
      74.79889781439712,
      74.99829010620678
    ],
    "p95_range": [
      74.79889781439712,
      74.99829010620678
    ],
    "std": 0.052109019904166
  },
  "Permalloy thickness": {
    "best": 10.005604803512437,
    "index": 15,
    "integer": false,
    "label": "Permalloy thickness",
    "mean": 10.047846122091064,
    "median": 10.031890708679851,
    "p68": [
      10.0065007286819,
      10.090474777699823
    ],
    "p68_range": [
      10.0065007286819,
      10.090474777699823
    ],
    "p95": [
      10.00106451818035,
      10.200889779373423
    ],
    "p95_range": [
      10.00106451818035,
      10.200889779373423
    ],
    "std": 0.052161680249402306
  },
  "Platinum interface": {
    "best": 3.6916668169721665,
    "index": 16,
    "integer": false,
    "label": "Platinum interface",
    "mean": 3.6892484488645456,
    "median": 3.689174054679038,
    "p68": [
      3.687219308538901,
      3.6913171270504175
    ],
    "p68_range": [
      3.687219308538901,
      3.6913171270504175
    ],
    "p95": [
      3.685456717982697,
      3.693404301668375
    ],
    "p95_range": [
      3.685456717982697,
      3.693404301668375
    ],
    "std": 0.0020351535130062
  },
  "Platinum irho": {
    "best": 10.375270055846297,
    "index": 17,
    "integer": false,
    "label": "Platinum irho",
    "mean": 10.317797924335112,
    "median": 10.315539409134445,
    "p68": [
      10.215362118403254,
      10.420559672215035
    ],
    "p68_range": [
      10.215362118403254,
      10.420559672215035
    ],
    "p95": [
      10.121386277356288,
      10.527100673592338
    ],
    "p95_range": [
      10.121386277356288,
      10.527100673592338
    ],
    "std": 0.10236846938367113
  },
  "Platinum rho": {
    "best": 133.97908475491772,
    "index": 18,
    "integer": false,
    "label": "Platinum rho",
    "mean": 134.01419069998596,
    "median": 134.0110653228936,
    "p68": [
      133.88891555978833,
      134.128927914552
    ],
    "p68_range": [
      133.88891555978833,
      134.128927914552
    ],
    "p95": [
      133.79582887673527,
      134.25975170144753
    ],
    "p95_range": [
      133.79582887673527,
      134.25975170144753
    ],
    "std": 0.11880479379917788
  },
  "Platinum thickness": {
    "best": 49.336139357271676,
    "index": 19,
    "integer": false,
    "label": "Platinum thickness",
    "mean": 49.32152469181929,
    "median": 49.32089783811877,
    "p68": [
      49.28314384781391,
      49.362174477184375
    ],
    "p68_range": [
      49.28314384781391,
      49.362174477184375
    ],
    "p95": [
      49.24464759124637,
      49.39607813435617
    ],
    "p95_range": [
      49.24464759124637,
      49.39607813435617
    ],
    "std": 0.038797048517568954
  },
  "SiOx interface": {
    "best": 3.283268710632888,
    "index": 4,
    "integer": false,
    "label": "SiOx interface",
    "mean": 3.281114486803287,
    "median": 3.280993940365696,
    "p68": [
      3.2703555788769187,
      3.291084810230365
    ],
    "p68_range": [
      3.2703555788769187,
      3.291084810230365
    ],
    "p95": [
      3.2612137059211688,
      3.3034775524161124
    ],
    "p95_range": [
      3.2612137059211688,
      3.3034775524161124
    ],
    "std": 0.01049827282484323
  },
  "SiOx irho": {
    "best": 0.1709939097887045,
    "index": 5,
    "integer": false,
    "label": "SiOx irho",
    "mean": 0.1816805395389747,
    "median": 0.1784540342089332,
    "p68": [
      -0.24817809897416712,
      0.5783708981095287
    ],
    "p68_range": [
      -0.24817809897416712,
      0.5783708981095287
    ],
    "p95": [
      -0.4555085769673153,
      0.9054460861317537
    ],
    "p95_range": [
      -0.4555085769673153,
      0.9054460861317537
    ],
    "std": 0.3804585100757173
  },
  "SiOx rho": {
    "best": 25.717308221422027,
    "index": 6,
    "integer": false,
    "label": "SiOx rho",
    "mean": 25.724338536296024,
    "median": 25.723880207139267,
    "p68": [
      25.36423812981618,
      26.07639197514043
    ],
    "p68_range": [
      25.36423812981618,
      26.07639197514043
    ],