{
  "Interface interface": {
    "best": 11.651537708410476,
    "index": 8,
    "integer": false,
    "label": "Interface interface",
    "mean": 11.591808466397646,
    "median": 11.597022522058614,
    "p68": [
      11.282222009673305,
      11.91010272510797
    ],
    "p68_range": [
      11.282222009673305,
      11.91010272510797
    ],
    "p95": [
      10.907246504292779,
      12.206150265552965
    ],
    "p95_range": [
      10.907246504292779,
      12.206150265552965
    ],
    "std": 0.3189536033043797
  },
  "Interface irho": {
    "best": -0.09315926964592958,
    "index": 9,
    "integer": false,
    "label": "Interface irho",
    "mean": -0.22943099818252785,
    "median": -0.2295073663728107,
    "p68": [
      -0.3981508467617843,
      -0.054606038869839266
    ],
    "p68_range": [
      -0.3981508467617843,
      -0.054606038869839266
    ],
    "p95": [
      -0.48110753219371105,
      0.01969857034517751
    ],
    "p95_range": [
      -0.48110753219371105,
      0.01969857034517751
    ],
    "std": 0.1483231262316252
  },
  "Interface rho": {
    "best": 60.90988047580998,
    "index": 10,
    "integer": false,
    "label": "Interface rho",
    "mean": 61.04055434327464,
    "median": 61.046786768658606,
    "p68": [
      60.775981167141445,
      61.322092353410305
    ],
    "p68_range": [
      60.775981167141445,
      61.322092353410305
    ],
    "p95": [
      60.49067591701638,
      61.55244717916809
    ],
    "p95_range": [
      60.49067591701638,
      61.55244717916809
    ],
    "std": 0.2686214669024852
  },
  "Interface thickness": {
    "best": 90.73885411166138,
    "index": 11,
    "integer": false,
    "label": "Interface thickness",
    "mean": 90.9729738946765,
    "median": 90.99443618854545,
    "p68": [
      90.54760068706851,
      91.39945391548882
    ],
    "p68_range": [
      90.54760068706851,
      91.39945391548882
    ],
    "p95": [
      90.13842383263865,
      91.72151021018566
    ],
    "p95_range": [
      90.13842383263865,
      91.72151021018566
    ],
    "std": 0.4173515848262385
  },
  "Permalloy interface": {
    "best": 6.368805921227634,
    "index": 12,
    "integer": false,
    "label": "Permalloy interface",
    "mean": 6.375915931091569,
    "median": 6.3760289545136795,
    "p68": [
      6.365894306647303,
      6.385742367167214
    ],
    "p68_range": [
      6.365894306647303,
      6.385742367167214
    ],
    "p95": [
      6.356542764907174,
      6.39663646989283
    ],
    "p95_range": [
      6.356542764907174,
      6.39663646989283
    ],
    "std": 0.010086312817214435
  },
  "Permalloy irho": {
    "best": -0.6970681525668737,
    "index": 13,
    "integer": false,
    "label": "Permalloy irho",
    "mean": -1.3641786617441922,
    "median": -1.2910133644686943,
    "p68": [
      -2.4157575107223264,
      -0.37846419095649675
    ],
    "p68_range": [
      -2.4157575107223264,
      -0.37846419095649675
    ],
    "p95": [
      -2.900885996173297,
      0.005683681635493366
    ],
    "p95_range": [
      -2.900885996173297,
      0.005683681635493366
    ],
    "std": 0.8643816176456652
  },
  "Permalloy rho": {
    "best": 69.98651756244531,
    "index": 14,
    "integer": false,
    "label": "Permalloy rho",
    "mean": 69.9687623691026,
    "median": 69.97749431960906,
    "p68": [
      69.94405453461195,
      69.99402755224952
    ],
    "p68_range": [
      69.94405453461195,
      69.99402755224952
    ],
    "p95": [
      69.89456904482014,
      69.99888331095579
    ],
    "p95_range": [
      69.89456904482014,
      69.99888331095579
    ],
    "std": 0.029953292772884457
  },
  "Permalloy thickness": {
    "best": 17.353715630629225,
    "index": 15,
    "integer": false,
    "label": "Permalloy thickness",
    "mean": 17.119123224174057,
    "median": 17.089951235762932,
    "p68": [
      16.706236646269815,
      17.536376986843244
    ],
    "p68_range": [
      16.706236646269815,
      17.536376986843244
    ],
    "p95": [
      16.3759595103743,
      17.933480028081085
    ],
    "p95_range": [
      16.3759595103743,
      17.933480028081085
    ],
    "std": 0.4122312069224133
  },
  "Platinum interface": {
    "best": 3.6930911522431074,
    "index": 16,
    "integer": false,
    "label": "Platinum interface",
    "mean": 3.6945874830506877,
    "median": 3.694561775999906,
    "p68": [
      3.6925287730126968,
      3.696685817320786
    ],
    "p68_range": [
      3.6925287730126968,
      3.696685817320786
    ],
    "p95": [
      3.69052348908181,
      3.698437271785464
    ],
    "p95_range": [
      3.69052348908181,
      3.698437271785464
    ],
    "std": 0.0020548407392901396
  },
  "Platinum irho": {
    "best": 10.958494715336215,
    "index": 17,
    "integer": false,
    "label": "Platinum irho",
    "mean": 10.96818484240597,
    "median": 10.963603426240054,
    "p68": [
      10.897569286367307,
      11.041295035965321
    ],
    "p68_range": [
      10.897569286367307,
      11.041295035965321
    ],
    "p95": [
      10.825996393326239,
      11.118023832395693
    ],
    "p95_range": [
      10.825996393326239,
      11.118023832395693
    ],
    "std": 0.0731626019983118
  },
  "Platinum rho": {
    "best": 133.89971402668945,
    "index": 18,
    "integer": false,
    "label": "Platinum rho",
    "mean": 133.96946218000477,
    "median": 133.96846825355908,
    "p68": [
      133.90136097172515,
      134.035243586013
    ],
    "p68_range": [
      133.90136097172515,
      134.035243586013
    ],
    "p95": [
      133.8456988920563,
      134.1083260881864
    ],
    "p95_range": [
      133.8456988920563,
      134.1083260881864
    ],
    "std": 0.06730428059917135
  },
  "Platinum thickness": {
    "best": 49.72092629524424,
    "index": 19,
    "integer": false,
    "label": "Platinum thickness",
    "mean": 49.720278629943294,
    "median": 49.72011259028675,
    "p68": [
      49.70476465186676,
      49.73628834880133
    ],
    "p68_range": [
      49.70476465186676,
      49.73628834880133
    ],
    "p95": [
      49.68770914062007,
      49.75052815615401
    ],
    "p95_range": [
      49.68770914062007,
      49.75052815615401
    ],
    "std": 0.01576266164371103
  },
  "SiOx interface": {
    "best": 3.2676209309519035,
    "index": 4,
    "integer": false,
    "label": "SiOx interface",
    "mean": 3.2638209600083874,
    "median": 3.264035125873224,
    "p68": [
      3.2528765050074058,
      3.2750166092840134
    ],
    "p68_range": [
      3.2528765050074058,
      3.2750166092840134
    ],
    "p95": [
      3.2420310302239117,
      3.2858567852518634
    ],
    "p95_range": [
      3.2420310302239117,
      3.2858567852518634
    ],
    "std": 0.011026910576172826
  },
  "SiOx irho": {
    "best": 0.7800275959545444,
    "index": 5,
    "integer": false,
    "label": "SiOx irho",
    "mean": 0.8159508797751372,
    "median": 0.8244893687239525,
    "p68": [
      0.5102803347794617,
      1.1376422029924
    ],
    "p68_range": [
      0.5102803347794617,
      1.1376422029924
    ],
    "p95": [
      0.06320367240838384,
      1.457120222814285
    ],
    "p95_range": [
      0.06320367240838384,
      1.457120222814285
    ],
    "std": 0.3436793225593708
  },
  "SiOx rho": {
    "best": 26.508567206260544,
    "index": 6,
    "integer": false,
    "label": "SiOx rho",
    "mean": 26.66103421828689,
    "median": 26.655403882755422,
    "p68": [
      26.32926157165759,
      27.002281199163217
    ],
    "p68_range": [
      26.32926157165759,
      27.002281199163217
    ],