{
  "Interface interface": {
    "best": 15.191016592480828,
    "index": 8,
    "integer": false,
    "label": "Interface interface",
    "mean": 15.270630583386646,
    "median": 15.25717605089217,
    "p68": [
      14.984727550182903,
      15.567454502483791
    ],
    "p68_range": [
      14.984727550182903,
      15.567454502483791
    ],
    "p95": [
      14.765427454531538,
      15.856923124389777
    ],
    "p95_range": [
      14.765427454531538,
      15.856923124389777
    ],
    "std": 0.2844444621370161
  },
  "Interface irho": {
    "best": -0.15293340840029113,
    "index": 9,
    "integer": false,
    "label": "Interface irho",
    "mean": -0.22508411598335576,
    "median": -0.2261733263092176,
    "p68": [
      -0.40453427439414313,
      -0.048316894796916525
    ],
    "p68_range": [
      -0.40453427439414313,
      -0.048316894796916525
    ],
    "p95": [
      -0.4851031504667912,
      0.040294686276579415
    ],
    "p95_range": [
      -0.4851031504667912,
      0.040294686276579415
    ],
    "std": 0.15514365071046146
  },
  "Interface rho": {
    "best": 60.43899915555455,
    "index": 10,
    "integer": false,
    "label": "Interface rho",
    "mean": 60.40231987715942,
    "median": 60.39753824389005,
    "p68": [
      60.24125513532436,
      60.569600958239754
    ],
    "p68_range": [
      60.24125513532436,
      60.569600958239754
    ],
    "p95": [
      60.07383743997361,
      60.74524219320574
    ],
    "p95_range": [
      60.07383743997361,
      60.74524219320574
    ],
    "std": 0.16535003170512474
  },
  "Interface thickness": {
    "best": 108.96544271034894,
    "index": 11,
    "integer": false,
    "label": "Interface thickness",
    "mean": 108.92707654687605,
    "median": 108.93252471144142,
    "p68": [
      108.89625012620256,
      108.95968137602334
    ],
    "p68_range": [
      108.89625012620256,
      108.95968137602334
    ],
    "p95": [
      108.83858093075939,
      108.97768790626229
    ],
    "p95_range": [
      108.83858093075939,
      108.97768790626229
    ],
    "std": 0.035519789876970374
  },
  "Permalloy interface": {
    "best": 5.808742938940723,
    "index": 12,
    "integer": false,
    "label": "Permalloy interface",
    "mean": 5.8139834425052825,
    "median": 5.8131513933534995,
    "p68": [
      5.791958741514097,
      5.8366698019645
    ],
    "p68_range": [
      5.791958741514097,
      5.8366698019645
    ],
    "p95": [
      5.772039309227803,
      5.857188330141333
    ],
    "p95_range": [
      5.772039309227803,
      5.857188330141333
    ],
    "std": 0.021578754006377363
  },
  "Permalloy irho": {
    "best": 9.998082658828215,
    "index": 13,
    "integer": false,
    "label": "Permalloy irho",
    "mean": 9.9256950276774,
    "median": 9.94914015352977,
    "p68": [
      9.861210546803305,
      9.985066903519732
    ],
    "p68_range": [
      9.861210546803305,
      9.985066903519732
    ],
    "p95": [
      9.70877415460291,
      9.997675796397601
    ],
    "p95_range": [
      9.70877415460291,
      9.997675796397601
    ],
    "std": 0.07466010987708217
  },
  "Permalloy rho": {
    "best": 81.71554753852136,
    "index": 14,
    "integer": false,
    "label": "Permalloy rho",
    "mean": 81.58151538522229,
    "median": 81.59644896627029,
    "p68": [
      81.17636872349284,
      81.95170240786067
    ],
    "p68_range": [
      81.17636872349284,
      81.95170240786067
    ],
    "p95": [
      80.81855618050454,
      82.30307043231043
    ],
    "p95_range": [
      80.81855618050454,
      82.30307043231043
    ],
    "std": 0.38032410989586785
  },
  "Permalloy thickness": {
    "best": 0.003091456222880808,
    "index": 15,
    "integer": false,
    "label": "Permalloy thickness",
    "mean": 0.02567221370259615,
    "median": 0.014928185550738443,
    "p68": [
      0.0036500708536648485,
      0.04795052346116817
    ],
    "p68_range": [
      0.0036500708536648485,
      0.04795052346116817
    ],
    "p95": [
      0.00045119226272619117,
      0.1100655189252323
    ],
    "p95_range": [
      0.00045119226272619117,
      0.1100655189252323
    ],
    "std": 0.02930396594658163
  },
  "Platinum interface": {
    "best": 3.6800194320237765,
    "index": 16,
    "integer": false,
    "label": "Platinum interface",
    "mean": 3.6812322353183426,
    "median": 3.681275565858811,
    "p68": [
      3.6790801791184484,
      3.683408473618931
    ],
    "p68_range": [
      3.6790801791184484,
      3.683408473618931
    ],
    "p95": [
      3.6771298756857407,
      3.6853233662048983
    ],
    "p95_range": [
      3.6771298756857407,
      3.6853233662048983
    ],
    "std": 0.0021296692508787707
  },
  "Platinum irho": {
    "best": 8.895804355202355,
    "index": 17,
    "integer": false,
    "label": "Platinum irho",
    "mean": 8.918782385647283,
    "median": 8.919218511250268,
    "p68": [
      8.80386149323043,
      9.033876398804976
    ],
    "p68_range": [
      8.80386149323043,
      9.033876398804976
    ],
    "p95": [
      8.700429791049139,
      9.130948183062856
    ],
    "p95_range": [
      8.700429791049139,
      9.130948183062856
    ],
    "std": 0.10960798108915491
  },
  "Platinum rho": {
    "best": 134.42926989882503,
    "index": 18,
    "integer": false,
    "label": "Platinum rho",
    "mean": 134.43040046301223,
    "median": 134.4289142592577,
    "p68": [
      134.2896171663618,
      134.56588223705518
    ],
    "p68_range": [
      134.2896171663618,
      134.56588223705518
    ],
    "p95": [
      134.16440381684956,
      134.70543389411569
    ],
    "p95_range": [
      134.16440381684956,
      134.70543389411569
    ],
    "std": 0.1399196911105931
  },
  "Platinum thickness": {
    "best": 48.931542548902804,
    "index": 19,
    "integer": false,
    "label": "Platinum thickness",
    "mean": 48.93994421806221,
    "median": 48.94049276384452,
    "p68": [
      48.92335924465021,
      48.9560912513594
    ],
    "p68_range": [
      48.92335924465021,
      48.9560912513594
    ],
    "p95": [
      48.90952706445826,
      48.97112387471179
    ],
    "p95_range": [
      48.90952706445826,
      48.97112387471179
    ],
    "std": 0.01600071115413754
  },
  "SiOx interface": {
    "best": 3.2615236620825687,
    "index": 4,
    "integer": false,
    "label": "SiOx interface",
    "mean": 3.2650492730362006,
    "median": 3.2652699973493395,
    "p68": [
      3.2544637955872595,
      3.2755624007332536
    ],
    "p68_range": [
      3.2544637955872595,
      3.2755624007332536
    ],
    "p95": [
      3.242950863377842,
      3.28675038945955
    ],
    "p95_range": [
      3.242950863377842,
      3.28675038945955
    ],
    "std": 0.010956859985697013
  },
  "SiOx irho": {
    "best": -0.38609317289336575,
    "index": 5,
    "integer": false,
    "label": "SiOx irho",
    "mean": -0.14406912029020863,
    "median": -0.14087871018338538,
    "p68": [
      -0.3811892436119016,
      0.064487878569086
    ],
    "p68_range": [
      -0.3811892436119016,
      0.064487878569086
    ],
    "p95": [
      -0.480793546302,
      0.27816425494274255
    ],
    "p95_range": [
      -0.480793546302,
      0.27816425494274255
    ],
    "std": 0.20896876407624862
  },
  "SiOx rho": {
    "best": 26.252280064174982,
    "index": 6,
    "integer": false,
    "label": "SiOx rho",
    "mean": 26.117007192355313,
    "median": 26.1190546565783,
    "p68": [
      25.91026411819456,
      26.32556524632764
    ],
    "p68_range": [
      25.91026411819456,
      26.32556524632764
    ],